identifier,cluster
1 27
2 27
3 27
4 27
5 -1
6 44
7 44
8 4
9 -1
10 -1
11 79
12 44
13 35
14 35
15 35
16 20
17 52
18 -1
19 52
20 52
21 52
22 52
25 36
26 36
28 36
31 47
34 103
35 103
36 103
37 103
38 127
39 29
40 29
41 29
43 29
45 29
46 88
47 -1
48 52
49 90
50 90
51 -1
52 4
54 -1
55 -1
56 -1
58 -1
59 43
60 32
61 11
62 11
63 13
64 52
65 52
66 65
67 -1
68 93
70 42
71 57
72 109
73 -1
74 13
75 74
76 130
77 120
78 52
79 -1
80 44
81 44
82 44
83 105
84 105
85 -1
86 30
87 130
88 119
89 119
90 5
91 5
92 105
93 42
94 48
95 -1
96 -1
97 113
98 113
99 4
101 37
102 37
103 -1
104 130
105 120
106 -1
107 -1
108 -1
109 47
110 20
111 37
112 117
113 125
114 130
115 -1
116 44
117 -1
118 44
119 44
120 35
121 37
122 -1
123 -1
124 122
125 27
126 27
127 -1
129 37
130 109
131 109
132 109
133 79
134 44
135 44
136 44
137 47
138 -1
139 11
140 11
141 36
142 -1
143 47
144 19
148 102
149 102
150 109
151 111
152 -1
153 44
154 44
155 44
156 65
157 -1
159 -1
160 6
161 6
162 37
163 122
165 122
166 -1
167 -1
168 44
169 -1
170 44
171 -1
172 20
173 20
174 35
175 35
176 -1
177 -1
178 -1
179 44
180 111
181 111
182 -1
183 -1
184 21
185 21
186 73
187 13
188 113
189 6
190 6
191 68
192 -1
193 111
194 111
195 111
196 -1
197 -1
198 125
199 37
200 37
201 5
202 107
203 -1
204 90
205 90
207 -1
208 36
209 44
210 44
211 -1
212 -1
213 -1
214 20
215 -1
216 102
217 102
218 -1
219 90
220 90
221 90
222 90
223 -1
224 -1
225 -1
226 -1
228 -1
229 -1
230 5
231 5
232 5
233 5
234 5
235 21
236 21
237 21
238 -1
239 -1
240 -1
241 130
242 -1
243 -1
244 112
245 112
246 88
247 88
248 104
249 -1
250 -1
251 88
252 -1
253 96
254 92
255 34
256 34
257 -1
258 -1
259 101
260 109
261 -1
262 109
263 41
264 95
265 -1
266 -1
267 121
268 101
269 52
270 75
271 44
272 5
273 45
274 37
275 44
276 44
277 102
278 102
279 37
280 44
281 44
282 44
283 44
284 44
285 91
286 -1
287 102
288 63
289 65
290 11
291 36
292 130
293 88
294 36
295 -1
296 13
297 44
298 101
299 21
300 21
301 21
302 35
303 82
304 102
305 105
306 102
307 -1
308 44
309 36
310 -1
311 -1
312 34
313 113
314 120
315 32
316 109
317 36
318 105
319 44
320 130
321 102
322 -1
323 37
324 44
325 44
326 -1
327 116
330 44
331 -1
332 121
333 36
334 36
335 125
336 -1
337 125
338 6
339 -1
340 28
341 -1
342 -1
350 44
352 -1
354 -1
355 57
356 57
357 -1
358 44
359 37
360 -1
361 102
362 102
363 44
364 96
365 93
366 -1
367 88
368 -1
369 -1
370 -1
371 -1
372 44
373 44
374 44
375 44
376 44
377 44
378 44
379 44
380 62
382 105
384 130
385 130
386 -1
387 113
388 -1
389 47
390 44
391 -1
392 -1
393 -1
394 52
395 -1
396 113
397 79
398 -1
399 6
400 6
401 82
402 6
403 119
404 34
405 107
406 -1
407 -1
408 6
409 -1
410 -1
411 -1
412 -1
413 120
414 -1
415 27
416 44
417 -1
418 60
419 -1
420 36
421 82
422 42
423 42
424 -1
425 113
426 123
427 -1
428 -1
429 37
430 126
431 62
432 -1
433 111
434 36
435 11
438 44
439 44
440 60
441 60
444 84
446 34
447 86
448 73
449 103
450 44
451 44
452 -1
453 -1
454 63
455 53
456 20
457 -1
458 12
459 12
460 63
461 12
462 88
463 -1
464 -1
465 12
466 12
467 102
468 12
469 12
470 12
471 107
472 79
473 41
474 112
475 -1
476 96
477 96
478 31
479 31
480 96
481 96
482 91
483 12
484 -1
485 -1
486 -1
487 41
488 41
489 -1
490 41
491 41
492 -1
493 -1
494 -1
495 82
496 12
497 12
498 -1
499 41
500 -1
501 -1
502 124
503 -1
504 -1
506 21
507 21
508 57
509 57
510 -1
511 -1
512 -1
513 -1
514 34
515 34
516 -1
520 -1
522 -1
523 80
524 116
525 116
526 83
527 10
528 -1
529 55
532 55
533 28
534 -1
539 6
542 20
546 37
547 20
549 52
550 52
557 -1
558 35
561 41
562 41
563 41
564 120
566 -1
567 29
568 29
569 111
570 109
572 109
574 47
577 -1
578 -1
579 12
580 85
581 12
582 12
583 12
584 12
585 12
586 12
587 12
588 -1
589 -1
590 37
591 37
592 -1
593 44
594 75
595 -1
596 -1
597 -1
598 41
599 -1
600 -1
601 -1
602 19
603 13
604 -1
605 -1
606 41
607 41
608 41
609 41
610 105
612 105
614 118
615 -1
616 118
617 41
618 41
619 41
620 -1
621 97
622 -1
623 41
624 -1
625 -1
626 41
627 -1
628 121
629 121
630 -1
631 36
632 -1
634 -1
637 44
638 37
639 115
640 115
642 -1
643 37
644 104
645 104
646 104
649 104
650 -1
651 59
652 -1
655 52
656 52
657 52
658 100
660 105
661 -1
662 35
663 41
664 -1
665 32
666 -1
667 -1
668 -1
669 34
670 52
671 13
672 16
673 116
674 11
675 120
676 -1
677 109
678 -1
679 62
680 62
681 -1
682 -1
683 52
684 44
685 52
686 52
687 52
688 52
689 52
690 37
691 37
692 36
693 37
694 113
695 -1
696 5
697 105
698 -1
699 109
700 13
701 109
702 109
703 111
704 109
705 -1
706 -1
707 -1
708 20
709 30
710 -1
711 124
712 -1
713 -1
714 4
715 34
716 109
717 109
718 101
719 130
720 -1
721 -1
722 -1
723 -1
724 -1
728 -1
731 -1
732 -1
733 -1
734 82
735 42
736 107
737 111
738 82
739 96
740 73
741 20
742 27
743 109
744 109
745 109
746 -1
747 -1
748 -1
749 -1
750 96
751 -1
752 57
753 120
754 -1
756 19
760 63
762 130
763 124
764 44
765 44
766 44
767 44
768 -1
769 35
770 105
771 109
772 109
773 109
774 109
776 -1
777 45
778 121
779 128
780 36
781 -1
782 45
783 -1
784 36
785 6
786 57
787 57
788 57
789 57
790 44
791 22
792 -1
793 -1
794 -1
795 -1
796 -1
797 44
800 32
801 120
802 120
803 5
804 130
805 130
806 -1
807 19
809 41
811 44
812 46
813 41
814 79
815 41
816 41
817 63
818 63
819 63
820 -1
821 130
822 130
823 44
824 37
825 93
826 122
827 -1
828 41
829 -1
830 112
831 105
832 52
833 -1
834 -1
835 130
836 44
837 75
838 32
839 113
840 19
841 19
842 96
843 109
844 109
845 109
846 44
847 101
848 33
849 -1
850 45
851 -1
852 105
853 105
854 120
855 120
856 -1
857 -1
858 44
859 37
860 -1
861 -1
862 117
863 117
864 117
865 90
866 109
870 -1
871 105
872 95
874 57
875 4
876 4
877 57
879 57
884 44
885 44
887 57
891 44
897 44
899 42
901 63
902 18
905 37
908 -1
909 -1
910 44
911 57
912 47
913 -1
916 36
917 75
918 75
923 35
926 35
927 5
928 113
929 111
930 -1
931 -1
933 111
937 82
939 121
943 35
944 36
945 36
946 -1
952 88
953 88
955 117
961 52
965 19
966 119
967 27
969 27
971 27
972 27
974 6
975 -1
979 105
980 117
983 27
987 -1
989 44
990 44
991 42
993 19
994 13
995 -1
996 -1
997 57
998 19
999 -1
1000 44
1001 -1
1002 57
1003 36
1004 70
1005 107
1006 107
1007 37
1008 -1
1010 47
1011 100
1012 -1
1013 -1
1014 -1
1015 -1
1016 -1
1017 37
1018 115
1019 130
1023 27
1024 27
1025 47
1026 -1
1027 107
1028 -1
1029 -1
1030 11
1031 -1
1032 -1
1033 44
1034 113
1035 -1
1036 -1
1037 47
1038 63
1039 6
1040 -1
1041 32
1042 57
1043 57
1044 57
1045 -1
1046 44
1047 111
1048 -1
1049 37
1050 130
1051 -1
1052 52
1053 52
1054 -1
1055 128
1056 -1
1057 -1
1058 113
1059 -1
1060 -1
1061 43
1062 43
1063 43
1064 -1
1067 5
1068 -1
1069 107
1070 19
1071 35
1072 35
1073 35
1074 35
1075 -1
1076 35
1077 35
1078 35
1079 35
1080 35
1081 35
1084 -1
1085 79
1086 107
1087 63
1088 63
1089 19
1090 41
1091 6
1092 -1
1093 -1
1094 -1
1095 -1
1096 72
1097 84
1098 84
1099 72
1100 72
1102 118
1103 -1
1105 27
1106 111
1107 -1
1108 -1
1109 89
1110 -1
1111 -1
1112 5
1113 -1
1114 118
1115 13
1116 18
1117 44
1118 44
1119 112
1120 44
1121 44
1122 44
1123 32
1124 130
1125 -1
1127 -1
1128 37
1130 130
1131 52
1132 69
1133 44
1134 111
1138 73
1139 -1
1140 101
1141 101
1142 101
1143 -1
1144 44
1145 47
1146 47
1147 35
1148 -1
1150 35
1152 52
1153 52
1154 20
1155 20
1156 88
1157 88
1158 88
1159 36
1161 111
1162 -1
1163 90
1164 100
1166 27
1167 -1
1169 36
1171 21
1172 82
1173 82
1174 -1
1176 95
1177 95
1178 -1
1179 72
1180 -1
1181 52
1182 52
1183 52
1184 14
1185 44
1186 72
1187 44
1188 96
1189 111
1190 120
1191 14
1192 14
1193 45
1194 36
1195 10
1196 79
1197 72
1198 60
1199 -1
1200 39
1201 60
1202 60
1203 60
1204 72
1205 19
1206 -1
1208 -1
1211 -1
1212 44
1213 72
1214 72
1216 19
1217 -1
1218 5
1219 20
1220 -1
1221 72
1222 72
1223 72
1224 72
1225 -1
1226 72
1227 44
1229 35
1230 -1
1231 -1
1232 118
1233 72
1234 -1
1235 20
1236 20
1237 19
1239 19
1240 -1
1241 -1
1242 -1
1243 118
1244 41
1245 41
1248 41
1249 41
1250 41
1251 -1
1252 125
1253 67
1254 -1
1255 -1
1256 -1
1257 -1
1258 109
1259 109
1260 109
1261 109
1262 109
1263 109
1264 109
1265 -1
1266 -1
1267 -1
1268 -1
1269 -1
1270 45
1271 44
1272 -1
1273 -1
1274 60
1275 -1
1276 -1
1277 72
1279 72
1281 44
1282 -1
1285 -1
1286 -1
1287 -1
1288 -1
1289 47
1290 72
1291 -1
1292 -1
1294 60
1295 130
1296 72
1297 72
1298 72
1299 72
1301 11
1302 44
1304 111
1305 119
1306 5
1307 75
1308 93
1309 109
1310 111
1311 -1
1312 109
1313 120
1314 82
1315 124
1316 124
1317 124
1318 -1
1319 60
1320 -1
1321 62
1322 118
1323 47
1324 -1
1325 105
1326 33
1327 34
1328 60
1329 -1
1330 72
1331 47
1332 -1
1333 -1
1334 52
1335 52
1336 105
1337 79
1338 47
1339 111
1340 -1
1341 -1
1342 53
1343 -1
1344 -1
1346 53
1347 -1
1348 5
1349 85
1350 52
1351 52
1352 111
1353 130
1354 37
1355 63
1356 128
1357 52
1358 37
1359 37
1360 128
1361 62
1362 97
1363 72
1364 72
1365 72
1366 35
1367 35
1368 35
1369 96
1370 96
1371 -1
1372 -1
1373 -1
1374 -1
1375 -1
1376 -1
1377 -1
1378 -1
1379 37
1381 -1
1382 70
1383 70
1384 111
1385 37
1386 37
1387 111
1388 72
1389 41
1390 130
1391 92
1392 92
1395 109
1396 109
1397 20
1399 44
1400 -1
1401 52
1402 -1
1403 107
1404 19
1405 41
1406 47
1407 -1
1408 -1
1409 41
1410 14
1411 14
1412 -1
1414 -1
1415 -1
1416 65
1417 108
1418 72
1419 72
1420 83
1421 63
1422 -1
1423 108
1426 127
1427 -1
1428 -1
1429 5
1430 5
1431 76
1432 76
1433 76
1435 76
1436 -1
1437 96
1438 96
1440 -1
1441 111
1442 -1
1443 -1
1444 36
1445 -1
1447 105
1448 105
1449 52
1450 52
1452 -1
1453 52
1454 37
1455 52
1456 36
1457 96
1458 -1
1459 -1
1461 125
1462 -1
1463 36
1464 109
1465 96
1466 20
1467 58
1468 120
1469 47
1470 -1
1472 75
1473 111
1474 -1
1475 111
1476 112
1477 44
1478 44
1479 44
1480 44
1481 -1
1482 14
1483 130
1484 52
1485 52
1486 130
1487 82
1488 -1
1489 130
1490 116
1491 118
1492 47
1493 47
1494 75
1495 41
1496 127
1497 111
1498 57
1499 19
1500 -1
1501 -1
1502 -1
1504 -1
1505 52
1506 11
1507 11
1508 52
1509 52
1510 69
1511 -1
1512 44
1513 60
1514 37
1515 35
1516 111
1517 -1
1518 -1
1519 130
1520 34
1521 -1
1522 119
1523 21
1524 21
1525 -1
1526 -1
1527 -1
1528 -1
1529 57
1530 120
1531 116
1532 10
1533 113
1534 -1
1535 30
1536 118
1537 75
1538 75
1539 -1
1540 -1
1541 85
1542 63
1543 67
1544 67
1545 47
1546 -1
1547 -1
1548 130
1549 -1
1550 -1
1551 130
1552 115
1553 111
1554 15
1555 15
1556 37
1557 6
1558 6
1559 63
1560 -1
1561 -1
1562 -1
1563 6
1564 58
1565 -1
1566 60
1567 35
1568 119
1569 32
1570 100
1571 44
1572 105
1573 95
1574 96
1575 39
1576 -1
1577 52
1578 -1
1579 -1
1580 -1
1581 -1
1582 6
1583 -1
1584 44
1585 -1
1586 -1
1587 34
1588 130
1589 75
1590 -1
1591 -1
1592 36
1593 6
1594 -1
1595 -1
1596 125
1597 113
1598 -1
1599 123
1600 130
1601 37
1602 105
1603 83
1604 103
1605 88
1606 26
1607 -1
1608 36
1609 -1
1610 19
1611 130
1612 21
1613 -1
1614 -1
1615 114
1616 44
1617 -1
1618 -1
1619 -1
1620 63
1621 60
1622 60
1623 -1
1625 63
1626 63
1627 -1
1628 7
1629 -1
1630 37
1631 14
1632 77
1633 100
1634 -1
1635 -1
1636 -1
1637 37
1638 -1
1639 -1
1640 -1
1641 -1
1642 -1
1643 105
1644 48
1645 84
1646 48
1647 9
1648 -1
1649 63
1650 119
1651 -1
1652 44
1654 125
1655 -1
1656 128
1657 65
1658 60
1659 60
1660 11
1661 -1
1662 -1
1663 -1
1664 44
1665 53
1666 -1
1667 35
1668 32
1669 -1
1670 -1
1671 93
1672 105
1673 91
1674 100
1676 37
1678 -1
1679 37
1680 116
1681 -1
1683 39
1684 30
1685 -1
1687 -1
1688 -1
1689 52
1690 -1
1691 -1
1692 97
1693 -1
1694 46
1696 128
1697 35
1698 33
1699 96
1700 -1
1701 109
1702 -1
1704 60
1705 -1
1706 -1
1707 47
1708 47
1709 -1
1711 -1
1712 -1
1713 37
1714 15
1715 6
1716 19
1717 29
1718 29
1719 29
1720 29
1721 29
1722 29
1723 29
1724 29
1725 29
1726 -1
1727 63
1728 -1
1730 44
1731 44
1732 93
1733 29
1734 36
1736 48
1738 19
1741 35
1742 119
1743 96
1744 41
1745 -1
1746 128
1747 8
1748 8
1749 8
1750 8
1751 8
1752 8
1753 8
1754 8
1755 8
1756 8
1757 8
1758 8
1759 8
1760 86
1761 86
1762 128
1763 63
1766 111
1767 96
1768 60
1770 60
1771 60
1772 -1
1773 90
1774 14
1775 20
1776 20
1777 96
1778 48
1779 96
1780 79
1781 -1
1782 5
1783 5
1784 27
1785 120
1786 27
1787 118
1788 19
1789 6
1790 6
1791 -1
1792 6
1793 6
1794 116
1795 -1
1796 116
1797 -1
1798 128
1799 119
1800 -1
1802 63
1803 63
1804 -1
1805 -1
1806 -1
1807 -1
1808 -1
1809 -1
1810 -1
1811 -1
1812 -1
1813 85
1814 -1
1816 44
1817 -1
1818 19
1819 52
1820 52
1821 128
1822 120
1823 -1
1825 105
1826 -1
1827 65
1828 122
1829 122
1831 119
1832 44
1833 44
1834 44
1835 44
1836 97
1837 105
1838 105
1839 105
1840 105
1841 105
1842 105
1843 97
1844 97
1845 97
1846 97
1847 105
1849 105
1850 63
1851 63
1852 63
1853 60
1854 63
1855 63
1856 20
1857 20
1858 53
1859 -1
1860 125
1861 125
1862 13
1863 128
1864 60
1865 63
1866 60
1867 99
1868 128
1869 117
1870 -1
1871 14
1872 73
1873 52
1874 91
1875 -1
1876 130
1877 95
1878 -1
1879 20
1880 -1
1881 111
1882 45
1883 111
1884 44
1885 44
1886 44
1887 48
1888 -1
1889 41
1890 97
1891 63
1892 42
1894 -1
1895 -1
1896 -1
1897 -1
1899 60
1900 60
1901 60
1903 111
1904 18
1905 18
1906 47
1907 -1
1908 52
1910 -1
1911 41
1912 -1
1913 -1
1914 47
1915 11
1916 11
1918 95
1919 63
1921 -1
1922 35
1923 52
1924 44
1925 47
1926 -1
1927 -1
1928 29
1929 52
1930 27
1932 -1
1933 79
1934 -1
1935 96
1936 41
1937 27
1940 44
1942 19
1943 -1
1944 -1
1945 -1
1946 -1
1947 -1
1948 13
1949 -1
1950 41
1951 36
1952 -1
1953 -1
1954 -1
1955 -1
1956 -1
1957 44
1958 44
1959 44
1960 -1
1961 45
1962 45
1963 47
1964 47
1965 48
1966 48
1967 47
1968 47
1969 37
1970 -1
1971 37
1972 44
1973 44
1974 47
1975 122
1976 122
1977 -1
1978 36
1979 63
1980 -1
1981 20
1982 20
1983 20
1984 -1
1985 44
1986 -1
1987 -1
1988 25
1989 -1
1990 6
1991 118
1992 10
1993 48
1994 -1
1995 -1
1996 -1
1997 -1
1998 6
1999 27
2000 60
2001 60
2002 60
2003 6
2004 36
2005 93
2006 119
2007 -1
2008 -1
2009 -1
2010 51
2011 -1
2012 51
2013 -1
2014 51
2015 72
2016 44
2017 44
2018 47
2019 -1
2020 -1
2021 128
2022 -1
2023 -1
2024 -1
2025 -1
2026 130
2027 -1
2028 130
2029 117
2030 117
2031 117
2032 117
2033 117
2034 117
2035 117
2036 -1
2037 21
2038 95
2039 -1
2040 -1
2041 79
2042 84
2043 75
2044 118
2046 118
2048 -1
2049 80
2050 -1
2051 -1
2052 -1
2053 -1
2054 -1
2057 -1
2059 19
2060 44
2061 36
2062 -1
2063 26
2064 26
2065 -1
2066 -1
2067 -1
2068 39
2069 128
2070 96
2071 -1
2072 26
2073 -1
2074 80
2075 44
2076 44
2077 -1
2078 43
2079 44
2080 118
2081 82
2082 -1
2083 102
2084 102
2085 102
2086 36
2087 46
2088 27
2089 13
2090 19
2091 -1
2092 -1
2093 130
2094 117
2095 117
2096 117
2097 6
2098 -1
2099 28
2100 101
2101 55
2102 92
2103 6
2104 27
2105 -1
2106 130
2107 -1
2108 44
2109 6
2110 -1
2111 -1
2112 -1
2113 20
2114 44
2115 6
2116 -1
2117 122
2118 122
2119 94
2120 -1
2121 -1
2122 -1
2123 -1
2124 -1
2125 -1
2126 111
2127 34
2128 -1
2129 33
2130 -1
2131 -1
2132 -1
2133 95
2134 123
2136 37
2139 -1
2140 33
2141 65
2142 -1
2144 130
2145 118
2146 -1
2147 109
2148 109
2149 109
2150 109
2151 109
2152 27
2153 -1
2154 -1
2155 90
2156 95
2157 96
2158 96
2159 -1
2160 27
2161 -1
2162 93
2163 41
2164 41
2165 41
2166 114
2167 -1
2168 6
2169 6
2170 6
2171 35
2172 6
2173 41
2174 5
2175 -1
2176 -1
2177 -1
2178 -1
2179 73
2180 34
2181 21
2182 -1
2183 21
2184 -1
2185 -1
2186 -1
2187 13
2188 13
2189 13
2190 75
2191 105
2192 -1
2193 -1
2194 37
2195 -1
2196 44
2197 -1
2198 -1
2199 91
2200 -1
2201 -1
2202 -1
2203 -1
2204 26
2205 -1
2206 77
2207 77
2208 77
2209 77
2210 77
2211 77
2212 15
2213 84
2214 84
2215 6
2216 37
2217 6
2218 14
2219 14
2220 95
2221 58
2222 15
2223 -1
2224 41
2225 -1
2226 -1
2227 84
2228 66
2229 91
2230 -1
2231 109
2232 109
2233 -1
2234 75
2235 105
2236 44
2237 19
2238 -1
2239 -1
2240 41
2241 -1
2242 -1
2243 130
2244 -1
2245 111
2246 -1
2247 35
2248 -1
2249 111
2250 -1
2251 -1
2252 -1
2253 93
2254 -1
2255 11
2256 105
2257 -1
2258 -1
2259 -1
2260 130
2261 -1
2262 -1
2263 -1
2264 44
2268 -1
2269 -1
2270 42
2271 -1
2273 82
2277 109
2278 109
2279 91
2280 26
2281 -1
2282 64
2283 -1
2284 64
2285 64
2286 -1
2288 -1
2289 -1
2291 -1
2292 119
2293 126
2294 -1
2295 18
2296 105
2297 60
2298 -1
2299 41
2300 -1
2301 -1
2302 -1
2303 52
2304 113
2305 64
2306 64
2307 64
2308 82
2309 121
2310 82
2311 82
2312 -1
2313 -1
2314 -1
2316 36
2317 36
2318 36
2319 36
2320 -1
2321 -1
2322 -1
2323 -1
2324 -1
2325 -1
2326 -1
2327 42
2328 -1
2330 -1
2331 64
2332 64
2333 64
2334 -1
2336 87
2337 64
2338 60
2339 64
2340 64
2341 64
2342 64
2343 64
2344 64
2345 109
2346 60
2347 64
2348 128
2349 75
2350 47
2351 -1
2352 41
2353 -1
2354 41
2355 41
2356 41
2357 41
2358 112
2359 112
2360 112
2361 30
2362 77
2363 77
2364 77
2365 77
2366 77
2367 -1
2368 -1
2369 -1
2370 -1
2371 -1
2372 122
2373 93
2374 -1
2375 -1
2376 44
2378 44
2382 44
2384 100
2386 -1
2387 -1
2388 -1
2389 100
2390 96
2391 127
2392 101
2393 21
2394 44
2395 -1
2396 46
2397 46
2398 53
2399 -1
2400 101
2401 -1
2402 130
2403 130
2404 55
2405 -1
2406 -1
2407 109
2408 -1
2409 20
2410 -1
2411 -1
2412 -1
2413 41
2414 41
2415 41
2416 -1
2417 -1
2418 64
2420 64
2421 6
2422 6
2423 6
2424 6
2425 44
2426 47
2427 85
2428 -1
2429 -1
2430 82
2431 82
2432 -1
2433 -1
2434 105
2435 -1
2436 63
2437 37
2438 89
2439 89
2440 95
2441 -1
2442 90
2443 82
2444 82
2445 -1
2446 21
2447 21
2449 27
2451 64
2452 85
2454 85
2457 -1
2458 -1
2459 60
2460 112
2461 41
2462 109
2463 109
2464 109
2465 52
2466 99
2467 113
2468 63
2469 55
2471 105
2472 105
2473 111
2474 105
2475 36
2477 41
2478 41
2479 41
2480 41
2481 75
2482 -1
2483 -1
2484 21
2485 95
2486 44
2487 27
2488 27
2489 109
2490 -1
2491 -1
2492 -1
2493 -1
2494 79
2495 -1
2496 118
2497 -1
2498 111
2499 -1
2500 59
2501 -1
2502 111
2503 -1
2504 27
2505 119
2506 95
2507 95
2508 58
2509 58
2510 44
2512 44
2514 53
2516 52
2518 44
2520 -1
2521 75
2522 75
2523 -1
2524 -1
2525 37
2526 6
2528 6
2529 -1
2530 -1
2531 -1
2532 -1
2533 -1
2534 -1
2535 63
2538 63
2539 30
2540 -1
2541 -1
2542 -1
2543 128
2544 36
2545 107
2546 60
2548 75
2549 75
2550 120
2551 -1
2552 107
2553 107
2554 41
2555 46
2556 -1
2557 44
2558 79
2560 -1
2561 44
2562 128
2564 -1
2566 -1
2567 -1
2568 14
2569 96
2570 -1
2571 44
2572 107
2573 107
2574 126
2575 44
2576 34
2577 34
2578 -1
2579 37
2580 41
2581 64
2582 64
2583 41
2584 36
2585 114
2586 111
2588 20
2589 20
2590 47
2591 92
2592 -1
2593 53
2594 53
2597 124
2598 109
2599 -1
2600 -1
2601 55
2602 55
2603 55
2604 55
2605 55
2606 -1
2607 -1
2608 -1
2609 55
2610 55
2611 55
2612 55
2613 55
2614 -1
2615 -1
2616 69
2617 24
2618 63
2619 6
2620 128
2621 34
2622 21
2623 -1
2624 6
2625 6
2626 -1
2627 -1
2628 33
2629 33
2630 126
2631 -1
2632 -1
2633 -1
2634 105
2635 90
2636 116
2637 116
2638 96
2639 95
2640 95
2641 -1
2642 -1
2643 87
2644 35
2645 44
2646 6
2648 82
2649 39
2652 -1
2653 53
2654 75
2655 -1
2656 -1
2657 -1
2658 -1
2660 41
2661 99
2663 14
2666 -1
2670 -1
2671 41
2674 91
2675 -1
2676 -1
2677 -1
2678 -1
2679 -1
2680 -1
2681 16
2682 41
2683 48
2684 46
2685 46
2686 -1
2687 111
2688 -1
2689 109
2690 37
2691 26
2692 -1
2693 6
2694 -1
2695 62
2698 11
2701 118
2702 118
2703 118
2704 -1
2706 75
2709 75
2710 -1
2711 103
2713 73
2714 65
2718 128
2719 54
2720 69
2721 111
2722 -1
2723 10
2724 112
2725 36
2726 37
2727 -1
2728 -1
2731 -1
2732 37
2733 113
2734 82
2736 82
2737 6
2739 -1
2740 109
2741 -1
2742 20
2743 75
2744 -1
2745 105
2748 60
2751 130
2753 82
2754 6
2755 6
2756 6
2758 55
2759 -1
2760 -1
2761 95
2762 41
2763 -1
2764 -1
2765 30
2766 105
2767 -1
2768 -1
2769 87
2770 35
2771 35
2772 36
2774 105
2775 44
2776 51
2777 51
2778 51
2779 111
2780 -1
2782 85
2783 -1
2784 -1
2785 111
2786 -1
2787 113
2788 -1
2789 15
2790 25
2791 60
2792 60
2793 60
2795 -1
2796 53
2797 79
2798 94
2799 53
2800 118
2801 44
2802 39
2804 108
2805 36
2806 41
2807 44
2808 44
2809 41
2810 41
2811 35
2812 35
2813 128
2814 128
2815 112
2816 112
2817 -1
2818 112
2819 112
2820 -1
2821 112
2822 112
2823 44
2824 96
2825 -1
2826 -1
2827 97
2828 111
2829 128
2830 128
2831 116
2832 83
2833 105
2834 54
2835 108
2836 -1
2837 93
2838 93
2839 -1
2840 25
2841 63
2842 -1
2843 85
2844 41
2845 44
2846 -1
2847 41
2848 41
2849 36
2850 36
2851 47
2852 36
2853 36
2854 36
2855 -1
2856 122
2857 53
2858 53
2859 111
2860 111
2861 111
2862 111
2863 128
2864 44
2865 44
2866 -1
2867 -1
2868 -1
2869 44
2870 44
2871 91
2872 91
2873 34
2874 122
2875 21
2876 6
2877 107
2878 44
2879 -1
2880 -1
2881 87
2882 -1
2883 51
2884 51
2885 51
2886 34
2887 -1
2888 36
2889 36
2890 128
2891 128
2892 46
2893 46
2894 108
2895 46
2896 46
2897 46
2898 46
2899 27
2900 -1
2901 63
2902 6
2903 14
2904 88
2907 88
2908 130
2909 82
2910 -1
2911 -1
2912 21
2913 21
2914 21
2915 -1
2916 -1
2917 -1
2918 -1
2919 -1
2920 6
2921 122
2922 107
2923 -1
2924 -1
2925 130
2926 -1
2927 36
2928 -1
2929 36
2930 36
2931 36
2932 36
2933 36
2934 -1
2935 44
2936 79
2937 105
2938 130
2939 -1
2940 37
2941 -1
2942 108
2943 -1
2944 128
2945 35
2946 35
2947 37
2948 85
2949 6
2950 5
2951 -1
2952 -1
2953 -1
2954 125
2955 119
2956 47
2957 36
2958 36
2959 -1
2960 51
2961 51
2962 51
2963 51
2964 -1
2965 53
2966 46
2967 -1
2968 47
2969 -1
2970 41
2971 41
2972 13
2973 -1
2974 11
2975 36
2976 -1
2977 37
2978 36
2979 27
2980 35
2981 35
2982 109
2983 109
2984 109
2985 -1
2986 105
2987 -1
2988 44
2989 48
2990 111
2991 41
2992 36
2993 36
2994 36
2995 36
2996 36
2997 105
2998 25
2999 47
3001 47
3002 60
3003 41
3004 -1
3005 46
3006 38
3007 105
3008 44
3009 57
3010 57
3011 25
3013 25
3014 25
3015 29
3016 29
3017 29
3018 130
3019 -1
3020 35
3021 35
3022 47
3023 47
3024 47
3025 47
3026 37
3027 11
3028 60
3029 5
3030 118
3031 35
3032 83
3033 122
3034 -1
3035 -1
3036 121
3037 -1
3038 -1
3039 -1
3040 44
3041 42
3042 128
3043 128
3044 128
3045 27
3046 130
3047 127
3048 32
3049 -1
3050 105
3051 123
3052 34
3053 79
3054 20
3055 -1
3056 41
3057 29
3058 14
3059 115
3060 37
3061 -1
3062 -1
3063 -1
3064 -1
3065 -1
3066 36
3067 -1
3068 -1
3069 32
3070 96
3071 130
3072 37
3073 -1
3074 130
3075 96
3076 14
3077 83
3081 43
3082 84
3083 44
3084 -1
3085 60
3086 91
3087 111
3088 44
3089 44
3090 116
3091 116
3092 35
3093 35
3094 -1
3095 10
3096 10
3097 21
3098 21
3099 -1
3100 -1
3101 -1
3102 36
3103 130
3104 105
3105 120
3106 -1
3107 -1
3108 65
3109 111
3110 47
3111 47
3112 47
3113 47
3114 -1
3115 75
3116 87
3117 32
3118 -1
3119 -1
3120 118
3121 118
3122 60
3123 83
3124 83
3125 -1
3126 90
3127 90
3128 90
3129 -1
3130 111
3131 111
3132 111
3133 65
3134 65
3135 35
3136 35
3137 35
3138 35
3139 35
3140 111
3141 111
3142 -1
3143 -1
3144 -1
3145 72
3146 -1
3147 -1
3148 -1
3149 27
3150 19
3151 -1
3152 -1
3153 -1
3154 -1
3155 -1
3156 -1
3157 44
3158 130
3159 114
3160 113
3161 -1
3162 -1
3163 75
3164 -1
3165 35
3166 -1
3167 53
3168 53
3169 -1
3170 44
3171 113
3172 105
3173 105
3174 46
3175 -1
3176 44
3177 -1
3178 41
3179 111
3180 113
3181 92
3182 -1
3183 -1
3184 52
3187 44
3188 44
3189 47
3190 20
3191 20
3192 -1
3195 -1
3196 44
3197 87
3198 109
3199 109
3200 109
3201 109
3202 109
3203 109
3204 109
3205 109
3206 -1
3207 -1
3208 -1
3209 109
3210 109
3211 109
3212 -1
3213 109
3214 109
3215 109
3216 109
3217 109
3218 109
3219 109
3220 109
3221 63
3222 109
3223 -1
3224 27
3225 -1
3226 104
3227 60
3228 44
3229 14
3230 13
3231 35
3232 21
3233 21
3234 -1
3235 -1
3236 -1
3237 -1
3238 109
3239 109
3240 109
3241 117
3242 42
3243 44
3244 41
3245 109
3246 -1
3247 102
3248 102
3252 102
3253 79
3254 16
3255 111
3256 109
3257 109
3258 41
3260 41
3261 95
3263 82
3265 -1
3268 -1
3269 32
3270 11
3272 11
3273 83
3274 107
3275 -1
3276 41
3277 41
3278 41
3279 41
3280 41
3281 41
3282 41
3283 41
3284 36
3285 30
3286 30
3287 -1
3288 -1
3289 67
3290 -1
3291 41
3292 -1
3293 95
3294 75
3295 -1
3296 -1
3297 44
3298 36
3299 36
3300 -1
3301 60
3302 -1
3303 -1
3304 -1
3305 34
3306 -1
3307 41
3308 41
3309 41
3310 41
3311 35
3312 60
3313 130
3314 36
3315 13
3316 109
3317 109
3318 109
3319 109
3320 -1
3321 47
3322 63
3323 79
3324 45
3325 79
3326 6
3327 63
3328 47
3329 32
3330 32
3331 85
3332 84
3333 85
3334 84
3335 41
3336 113
3337 -1
3338 44
3339 -1
3340 -1
3341 102
3342 41
3343 79
3344 -1
3345 -1
3346 -1
3347 47
3348 47
3349 46
3350 46
3351 -1
3352 -1
3353 96
3354 96
3355 109
3356 109
3357 35
3358 35
3359 14
3360 109
3361 109
3362 79
3363 109
3364 115
3365 -1
3366 -1
3367 -1
3368 -1
3369 -1
3370 -1
3371 -1
3372 -1
3373 120
3374 30
3375 -1
3376 86
3377 105
3378 54
3379 109
3380 -1
3381 109
3382 109
3383 109
3384 47
3385 109
3386 109
3387 -1
3388 -1
3389 -1
3390 96
3391 47
3392 35
3393 35
3394 105
3395 41
3396 -1
3397 41
3398 41
3399 79
3400 -1
3401 95
3402 109
3403 -1
3404 26
3405 85
3406 65
3407 59
3408 -1
3409 84
3410 37
3411 -1
3412 130
3413 -1
3414 6
3415 18
3416 84
3417 72
3418 72
3419 35
3420 72
3421 109
3422 109
3423 109
3424 -1
3425 111
3426 72
3427 72
3428 63
3429 -1
3430 -1
3431 90
3432 -1
3433 -1
3434 -1
3435 72
3436 -1
3437 -1
3438 72
3439 72
3440 130
3441 -1
3442 84
3443 84
3444 84
3445 84
3446 72
3448 72
3449 34
3450 72
3451 72
3452 72
3453 72
3454 72
3455 72
3456 72
3457 84
3458 84
3459 84
3460 84
3461 84
3462 -1
3463 84
3464 84
3465 84
3466 84
3468 84
3469 84
3470 84
3471 84
3472 84
3473 84
3474 84
3475 85
3476 -1
3477 19
3478 109
3479 130
3480 44
3481 44
3482 37
3483 111
3484 109
3485 126
3486 60
3487 60
3488 109
3489 130
3490 9
3491 -1
3492 -1
3493 60
3494 79
3495 109
3496 -1
3497 122
3498 105
3499 105
3500 63
3501 -1
3502 -1
3503 97
3504 97
3505 97
3506 -1
3507 -1
3508 -1
3509 82
3510 109
3511 109
3512 30
3513 -1
3514 44
3515 44
3516 96
3517 -1
3518 -1
3519 -1
3520 41
3521 41
3522 41
3523 28
3524 41
3525 -1
3526 41
3527 28
3528 41
3529 41
3530 46
3531 -1
3532 73
3533 41
3534 60
3535 -1
3536 -1
3537 -1
3538 41
3539 35
3540 41
3541 41
3542 73
3543 41
3544 41
3545 20
3546 -1
3547 -1
3548 -1
3549 44
3550 102
3551 109
3552 109
3553 109
3554 101
3555 37
3556 15
3557 73
3558 21
3559 -1
3560 109
3561 55
3562 -1
3563 109
3564 109
3565 -1
3566 35
3567 109
3568 14
3569 14
3570 109
3571 -1
3572 -1
3573 45
3574 109
3575 109
3576 36
3577 -1
3578 46
3579 37
3580 109
3581 -1
3582 13
3583 13
3584 109
3585 109
3586 109
3587 109
3588 109
3589 48
3590 48
3591 41
3592 41
3593 41
3594 126
3595 42
3596 111
3597 109
3598 126
3599 109
3600 109
3601 27
3602 -1
3603 16
3604 89
3605 109
3606 -1
3607 109
3608 90
3609 11
3610 118
3611 125
3612 37
3613 109
3614 68
3615 36
3616 109
3617 -1
3618 -1
3619 105
3620 6
3621 44
3622 111
3623 114
3624 109
3625 44
3626 6
3627 -1
3628 -1
3629 76
3630 120
3631 90
3632 -1
3633 36
3634 -1
3635 -1
3636 75
3637 -1
3638 130
3639 109
3640 109
3641 35
3642 36
3643 44
3644 44
3645 44
3646 -1
3647 96
3648 14
3649 -1
3650 -1
3651 -1
3652 -1
3653 115
3654 34
3655 109
3656 109
3657 -1
3658 109
3659 -1
3660 42
3661 -1
3662 -1
3663 125
3664 126
3665 47
3666 128
3667 36
3668 62
3669 -1
3670 36
3671 -1
3672 -1
3673 109
3674 96
3675 -1
3676 54
3677 109
3678 109
3679 108
3680 -1
3681 60
3682 60
3683 111
3684 109
3686 109
3687 -1
3688 91
3689 91
3690 52
3691 45
3692 -1
3694 11
3695 37
3696 88
3697 36
3698 96
3699 66
3700 111
3701 6
3702 91
3703 -1
3704 20
3705 65
3706 -1
3707 105
3708 109
3709 130
3710 109
3711 46
3712 13
3713 36
3714 44
3715 44
3716 44
3718 109
3719 -1
3720 109
3721 -1
3722 44
3723 -1
3724 55
3725 -1
3726 14
3727 46
3728 109
3729 -1
3730 111
3731 79
3732 -1
3733 -1
3734 -1
3735 -1
3736 111
3737 111
3738 88
3739 -1
3740 96
3741 -1
3742 -1
3743 91
3744 82
3745 54
3746 -1
3747 21
3748 73
3749 82
3750 -1
3751 -1
3752 26
3753 -1
3754 60
3755 118
3756 109
3757 111
3758 118
3759 -1
3760 18
3761 18
3762 103
3763 103
3764 103
3765 103
3766 103
3767 103
3768 18
3769 18
3770 83
3771 73
3772 -1
3773 19
3774 -1
3775 -1
3776 68
3777 105
3778 105
3779 96
3780 -1
3781 -1
3782 -1
3783 -1
3784 -1
3785 103
3786 103
3787 103
3788 -1
3789 -1
3790 -1
3791 103
3792 -1
3793 72
3794 72
3795 72
3796 72
3797 72
3798 72
3799 72
3800 72
3801 72
3802 72
3803 72
3804 72
3805 72
3806 72
3807 72
3808 -1
3809 10
3810 13
3811 36
3812 130
3813 130
3814 44
3815 53
3816 -1
3817 -1
3818 82
3819 -1
3820 -1
3821 111
3822 -1
3823 128
3824 111
3825 33
3826 -1
3827 36
3828 122
3829 122
3830 -1
3831 -1
3832 109
3833 90
3834 92
3835 109
3836 20
3837 121
3838 83
3839 21
3840 21
3841 -1
3842 -1
3843 109
3844 109
3845 109
3846 55
3847 -1
3848 79
3849 21
3850 20
3851 -1
3852 58
3853 34
3854 96
3855 -1
3856 -1
3857 78
3858 78
3859 79
3860 101
3861 -1
3862 -1
3863 -1
3864 107
3865 113
3866 123
3867 104
3868 -1
3869 -1
3870 -1
3871 78
3872 -1
3873 78
3874 109
3875 37
3876 111
3877 30
3878 -1
3879 6
3880 35
3881 100
3882 78
3883 78
3884 12
3885 36
3886 82
3887 -1
3888 -1
3889 -1
3890 -1
3891 109
3892 109
3893 -1
3894 -1
3895 -1
3896 84
3897 -1
3898 78
3899 78
3900 130
3901 14
3902 14
3903 14
3904 -1
3905 -1
3906 93
3907 55
3908 96
3910 130
3911 115
3912 115
3913 33
3914 51
3915 51
3916 51
3917 -1
3918 105
3919 -1
3920 128
3921 93
3922 -1
3923 120
3924 120
3925 -1
3926 -1
3927 46
3928 109
3929 60
3930 52
3931 128
3932 96
3933 -1
3934 -1
3935 84
3936 63
3937 84
3938 84
3939 84
3940 84
3941 84
3942 63
3943 63
3944 63
3945 128
3946 128
3947 -1
3948 36
3949 -1
3950 -1
3951 79
3952 6
3953 -1
3954 103
3955 130
3956 109
3957 -1
3958 36
3959 12
3960 44
3961 -1
3962 32
3963 -1
3964 11
3965 -1
3966 34
3967 38
3968 78
3969 78
3970 78
3971 39
3972 39
3973 -1
3974 39
3975 39
3976 -1
3977 108
3978 -1
3979 127
3980 -1
3981 -1
3982 27
3983 -1
3984 118
3985 -1
3986 5
3987 5
3988 59
3989 47
3990 -1
3991 101
3992 101
3993 -1
3994 -1
3995 -1
3996 89
3997 96
3998 111
3999 89
4000 89
4001 89
4002 122
4003 128
4004 128
4005 -1
4006 46
4007 44
4008 -1
4009 -1
4010 35
4011 35
4012 95
4013 -1
4014 -1
4015 34
4016 52
4017 63
4018 116
4019 116
4020 -1
4021 111
4022 109
4023 5
4024 5
4025 5
4026 -1
4027 15
4028 19
4029 95
4030 11
4031 11
4032 37
4033 6
4034 34
4035 -1
4036 6
4037 109
4038 -1
4039 48
4040 79
4041 -1
4042 46
4043 46
4044 -1
4045 -1
4046 -1
4047 -1
4048 -1
4049 100
4050 -1
4051 100
4052 104
4053 100
4054 100
4055 -1
4056 -1
4057 109
4058 109
4059 111
4060 111
4061 124
4062 35
4063 35
4064 35
4065 34
4066 34
4068 -1
4069 29
4070 87
4071 -1
4072 -1
4073 -1
4074 130
4075 37
4076 -1
4077 75
4078 121
4079 121
4080 44
4082 79
4083 109
4084 109
4085 109
4086 109
4087 109
4088 36
4089 -1
4090 79
4091 37
4092 -1
4093 -1
4094 109
4095 101
4096 101
4097 105
4098 105
4099 44
4100 128
4101 -1
4102 36
4103 105
4104 47
4105 91
4106 105
4107 109
4108 93
4109 109
4110 109
4111 109
4112 6
4113 -1
4114 -1
4115 -1
4116 113
4117 36
4118 91
4119 6
4120 25
4121 90
4122 -1
4123 21
4124 60
4125 60
4126 79
4127 -1
4128 -1
4129 -1
4130 124
4131 -1
4132 15
4133 60
4134 103
4135 47
4136 82
4137 128
4138 20
4139 -1
4140 79
4141 111
4142 44
4143 121
4144 44
4145 -1
4146 44
4147 44
4148 44
4149 44
4150 44
4151 44
4152 60
4153 60
4154 82
4155 -1
4156 14
4157 44
4158 -1
4159 -1
4160 -1
4161 -1
4162 -1
4163 -1
4164 96
4165 96
4166 -1
4167 5
4168 90
4169 90
4171 90
4172 96
4173 95
4174 95
4175 58
4176 13
4177 58
4178 128
4179 -1
4180 5
4181 -1
4182 -1
4183 105
4184 105
4185 27
4186 47
4187 -1
4188 85
4189 -1
4190 -1
4191 41
4192 41
4193 -1
4194 47
4195 120
4196 47
4197 120
4198 25
4199 47
4200 36
4201 -1
4202 84
4203 96
4204 109
4205 109
4206 109
4207 109
4208 109
4209 120
4210 128
4211 111
4212 35
4213 5
4214 -1
4215 -1
4216 109
4217 53
4218 51
4219 -1
4220 130
4221 41
4222 -1
4223 -1
4224 48
4225 95
4226 65
4227 19
4228 21
4229 -1
4230 60
4231 -1
4232 54
4233 46
4234 71
4235 93
4236 6
4237 6
4238 -1
4239 -1
4240 42
4241 42
4242 -1
4243 -1
4244 -1
4245 -1
4246 -1
4247 -1
4248 44
4249 36
4250 36
4251 35
4252 -1
4253 41
4255 41
4256 41
4257 41
4258 116
4259 6
4260 96
4261 96
4262 98
4263 35
4264 35
4265 35
4266 35
4267 35
4268 -1
4269 101
4270 101
4271 101
4272 101
4273 101
4274 101
4275 101
4276 101
4277 96
4278 42
4279 42
4280 84
4281 -1
4282 112
4283 -1
4284 111
4285 105
4286 -1
4287 118
4288 13
4289 105
4290 18
4291 105
4292 41
4293 -1
4294 83
4295 128
4296 36
4297 54
4298 -1
4299 54
4300 109
4301 109
4302 109
4303 79
4304 104
4305 104
4306 34
4307 6
4308 44
4309 95
4310 91
4311 35
4312 35
4313 35
4314 -1
4315 -1
4316 42
4317 44
4319 -1
4320 44
4321 -1
4322 130
4323 37
4324 41
4325 75
4326 75
4328 60
4329 6
4330 107
4331 79
4332 96
4333 96
4334 96
4335 96
4336 -1
4337 36
4338 36
4339 -1
4340 -1
4341 44
4342 102
4343 102
4344 102
4345 102
4346 102
4348 102
4349 -1
4350 -1
4351 44
4352 -1
4353 44
4354 -1
4355 46
4356 52
4357 111
4358 -1
4359 96
4360 91
4361 -1
4362 -1
4363 96
4364 98
4365 -1
4366 -1
4367 35
4368 105
4369 -1
4370 47
4371 -1
4372 6
4373 47
4374 105
4375 -1
4376 121
4377 44
4378 82
4379 20
4380 113
4381 39
4382 41
4383 41
4384 -1
4385 126
4386 42
4387 -1
4388 31
4389 -1
4390 96
4391 109
4392 -1
4393 101
4394 96
4395 32
4396 94
4397 39
4398 32
4399 127
4400 127
4401 109
4402 -1
4403 109
4404 109
4405 109
4406 109
4407 109
4408 -1
4409 109
4410 -1
4411 41
4412 -1
4413 42
4414 42
4415 42
4416 101
4417 101
4419 101
4420 101
4421 34
4422 103
4423 -1
4424 -1
4425 41
4426 41
4427 44
4428 44
4429 77
4430 77
4431 52
4432 6
4433 -1
4434 -1
4435 54
4436 82
4437 21
4438 -1
4439 95
4440 126
4441 44
4442 47
4443 -1
4444 121
4445 20
4446 32
4447 90
4448 124
4449 36
4450 124
4451 -1
4452 84
4453 73
4454 -1
4455 14
4456 37
4457 44
4458 -1
4459 -1
4460 -1
4461 -1
4462 -1
4463 -1
4464 117
4465 27
4466 -1
4467 -1
4469 -1
4470 111
4471 -1
4472 59
4473 59
4474 130
4475 82
4476 59
4477 59
4478 57
4479 59
4480 107
4481 6
4482 41
4483 41
4484 6
4485 30
4486 -1
4487 -1
4488 -1
4489 96
4490 -1
4491 -1
4492 -1
4493 14
4494 65
4495 -1
4496 -1
4497 96
4498 96
4499 -1
4500 -1
4501 44
4502 -1
4503 -1
4504 96
4505 -1
4506 96
4507 120
4508 83
4509 48
4510 129
4511 -1
4512 -1
4513 130
4514 130
4515 11
4516 118
4517 -1
4518 27
4519 27
4520 -1
4522 95
4523 46
4524 41
4525 -1
4526 -1
4527 -1
4528 65
4529 65
4530 65
4531 13
4532 34
4533 -1
4534 77
4535 44
4536 -1
4537 98
4538 37
4539 37
4540 37
4542 105
4543 44
4544 109
4545 109
4546 109
4547 109
4548 109
4549 -1
4550 128
4551 111
4552 36
4553 109
4554 63
4555 -1
4556 36
4557 27
4558 -1
4559 15
4560 37
4561 -1
4562 96
4563 91
4564 25
4565 111
4566 -1
4567 13
4568 13
4569 30
4570 -1
4571 122
4572 -1
4573 35
4574 35
4575 47
4576 105
4577 -1
4578 -1
4579 -1
4580 37
4581 96
4582 41
4583 6
4584 6
4585 111
4586 27
4587 48
4588 77
4589 44
4590 44
4591 105
4592 105
4593 44
4595 -1
4596 95
4597 36
4598 -1
4599 -1
4600 44
4601 30
4602 30
4603 30
4604 121
4605 36
4606 105
4607 114
4608 105
4609 105
4610 36
4611 36
4612 109
4613 -1
4614 75
4615 109
4616 109
4617 109
4618 55
4619 109
4620 109
4621 20
4622 -1
4623 90
4624 11
4625 101
4626 54
4627 -1
4628 117
4629 36
4630 109
4631 124
4632 36
4633 122
4634 -1
4635 -1
4636 44
4637 114
4638 -1
4639 6
4640 130
4641 109
4642 33
4643 37
4644 105
4645 6
4646 -1
4647 -1
4648 28
4649 -1
4650 -1
4651 73
4652 -1
4653 27
4654 27
4655 -1
4656 -1
4657 15
4658 109
4659 124
4660 21
4661 116
4663 -1
4664 130
4665 130
4666 130
4667 130
4668 34
4669 14
4670 -1
4671 44
4672 -1
4673 -1
4674 84
4675 125
4676 125
4677 -1
4678 44
4679 44
4680 -1
4681 -1
4682 -1
4683 -1
4684 18
4685 -1
4686 18
4687 -1
4688 -1
4689 96
4690 71
4691 96
4692 96
4693 79
4694 -1
4695 105
4696 78
4697 16
4698 36
4699 95
4700 48
4701 48
4702 120
4703 108
4704 18
4705 103
4706 103
4707 88
4708 -1
4709 -1
4711 103
4712 103
4713 103
4714 103
4715 84
4716 101
4717 -1
4718 -1
4719 -1
4720 -1
4721 45
4722 45
4723 45
4724 45
4725 45
4726 45
4727 45
4729 45
4732 85
4733 -1
4734 98
4735 83
4736 -1
4737 37
4738 -1
4739 109
4740 59
4741 6
4742 10
4743 32
4744 84
4745 15
4746 25
4747 130
4748 -1
4749 -1
4750 111
4751 -1
4752 -1
4753 44
4754 44
4755 54
4756 128
4757 69
4758 6
4759 105
4760 -1
4761 87
4762 79
4763 91
4764 79
4765 42
4766 42
4767 126
4768 113
4769 105
4770 -1
4771 37
4772 98
4773 98
4774 98
4775 116
4776 116
4777 4
4778 118
4779 118
4780 4
4781 44
4783 101
4784 101
4785 101
4786 101
4787 36
4788 34
4789 11
4790 4
4791 36
4792 108
4793 -1
4794 -1
4795 -1
4796 -1
4797 -1
4798 27
4799 130
4800 48
4801 39
4802 39
4803 39
4804 44
4805 90
4806 -1
4807 128
4808 44
4810 122
4812 122
4813 119
4814 15
4815 15
4816 -1
4817 6
4818 6
4819 52
4820 -1
4821 101
4822 109
4823 109
4824 109
4825 109
4826 109
4827 109
4828 109
4829 53
4830 -1
4831 46
4832 -1
4833 -1
4834 42
4835 -1
4836 44
4837 -1
4838 -1
4839 -1
4840 -1
4841 -1
4842 44
4843 42
4844 42
4845 42
4846 -1
4847 112
4848 -1
4849 111
4850 -1
4851 -1
4852 20
4853 36
4854 36
4855 75
4856 42
4857 4
4858 130
4859 -1
4860 -1
4861 122
4862 -1
4863 47
4864 47
4865 -1
4866 -1
4867 113
4868 75
4869 119
4870 -1
4871 34
4872 126
4873 126
4876 37
4877 45
4878 1
4879 1
4880 42
4881 -1
4882 1
4883 128
4884 1
4885 1
4886 96
4887 -1
4888 109
4889 109
4890 109
4891 1
4892 -1
4893 -1
4894 4
4895 4
4896 130
4897 -1
4898 123
4899 123
4900 124
4901 127
4902 -1
4903 127
4904 127
4905 44
4906 -1
4907 1
4908 41
4909 85
4910 -1
4911 -1
4918 1
4941 1
4953 1
4975 1
4985 1
4995 4
5014 1
5029 4
5045 4
5057 1
5058 1
5060 1
5065 1
5080 4
5081 1
5092 4
5107 1
5108 1
5112 1
5148 1
5153 1
5187 4
5190 1
5202 1
5203 1
5210 2
5218 1
5232 1
5265 4
5273 4
5290 1
5291 1
5301 1
5302 1
5308 1
5323 1
5324 1
5325 1
5326 1
5402 0
5420 0
5434 0
5515 0
5520 0
5530 0
5531 0
5532 0
5533 0
5534 0
5535 0
5540 0
5566 0
5737 0
5738 0
5740 0
5743 0
5755 0
5762 0
5783 0
5823 0
5835 0
5843 0
5855 0
5857 0
5872 0
5874 0
5878 0
5879 0
5880 0
5882 0
5883 0
5884 0
5887 0
5893 0
5902 0
5930 0
5931 0
5932 0
5933 0
5934 0
5935 0
5945 0
5949 0
5951 0
5953 0
5955 0
5963 0
5997 0
6004 0
6022 0
6023 0
6031 0
6032 2
6033 2
6039 0
6057 0
6069 0
6070 0
6100 2
6127 0
6157 0
6162 0
6166 0
6172 0
6175 0
6195 0
6223 0
6250 0
6251 0
6272 0
6293 0
6294 0
6295 0
6306 0
6326 0
6348 0
6354 0
6356 0
6357 0
6390 0
6403 0
6417 0
6449 0
6459 0
6468 0
6469 0
6489 0
6498 0
6514 0
6515 0
6516 0
6517 0
6518 0
6519 0
6520 0
6536 0
6541 0
6542 0
6557 0
6560 0
6581 0
6598 0
6630 0
6647 0
6649 0
6683 0
6723 0
6724 0
6725 0
6729 57
6730 57
6731 6
6732 98
6733 -1
6734 -1
6735 79
6736 109
6737 -1
6738 -1
6740 114
6741 114
6742 -1
6743 -1
6744 -1
6745 -1
6746 -1
6747 -1
6749 6
6750 6
6751 -1
6752 -1
6753 88
6754 88
6755 90
6756 90
6757 88
6758 88
6759 41
6760 100
6761 100
6762 100
6763 37
6764 37
6765 37
6766 37
6767 93
6768 93
6769 93
6770 93
6771 -1
6772 93
6773 93
6774 -1
6775 93
6776 93
6777 93
6778 93
6779 36
6780 36
6781 79
6782 -1
6783 29
6784 29
6785 29
6786 29
6787 109
6788 109
6789 30
6790 109
6791 109
6792 -1
6793 101
6794 27
6795 27
6796 27
6797 27
6799 44
6800 -1
6801 -1
6802 111
6803 111
6804 80
6805 80
6806 80
6807 80
6808 130
6809 130
6811 -1
6812 122
6813 34
6814 34
6816 107
6817 -1
6818 65
6819 65
6820 6
6821 111
6822 111
6824 111
6825 0
6826 0
6827 0
6828 118
6829 118
6830 118
6831 95
6832 46
6833 -1
6834 46
6835 -1
6836 46
6837 36
6838 109
6839 46
6840 67
6841 37
6842 82
6844 111
6845 44
6846 -1
6847 71
6849 71
6850 71
6851 71
6852 62
6853 92
6854 92
6856 113
6857 42
6858 -1
6859 36
6860 42
6861 91
6862 91
6863 6
6864 27
6865 27
6866 41
6867 100
6868 13
6869 59
6871 13
6872 13
6873 -1
6874 36
6875 -1
6876 -1
6877 122
6878 46
6879 -1
6880 46
6881 79
6882 75
6883 -1
6884 -1
6885 113
6886 -1
6887 35
6888 -1
6889 41
6890 44
6891 0
6892 122
6893 -1
6894 130
6895 96
6896 -1
6897 55
6898 109
6899 -1
6900 27
6901 27
6902 -1
6903 6
6904 35
6905 35
6906 -1
6907 0
6908 36
6909 36
6910 36
6911 6
6912 47
6913 -1
6914 -1
6915 44
6916 20
6917 44
6918 44
6919 44
6920 44
6921 -1
6922 20
6923 20
6924 -1
6925 0
6926 -1
6927 -1
6928 95
6929 31
6930 31
6931 44
6932 31
6933 31
6934 31
6935 31
6936 31
6937 31
6938 -1
6939 31
6940 31
6941 31
6942 31
6943 31
6944 31
6945 31
6948 31
6949 31
6950 31
6951 31
6952 44
6953 31
6954 31
6955 31
6956 31
6957 31
6958 6
6959 112
6960 -1
6961 -1
6962 109
6963 109
6964 109
6965 -1
6966 32
6967 -1
6968 -1
6969 -1
6970 -1
6971 37
6972 -1
6973 128
6974 128
6975 37
6976 39
6977 -1
6978 -1
6979 -1
6980 -1
6981 -1
6982 -1
6983 -1
6984 -1
6985 100
6986 -1
6987 82
6988 41
6989 41
6990 28
6991 28
6992 -1
6993 42
6994 41
6995 -1
6996 -1
6997 111
6998 0
6999 122
7000 -1
7001 6
7002 44
7003 6
7004 36
7005 36
7006 0
7007 36
7008 36
7009 -1
7011 79
7012 79
7013 79
7014 79
7015 -1
7016 30
7017 -1
7018 -1
7019 39
7020 45
7021 45
7022 45
7023 6
7024 6
7025 128
7026 41
7027 41
7028 -1
7029 87
7030 87
7031 109
7032 87
7033 42
7034 42
7035 42
7036 90
7037 90
7038 6
7039 34
7040 42
7041 42
7042 24
7043 24
7044 24
7045 44
7046 42
7047 42
7048 44
7049 -1
7050 -1
7051 36
7052 44
7053 105
7054 105
7055 55
7056 55
7057 55
7058 6
7059 6
7060 6
7061 -1
7062 36
7063 36
7064 25
7065 21
7066 21
7067 42
7068 42
7069 42
7070 54
7071 54
7072 108
7073 -1
7074 -1
7075 90
7076 90
7077 90
7078 90
7079 90
7080 90
7081 -1
7082 79
7083 -1
7084 34
7085 100
7086 6
7087 6
7088 115
7089 115
7090 115
7091 -1
7092 -1
7093 -1
7094 -1
7095 0
7096 124
7097 124
7098 -1
7099 124
7100 124
7101 52
7102 52
7103 109
7104 109
7105 123
7106 -1
7108 -1
7109 90
7110 37
7111 37
7112 -1
7113 36
7114 90
7115 90
7116 0
7117 90
7118 -1
7119 53
7120 53
7122 73
7123 73
7124 -1
7125 30
7126 113
7127 113
7128 -1
7129 100
7130 100
7131 100
7132 27
7133 27
7134 94
7135 94
7136 94
7137 94
7138 24
7139 42
7140 103
7141 103
7142 44
7143 44
7144 -1
7145 -1
7146 -1
7147 -1
7148 60
7149 60
7150 119
7151 119
7152 90
7153 -1
7154 93
7155 93
7156 -1
7157 109
7158 109
7159 -1
7160 -1
7161 -1
7162 -1
7163 -1
7164 98
7165 98
7166 -1
7167 -1
7168 130
7169 130
7170 6
7171 6
7172 58
7173 58
7174 79
7176 -1
7177 111
7178 44
7179 6
7180 -1
7181 109
7182 109
7183 87
7184 -1
7185 -1
7186 -1
7187 16
7188 16
7189 16
7190 16
7191 16
7192 122
7193 122
7194 122
7195 -1
7196 96
7197 -1
7198 37
7199 98
7200 130
7201 109
7202 9
7203 9
7204 15
7205 -1
7206 85
7207 -1
7208 93
7209 93
7210 84
7211 109
7212 109
7213 109
7214 -1
7215 -1
7216 24
7217 24
7218 24
7219 24
7220 24
7221 24
7222 24
7223 24
7224 24
7225 27
7226 103
7227 9
7228 9
7229 9
7230 9
7231 9
7232 0
7233 0
7234 96
7235 -1
7236 96
7237 9
7238 9
7239 9
7240 9
7241 59
7242 59
7243 59
7244 59
7245 -1
7246 -1
7247 -1
7248 -1
7249 59
7250 59
7251 9
7252 59
7253 59
7254 59
7255 -1
7256 54
7257 79
7258 79
7259 0
7260 0
7261 27
7262 27
7263 0
7264 0
7265 0
7267 130
7268 41
7271 41
7272 11
7273 11
7274 11
7275 36
7276 36
7277 36
7278 36
7279 36
7280 -1
7281 -1
7282 86
7283 44
7284 44
7285 -1
7286 96
7287 -1
7288 -1
7289 -1
7290 116
7291 116
7292 35
7293 35
7294 109
7295 109
7297 62
7298 62
7299 30
7300 30
7301 -1
7302 -1
7304 -1
7305 9
7306 37
7307 37
7308 9
7309 39
7310 39
7311 30
7312 44
7313 55
7314 55
7315 55
7316 55
7317 55
7318 55
7319 55
7320 -1
7321 9
7322 9
7323 9
7324 9
7325 9
7326 9
7327 9
7328 9
7329 9
7330 0
7331 9
7332 9
7333 9
7334 9
7335 9
7336 9
7337 9
7338 9
7340 9
7341 9
7342 9
7343 9
7344 9
7345 9
7346 9
7347 9
7348 9
7349 9
7350 9
7353 9
7354 9
7355 9
7356 9
7357 9
7358 -1
7359 -1
7360 -1
7361 -1
7362 -1
7363 -1
7364 42
7365 42
7366 42
7367 42
7368 58
7369 58
7370 37
7371 37
7372 100
7373 -1
7374 -1
7375 60
7376 60
7377 0
7378 60
7379 67
7381 -1
7382 -1
7383 -1
7384 60
7386 111
7387 111
7388 128
7389 -1
7390 0
7391 0
7392 0
7393 0
7394 44
7396 0
7397 0
7398 0
7399 0
7400 103
7401 103
7402 -1
7403 -1
7404 -1
7405 -1
7406 -1
7407 14
7408 95
7409 95
7410 95
7414 44
7415 44
7416 44
7417 63
7418 44
7419 44
7420 44
7421 44
7422 44
7423 85
7424 84
7425 84
7426 47
7427 47
7428 6
7429 6
7430 130
7431 130
7432 -1
7433 130
7434 130
7435 130
7436 -1
7437 44
7438 44
7439 44
7440 -1
7441 -1
7442 44
7443 44
7444 44
7445 44
7446 -1
7447 -1
7448 -1
7449 -1
7450 -1
7451 -1
7452 -1
7453 -1
7454 93
7455 -1
7456 84
7457 79
7458 13
7459 13
7460 13
7461 13
7462 13
7463 84
7464 84
7465 -1
7466 -1
7467 6
7468 6
7469 -1
7470 84
7471 -1
7472 -1
7473 -1
7474 44
7475 44
7476 101
7477 36
7478 44
7479 111
7480 94
7481 6
7482 119
7483 119
7484 119
7485 119
7486 119
7487 119
7488 35
7489 35
7490 -1
7491 -1
7492 -1
7493 109
7494 109
7495 109
7496 105
7497 105
7498 -1
7499 105
7500 122
7501 0
7502 5
7503 6
7504 44
7505 44
7506 -1
7507 -1
7508 41
7509 41
7510 36
7511 36
7512 -1
7513 -1
7514 6
7515 82
7516 82
7517 100
7518 100
7519 100
7520 100
7521 91
7522 91
7523 41
7524 41
7525 100
7526 100
7527 100
7528 14
7529 14
7530 13
7531 36
7532 36
7533 83
7534 83
7535 55
7536 55
7537 -1
7538 -1
7540 117
7541 117
7542 105
7544 -1
7545 -1
7546 -1
7548 109
7549 96
7550 96
7551 127
7552 95
7553 95
7554 95
7555 95
7556 105
7558 105
7559 93
7560 93
7561 93
7562 43
7563 -1
7564 44
7565 47
7566 47
7567 36
7568 44
7569 -1
7570 44
7571 43
7573 68
7574 68
7575 -1
7576 63
7577 82
7578 86
7579 -1
7580 44
7581 0
7582 0
7583 100
7584 100
7585 18
7586 96
7587 85
7588 36
7589 -1
7591 113
7592 113
7593 60
7594 130
7595 36
7596 36
7597 36
7598 51
7599 5
7601 -1
7602 -1
7603 42
7604 -1
7605 53
7606 -1
7607 42
7608 42
7609 42
7610 42
7611 -1
7612 46
7613 46
7614 105
7615 6
7616 46
7617 -1
7618 -1
7619 28
7620 -1
7621 41
7622 -1
7623 109
7624 109
7625 103
7626 79
7627 41
7628 41
7629 27
7630 -1
7631 114
7632 104
7633 104
7634 104
7635 -1
7636 111
7637 111
7638 58
7639 58
7640 58
7641 58
7642 -1
7643 33
7644 33
7645 -1
7646 -1
7647 27
7648 0
7649 100
7650 44
7651 -1
7652 -1
7653 100
7654 100
7655 -1
7656 0
7657 100
7658 41
7659 -1
7660 44
7661 44
7662 63
7663 63
7664 -1
7665 13
7666 -1
7667 -1
7668 27
7669 36
7670 -1
7671 -1
7672 44
7673 31
7674 31
7675 41
7676 105
7677 41
7678 41
7679 41
7680 41
7681 41
7682 41
7683 63
7684 -1
7685 -1
7686 -1
7687 -1
7688 -1
7689 0
7690 117
7691 98
7692 121
7693 121
7694 -1
7695 111
7696 111
7697 111
7698 107
7699 -1
7700 -1
7701 91
7702 -1
7703 -1
7704 44
7705 6
7706 6
7707 14
7708 -1
7709 -1
7710 -1
7711 -1
7712 -1
7713 -1
7714 45
7715 75
7716 44
7717 44
7718 44
7719 -1
7720 -1
7721 -1
7724 44
7725 44
7726 46
7727 -1
7728 -1
7729 -1
7731 109
7732 96
7733 96
7734 44
7735 55
7736 -1
7737 90
7738 63
7739 63
7740 63
7741 105
7742 -1
7743 -1
7744 0
7745 36
7746 36
7747 109
7748 -1
7749 100
7750 36
7751 36
7752 36
7753 36
7754 36
7755 100
7756 -1
7757 -1
7758 128
7759 10
7760 -1
7761 -1
7762 85
7763 85
7764 114
7765 -1
7766 0
7767 0
7768 -1
7769 118
7770 118
7771 -1
7772 118
7773 118
7774 44
7775 -1
7776 -1
7777 41
7778 41
7779 41
7780 128
7781 -1
7782 -1
7783 -1
7784 58
7785 86
7786 86
7787 96
7788 96
7789 96
7790 -1
7791 -1
7792 -1
7793 96
7794 86
7795 86
7796 86
7797 0
7798 0
7799 0
7800 0
7801 0
7802 86
7803 0
7804 0
7805 86
7806 -1
7807 90
7808 44
7809 44
7810 0
7811 44
7812 -1
7813 0
7814 75
7815 74
7816 74
7817 0
7818 74
7819 74
7820 0
7821 74
7822 74
7823 105
7824 -1
7825 44
7826 14
7827 6
7828 44
7829 44
7830 44
7831 -1
7832 -1
7833 0
7834 0
7835 126
7836 -1
7837 -1
7838 -1
7839 44
7840 44
7841 112
7842 -1
7843 -1
7844 0
7846 -1
7847 -1
7848 -1
7849 42
7850 42
7851 42
7852 42
7853 116
7854 -1
7855 53
7856 44
7857 0
7858 41
7859 0
7860 41
7861 -1
7862 105
7863 -1
7864 100
7865 44
7866 -1
7867 104
7868 100
7869 -1
7870 20
7871 86
7872 86
7873 86
7874 86
7875 130
7876 34
7877 33
7878 92
7879 6
7880 -1
7881 123
7882 -1
7883 62
7884 26
7885 -1
7886 -1
7887 65
7888 65
7889 63
7890 63
7891 63
7892 63
7893 30
7894 115
7895 115
7896 6
7897 55
7898 79
7899 -1
7902 130
7903 39
7904 130
7905 123
7906 39
7907 130
7909 130
7911 -1
7912 96
7913 -1
7914 0
7915 96
7916 96
7917 96
7918 -1
7919 96
7920 109
7921 0
7922 109
7923 109
7924 109
7925 109
7926 -1
7927 -1
7928 -1
7929 91
7930 15
7931 15
7932 15
7933 15
7934 15
7935 15
7936 15
7937 15
7938 15
7939 15
7940 15
7941 15
7942 60
7943 96
7944 6
7945 13
7946 0
7947 90
7948 109
7949 39
7950 39
7951 -1
7952 122
7953 96
7954 96
7955 89
7956 89
7957 89
7958 -1
7959 -1
7960 41
7961 41
7962 44
7963 41
7964 27
7965 41
7966 -1
7967 89
7968 21
7969 89
7970 25
7971 32
7972 -1
7973 -1
7974 -1
7975 111
7976 42
7977 -1
7978 -1
7979 123
7980 128
7981 36
7982 -1
7983 130
7984 52
7985 52
7986 0
7987 -1
7988 52
7989 124
7990 0
7991 55
7992 55
7993 55
7994 55
7995 55
7996 55
7997 55
7998 79
7999 -1
8000 29
8001 -1
8002 44
8003 35
8004 -1
8005 60
8006 -1
8007 109
8008 109
8009 109
8010 44
8011 -1
8012 -1
8013 -1
8014 -1
8015 -1
8016 63
8017 -1
8018 2
8019 2
8020 2
8021 58
8022 2
8023 2
8024 0
8025 -1
8026 2
8027 2
8028 58
8029 -1
8030 90
8031 -1
8032 73
8033 82
8034 30
8035 109
8036 -1
8037 -1
8038 -1
8041 96
8042 -1
8043 -1
8044 30
8045 115
8046 92
8047 0
8048 0
8050 63
8051 130
8052 -1
8053 39
8054 116
8058 96
8059 63
8063 0
8065 86
8066 86
8067 -1
8068 -1
8069 6
8070 130
8071 37
8072 37
8074 82
8077 37
8078 86
8079 -1
8081 105
8083 45
8084 45
8085 -1
8086 44
8087 109
8088 109
8089 -1
8090 109
8091 109
8092 112
8093 -1
8094 -1
8095 -1
8096 -1
8097 58
8098 37
8099 109
8100 95
8101 96
8102 55
8103 86
8104 86
8105 120
8107 44
8108 109
8109 0
8110 -1
8112 -1
8114 41
8115 111
8116 111
8117 111
8120 0
8122 111
8123 117
8126 111
8127 69
8128 53
8129 44
8130 109
8132 6
8133 44
8134 44
8135 44
8136 44
8137 44
8138 124
8139 -1
8142 44
8145 109
8146 -1
8147 27
8148 105
8149 58
8150 12
8151 -1
8152 27
8153 27
8154 -1
8155 52
8156 -1
8157 57
8159 60
8160 14
8161 36
8162 127
8163 -1
8164 0
8165 -1
8166 -1
8167 -1
8168 0
8169 44
8170 16
8171 58
8172 125
8173 105
8174 -1
8175 41
8176 -1
8177 93
8178 11
8179 -1
8180 -1
8181 -1
8182 -1
8183 -1
8184 95
8185 -1
8186 113
8187 113
8188 113
8189 -1
8190 6
8191 52
8192 71
8193 117
8194 9
8195 -1
8196 116
8197 -1
8198 73
8199 37
8200 -1
8201 6
8202 44
8203 118
8204 -1
8205 -1
8206 96
8207 -1
8208 -1
8209 42
8210 -1
8211 44
8212 19
8213 130
8214 -1
8215 71
8216 100
8217 92
8218 92
8219 -1
8220 -1
8221 27
8222 -1
8223 40
8224 46
8225 36
8226 -1
8227 -1
8228 71
8229 -1
8230 112
8231 -1
8232 79
8233 107
8234 -1
8235 -1
8236 6
8237 -1
8238 -1
8239 0
8240 -1
8241 90
8242 6
8243 105
8244 6
8245 37
8246 39
8247 -1
8248 13
8249 109
8250 96
8251 96
8252 -1
8253 105
8254 -1
8255 -1
8256 -1
8257 36
8258 0
8259 0
8260 112
8261 3
8262 3
8263 3
8264 3
8265 3
8266 3
8267 3
8268 3
8269 3
8270 3
8271 3
8272 3
8273 3
8274 3
8275 3
8276 3
8277 3
8278 3
8279 3
8280 3
8281 3
8282 3
8283 3
8284 3
8285 3
8286 3
8287 3
8288 3
8290 3
8291 3
8292 3
8293 3
8294 3
8295 3
8296 3
8297 3
8298 3
8299 3
8300 3
8301 3
8302 3
8303 3
8304 0
8305 0
8306 3
8307 3
8308 0
8309 0
8310 0
8311 0
8312 0
8313 0
8314 0
8315 0
8316 0
8317 0
8318 0
8319 3
8320 3
8321 3
8322 3
8323 3
8324 3
8325 3
8326 3
8327 3
8328 3
8329 3
8330 119
8331 37
8332 44
8333 53
8334 34
8335 3
8336 109
8337 116
8338 -1
8339 21
8340 21
8341 69
8342 -1
8343 55
8344 122
8345 44
8346 42
8347 44
8348 6
8349 -1
8350 42
8351 105
8352 130
8353 42
8354 42
8355 52
8356 -1
8357 28
8358 84
8359 95
8360 44
8361 -1
8362 10
8363 65
8364 33
8365 113
8366 -1
8367 39
8368 -1
8369 -1
8370 109
8371 109
8372 109
8373 0
8374 0
8375 0
8376 0
8377 0
8378 0
8379 0
8380 -1
8381 -1
8382 -1
8383 25
8384 44
8385 79
8386 98
8387 101
8388 24
8389 105
8390 0
8391 0
8392 0
8393 -1
8394 -1
8395 0
8396 0
8397 0
8398 47
8399 6
8400 -1
8401 42
8402 119
8403 42
8404 0
8405 85
8406 79
8407 85
8408 -1
8409 117
8410 58
8411 58
8412 95
8413 -1
8414 15
8415 71
8416 71
8417 39
8418 39
8419 93
8420 16
8421 -1
8422 0
8423 -1
8424 -1
8425 44
8426 0
8427 101
8428 0
8429 -1
8430 75
8431 85
8432 55
8433 101
8434 20
8435 128
8436 65
8437 65
8438 65
8439 -1
8440 65
8441 97
8442 -1
8443 -1
8444 41
8445 34
8446 34
8447 -1
8448 -1
8449 -1
8450 -1
8451 7
8452 7
8453 0
8454 5
8455 96
8456 42
8457 42
8458 42
8459 44
8461 44
8462 44
8463 44
8464 109
8465 44
8466 44
8467 -1
8468 -1
8469 28
8470 111
8471 -1
8472 -1
8473 96
8474 96
8475 112
8476 44
8477 -1
8478 5
8479 -1
8481 -1
8482 90
8483 6
8484 62
8485 92
8487 53
8488 53
8489 115
8490 113
8491 19
8492 41
8493 -1
8494 122
8495 -1
8496 109
8497 130
8498 109
8499 46
8500 96
8501 -1
8502 41
8503 44
8504 7
8505 7
8506 7
8507 7
8508 7
8509 7
8510 7
8511 -1
8512 7
8513 7
8514 7
8515 7
8516 7
8517 7
8518 7
8519 7
8520 7
8521 7
8522 7
8523 7
8524 7
8525 7
8526 7
8527 7
8528 7
8529 -1
8530 7
8531 7
8532 7
8533 8
8534 8
8535 7
8536 7
8537 7
8538 7
8539 7
8540 7
8541 7
8542 7
8543 7
8544 7
8545 7
8546 7
8547 7
8548 -1
8549 7
8550 7
8551 7
8552 7
8553 7
8554 7
8555 7
8556 7
8557 7
8558 7
8559 7
8560 7
8561 91
8562 91
8563 7
8564 7
8565 7
8566 7
8567 7
8568 7
8569 7
8570 7
8571 7
8572 7
8573 7
8574 7
8575 7
8576 7
8577 7
8578 7
8579 7
8580 7
8581 7
8582 7
8583 7
8584 7
8585 7
8586 7
8587 7
8588 7
8589 7
8590 7
8591 7
8592 7
8593 -1
8594 -1
8595 7
8596 36
8597 7
8598 7
8599 7
8600 7
8601 7
8602 7
8603 7
8604 7
8605 7
8606 7
8607 7
8608 7
8609 7
8610 5
8611 5
8612 5
8613 5
8614 5
8615 5
8616 5
8617 5
8618 5
8619 5
8620 5
8621 5
8622 5
8623 0
8624 0
8625 0
8626 39
8627 39
8628 0
8629 0
8630 0
8631 109
8632 -1
8633 44
8634 12
8635 -1
8636 14
8637 -1
8638 70
8639 12
8640 12
8641 12
8642 21
8643 -1
8644 36
8645 122
8646 6
8647 -1
8648 130
8649 -1
8650 -1
8651 -1
8652 -1
8653 -1
8654 -1
8655 109
8656 53
8657 89
8658 89
8659 111
8660 -1
8661 20
8662 0
8663 -1
8664 0
8665 46
8666 111
8667 -1
8668 41
8669 45
8670 -1
8671 36
8672 97
8673 41
8674 41
8675 -1
8676 46
8677 -1
8678 111
8679 48
8681 117
8682 94
8683 94
8684 94
8685 -1
8686 -1
8687 24
8688 24
8689 -1
8690 -1
8691 109
8692 109
8693 105
8695 105
8697 130
8698 52
8699 89
8700 -1
8701 117
8702 117
8703 117
8704 20
8705 14
8706 -1
8707 21
8708 -1
8709 44
8712 -1
8713 44
8714 44
8715 111
8716 111
8718 -1
8719 21
8720 116
8721 44
8722 128
8723 128
8724 54
8725 30
8726 119
8727 119
8728 34
8729 6
8731 -1
8733 -1
8734 127
8736 12
8737 -1
8738 85
8739 85
8740 85
8741 12
8742 -1
8743 89
8744 73
8745 6
8746 88
8747 79
8748 -1
8749 6
8750 14
8751 12
8752 -1
8753 42
8754 55
8755 37
8756 -1
8757 42
8758 98
8759 98
8760 98
8761 5
8762 95
8763 95
8764 23
8765 23
8766 5
8767 5
8768 5
8769 5
8770 5
8771 -1
8772 -1
8773 67
8774 36
8775 -1
8776 116
8777 12
8778 12
8779 23
8780 0
8781 23
8782 23
8783 109
8784 47
8785 23
8786 23
8787 23
8788 23
8789 0
8790 0
8791 0
8792 6
8793 62
8794 85
8795 85
8796 63
8797 125
8798 11
8799 58
8800 6
8801 -1
8802 130
8803 44
8804 44
8805 44
8807 105
8809 109
8810 109
8811 109
8812 35
8813 63
8814 93
8815 117
8816 -1
8817 44
8818 44
8819 44
8820 42
8821 0
8822 0
8823 79
8824 16
8825 0
8826 79
8827 36
8828 47
8829 36
8830 44
8831 44
8832 41
8834 -1
8835 -1
8836 62
8838 -1
8839 -1
8840 75
8841 -1
8842 0
8843 93
8844 0
8845 -1
8846 105
8847 105
8848 47
8849 6
8850 62
8851 0
8852 44
8853 53
8854 13
8855 46
8856 52
8857 -1
8858 0
8859 -1
8860 0
8861 44
8862 -1
8863 44
8864 -1
8865 122
8866 6
8867 -1
8868 -1
8869 25
8870 96
8871 0
8872 122
8873 20
8874 36
8875 40
8876 40
8877 40
8878 -1
8879 44
8880 41
8881 6
8882 130
8883 54
8884 6
8885 40
8886 40
8887 40
8888 40
8889 40
8890 40
8891 40
8892 40
8893 40
8894 40
8895 105
8896 63
8897 40
8898 105
8899 -1
8900 122
8901 54
8902 119
8903 -1
8904 -1
8905 27
8906 27
8907 27
8908 44
8909 44
8910 27
8911 -1
8912 32
8913 34
8914 90
8915 123
8916 94
8917 23
8918 23
8919 21
8920 23
8921 -1
8922 -1
8923 -1
8924 23
8925 -1
8926 98
8927 124
8928 73
8929 109
8930 109
8931 109
8932 109
8933 109
8934 109
8935 63
8936 23
8937 -1
8938 23
8939 5
8940 5
8941 5
8942 5
8943 5
8944 5
8945 5
8946 5
8947 5
8948 5
8949 5
8950 5
8951 5
8952 5
8953 5
8954 5
8955 5
8956 5
8957 5
8958 5
8959 5
8960 5
8961 5
8962 5
8963 5
8964 5
8965 5
8966 5
8967 5
8968 5
8969 5
8970 5
8971 5
8972 5
8973 5
8974 5
8975 5
8976 5
8977 5
8978 5
8979 5
8980 5
8981 0
8982 0
8983 5
8984 0
8985 0
8986 5
8987 5
8988 5
8989 5
8990 5
8991 0
8992 5
8993 5
8994 5
8995 5
8996 5
8997 5
8998 5
8999 5
9000 5
9001 5
9002 5
9003 0
9004 5
9005 5
9006 5
9007 63
9008 5
9009 5
9010 5
9011 5
9012 5
9013 5
9014 5
9015 5
9016 5
9017 5
9018 5
9019 5
9020 5
9021 5
9022 5
9023 5
9024 5
9025 5
9026 5
9027 5
9028 5
9029 0
9030 5
9031 5
9032 5
9033 5
9034 5
9035 0
9036 5
9037 5
9038 5
9039 5
9040 5
9041 5
9042 5
9043 5
9044 5
9045 5
9046 0
9047 5
9048 5
9049 5
9050 5
9051 5
9052 5
9053 5
9054 5
9055 5
9056 5
9057 5
9058 5
9059 5
9060 5
9061 5
9062 5
9063 5
9064 5
9065 5
9066 5
9067 5
9068 5
9069 5
9070 0
9071 5
9072 5
9073 5
9074 5
9075 5
9076 5
9077 5
9078 5
9079 5
9080 5
9081 0
9082 5
9084 5
9085 5
9086 5
9087 5
9088 5
9089 5
9090 5
9091 5
9092 5
9093 5
9094 5
9095 63
9096 5
9097 5
9098 5
9099 5
9100 5
9101 5
9102 5
9103 5
9104 5
9105 5
9106 5
9107 5
9108 5
9109 5
9110 5
9111 5
9112 5
9113 5
9114 5
9115 5
9116 5
9117 5
9118 5
9119 5
9120 5
9121 5
9122 5
9123 5
9124 5
9125 5
9126 5
9127 5
9128 5
9129 5
9130 5
9131 5
9132 5
9133 5
9134 5
9135 5
9136 5
9137 5
9138 5
9139 5
9140 5
9141 5
9142 5
9143 5
9144 5
9145 5
9146 5
9147 5
9148 5
9149 5
9150 5
9151 5
9152 5
9153 5
9154 5
9155 5
9156 5
9157 5
9158 5
9159 5
9160 5
9161 5
9162 5
9163 5
9164 5
9165 5
9166 5
9167 5
9168 5
9169 5
9170 5
9171 5
9172 5
9173 5
9174 5
9175 5
9176 5
9177 5
9178 5
9179 5
9180 5
9181 5
9182 5
9183 5
9184 5
9185 5
9186 5
9187 5
9188 5
9189 5
9190 5
9191 5
9192 5
9193 5
9194 5
9195 5
9196 5
9197 5
9198 5
9199 5
9200 5
9201 5
9202 5
9208 5
9209 5
9210 5
9211 5
9212 5
9213 5
9214 5
9215 5
9216 5
9217 5
9218 5
9219 5
9220 5
9221 5
9222 5
9223 5
9224 14
9225 44
9226 5
9227 5
9228 5
9229 5
9230 5
9231 5
9232 12
9233 12
9234 103
9235 103
9236 5
9237 5
9238 5
9239 5
9240 5
9241 5
9242 5
9243 5
9244 5
9245 5
9246 5
9247 5
9248 5
9249 5
9250 5
9251 5
9252 5
9253 5
9254 5
9255 5
9256 5
9257 5
9258 5
9259 5
9260 5
9261 5
9262 5
9263 5
9264 5
9265 5
9266 5
9267 5
9268 5
9269 5
9270 5
9271 5
9272 5
9273 5
9274 5
9275 5
9276 5
9277 5
9278 5
9279 5
9280 5
9281 5
9282 5
9283 5
9284 5
9285 5
9286 5
9287 5
9288 5
9289 5
9290 5
9291 5
9292 5
9293 5
9294 5
9295 5
9296 5
9297 5
9298 5
9299 5
9300 5
9301 5
9302 5
9303 5
9304 5
9305 5
9306 5
9307 5
9308 5
9309 5
9310 5
9311 5
9312 5
9313 5
9314 5
9315 5
9316 5
9317 5
9318 5
9319 5
9320 5
9321 111
9322 5
9323 5
9324 5
9325 5
9326 5
9327 5
9328 96
9329 5
9330 5
9331 5
9332 5
9333 5
9334 5
9335 5
9336 5
9337 5
9338 5
9339 5
9340 5
9341 5
9342 5
9343 5
9344 5
9345 5
9346 5
9347 5
9348 5
9349 5
9350 5
9351 5
9352 5
9353 5
9354 5
9355 5
9356 5
9357 5
9358 5
9359 5
9360 5
9361 5
9362 5
9363 5
9364 5
9365 5
9366 5
9367 5
9368 5
9369 5
9370 32
9371 5
9372 5
9373 5
9374 5
9375 5
9376 5
9377 96
9378 5
9379 5
9380 5
9381 5
9382 5
9383 5
9384 5
9385 5
9386 5
9387 5
9388 5
9389 5
9390 5
9391 5
9392 5
9393 44
9394 8
9395 8
9396 8
9399 8
9400 8
9401 8
9402 8
9403 8
9404 8
9405 8
9406 8
9407 8
9408 8
9409 8
9410 8
9411 8
9412 8
9413 8
9414 8
9415 8
9416 8
9417 8
9418 8
9419 8
9420 63
9421 63
9422 8
9423 8
9424 8
9426 8
9427 5
9428 44
9429 44
9430 0
9431 0
9432 52
9433 -1
9434 -1
9436 -1
9438 -1
9439 95
9440 -1
9441 95
9442 100
9443 -1
9444 -1
9445 54
9446 71
9447 35
9448 70
9449 41
9450 -1
9451 79
9452 -1
9454 23
9455 41
9456 75
9457 85
9458 44
9459 122
9460 -1
9461 -1
9462 127
9464 127
9465 63
9466 127
9467 94
9468 13
9469 105
9470 7
9471 37
9472 42
9473 0
9474 -1
9477 111
9478 -1
9479 80
9480 -1
9481 -1
9482 -1
9483 96
9484 104
9485 104
9486 39
9487 122
9488 -1
9489 44
9490 119
9491 25
9492 34
9493 -1
9494 41
9495 -1
9496 41
9497 44
9498 44
9499 44
9500 105
9501 105
9502 -1
9503 44
9504 -1
9505 -1
9506 100
9507 -1
9508 -1
9509 41
9510 -1
9511 119
9512 21
9513 62
9514 34
9515 -1
9516 -1
9517 -1
9518 -1
9519 -1
9520 87
9521 79
9522 96
9523 71
9524 82
9525 20
9526 17
9527 130
9528 12
9529 44
9531 111
9533 16
9534 -1
9535 62
9536 0
9537 -1
9538 -1
9539 61
9540 -1
9541 109
9542 43
9543 -1
9544 104
9545 -1
9546 96
9547 0
9548 104
9549 109
9550 109
9551 -1
9552 -1
9553 130
9554 130
9555 6
9556 -1
9557 -1
9558 130
9559 34
9560 13
9561 -1
9562 34
9563 -1
9564 33
9565 34
9566 -1
9567 58
9568 6
9569 75
9570 44
9571 -1
9572 -1
9573 47
9574 0
9575 75
9576 -1
9577 46
9578 -1
9579 -1
9580 -1
9581 105
9582 52
9583 75
9584 -1
9585 -1
9586 -1
9587 -1
9588 118
9589 -1
9591 126
9592 70
9593 -1
9594 0
9595 -1
9596 73
9597 124
9598 60
9599 23
9600 23
9601 37
9602 79
9603 55
9604 55
9605 -1
9606 39
9607 39
9608 52
9609 -1
9610 -1
9611 -1
9612 -1
9614 -1
9615 -1
9616 -1
9621 -1
9622 -1
9623 -1
9624 -1
9625 -1
9626 105
9627 13
9628 59
9629 13
9630 7
9631 13
9632 13
9633 13
9634 13
9635 13
9636 13
9637 13
9642 13
9643 13
9644 13
9645 -1
9646 13
9647 13
9648 13
9650 13
9652 13
9653 44
9654 -1
9655 -1
9656 105
9657 0
9658 0
9659 0
9660 0
9661 0
9662 0
9663 0
9664 0
9665 0
9666 0
9667 27
9668 -1
9669 -1
9670 -1
9671 -1
9672 25
9673 -1
9674 -1
9675 -1
9676 -1
9677 -1
9678 -1
9679 -1
9680 -1
9681 20
9682 20
9683 130
9684 104
9685 113
9686 75
9687 52
9688 52
9689 105
9690 44
9691 -1
9692 42
9693 105
9694 12
9697 87
9698 0
9699 0
9700 114
9701 20
9702 20
9703 -1
9704 103
9705 -1
9706 6
9707 -1
9708 39
9709 112
9710 34
9711 63
9712 63
9713 -1
9714 67
9715 -1
9716 44
9717 44
9718 34
9719 34
9720 33
9721 113
9722 117
9723 44
9724 45
9725 45
9726 -1
9727 97
9728 0
9729 103
9730 130
9731 105
9732 79
9733 41
9734 46
9735 113
9736 -1
9737 -1
9738 -1
9739 42
9741 84
9743 -1
9744 130
9745 -1
9746 39
9748 39
9749 91
9750 120
9751 94
9752 -1
9753 -1
9754 -1
9755 130
9756 89
9757 30
9758 -1
9759 -1
9760 107
9761 63
9762 -1
9763 101
9764 40
9765 6
9766 -1
9767 44
9768 44
9769 44
9770 27
9771 41
9772 -1
9773 -1
9774 -1
9775 93
9776 -1
9777 44
9778 -1
9779 33
9780 33
9781 37
9782 -1
9783 0
9784 -1
9785 18
9786 -1
9787 6
9788 -1
9789 23
9790 23
9791 -1
9792 37
9793 75
9794 44
9795 -1
9796 -1
9797 105
9798 93
9799 105
9800 105
9801 60
9802 -1
9803 23
9804 128
9805 82
9806 -1
9807 41
9808 44
9809 0
9810 74
9811 44
9812 61
9813 61
9814 61
9815 0
9816 74
9817 74
9818 13
9819 0
9821 0
9822 0
9823 5
9824 5
9825 0
9826 5
9827 0
9828 0
9829 0
9830 0
9831 5
9832 5
9833 5
9834 5
9835 0
9836 5
9837 5
9838 5
9839 0
9840 5
9841 5
9842 5
9843 5
9844 5
9845 0
9846 5
9847 5
9848 5
9849 5
9850 0
9851 0
9852 19
9853 -1
9854 40
9855 -1
9856 108
9857 44
9858 44
9859 105
9860 96
9861 89
9862 83
9863 89
9864 130
9865 13
9866 16
9867 -1
9868 -1
9869 0
9870 -1
9871 113
9872 40
9873 40
9874 56
9880 44
9881 42
9882 61
9883 -1
9884 94
9885 30
9886 -1
9887 53
9888 53
9889 28
9890 36
9891 20
9892 -1
9893 96
9894 96
9895 -1
9896 -1
9897 23
9898 45
9899 -1
9900 23
9901 23
9902 -1
9903 -1
9904 -1
9905 41
9906 41
9907 40
9908 37
9909 101
9910 101
9911 60
9912 125
9913 78
9914 -1
9915 -1
9916 23
9917 95
9918 88
9919 -1
9920 88
9921 0
9922 21
9923 -1
9924 -1
9925 13
9926 96
9927 -1
9928 22
9929 -1
9930 85
9931 2
9932 104
9933 104
9934 105
9935 111
9936 -1
9937 109
9938 109
9939 109
9940 109
9941 109
9942 90
9943 90
9944 44
9947 90
9948 90
9949 0
9950 0
9951 63
9952 63
9953 63
9954 0
9955 0
9956 119
9957 119
9958 115
9959 22
9960 22
9961 22
9962 0
9963 92
9964 -1
9965 -1
9966 23
9967 23
9968 23
9969 23
9970 30
9971 -1
9972 41
9973 75
9974 23
9975 63
9976 23
9977 40
9978 21
9979 14
9980 130
9981 93
9982 0
9984 60
9986 113
9987 85
9988 113
9989 52
9990 96
9991 105
9992 10
9993 113
9994 23
9995 40
9996 54
9997 -1
9998 23
9999 12
10000 12
10001 12
10002 12
10003 12
10004 12
10005 12
10006 12
10007 12
10008 23
10009 12
10010 12
10011 23
10012 0
10013 12
10014 12
10015 -1
10016 -1
10017 -1
10018 12
10019 12
10021 0
10022 12
10023 -1
10024 11
10025 33
10027 112
10028 107
10029 23
10030 23
10031 0
10032 34
10034 127
10035 96
10036 127
10037 41
10038 34
10039 119
10040 116
10041 75
10042 65
10043 44
10046 -1
10047 -1
10048 104
10049 104
10050 -1
10051 104
10052 109
10053 109
10054 109
10055 109
10056 109
10057 109
10058 109
10059 109
10060 0
10061 0
10062 -1
10063 0
10064 41
10066 41
10067 -1
10068 -1
10070 -1
10071 75
10072 52
10073 -1
10075 60
10076 75
10077 60
10078 102
10079 102
10080 47
10081 61
10082 61
10083 -1
10084 6
10085 -1
10086 23
10087 36
10088 75
10089 63
10090 -1
10091 -1
10092 96
10093 0
10094 96
10095 84
10096 63
10097 40
10098 122
10099 44
10100 36
10101 -1
10102 30
10104 130
10105 100
10106 35
10107 44
10108 127
10109 108
10110 39
10111 96
10112 40
10113 -1
10114 128
10115 44
10116 109
10117 62
10118 44
10119 63
10120 0
10121 0
10122 0
10123 -1
10124 -1
10125 0
10126 27
10127 44
10129 44
10130 44
10131 14
10132 -1
10133 -1
10134 -1
10135 37
10136 22
10137 0
10138 -1
10139 63
10140 47
10141 65
10142 0
10143 55
10144 -1
10145 44
10146 44
10147 6
10148 100
10149 55
10150 -1
10151 22
10152 90
10153 93
10154 0
10155 -1
10156 -1
10157 78
10158 79
10159 30
10160 -1
10161 21
10162 113
10163 113
10164 113
10165 113
10166 113
10167 113
10168 113
10170 0
10171 42
10173 82
10175 115
10176 41
10177 35
10178 58
10179 55
10180 -1
10181 0
10182 -1
10183 52
10184 27
10185 37
10186 -1
10187 -1
10188 41
10189 120
10190 0
10192 90
10193 0
10194 22
10195 -1
10196 -1
10197 -1
10198 -1
10199 -1
10200 82
10201 -1
10202 69
10203 -1
10204 118
10205 85
10206 12
10207 12
10208 -1
10209 0
10210 -1
10211 0
10212 95
10213 96
10214 39
10215 100
10216 105
10217 0
10218 0
10219 0
10220 84
10221 84
10222 0
10223 0
10224 0
10225 0
10226 0
10227 44
10228 104
10229 -1
10230 -1
10231 84
10232 -1
10233 19
10234 5
10235 63
10236 -1
10238 44
10239 44
10240 111
10241 112
10242 101
10243 75
10244 -1
10245 -1
10246 63
10247 -1
10248 -1
10249 68
10250 -1
10251 -1
10252 125
10253 -1
10256 44
10257 44
10259 23
10260 -1
10261 -1
10262 68
10263 15
10265 40
10266 88
10267 63
10268 0
10269 44
10270 0
10272 44
10273 105
10274 -1
10275 0
10276 0
10277 68
10278 68
10279 -1
10280 -1
10281 63
10282 -1
10283 -1
10284 37
10285 6
10286 93
10287 82
10288 87
10289 -1
10290 44
10292 -1
10293 44
10294 46
10295 -1
10296 44
10297 44
10298 -1
10299 14
10300 14
10301 14
10302 14
10303 47
10304 113
10305 -1
10306 91
10307 27
10308 42
10309 44
10310 44
10311 44
10312 44
10313 -1
10314 121
10315 68
10316 40
10317 68
10318 68
10319 -1
10320 62
10321 63
10322 63
10323 62
10324 62
10325 -1
10326 41
10327 41
10328 41
10329 41
10330 -1
10331 -1
10332 -1
10333 -1
10335 75
10336 36
10337 118
10338 -1
10339 44
10340 -1
10341 10
10342 -1
10343 -1
10344 36
10345 47
10346 -1
10347 44
10348 96
10349 0
10350 0
10351 0
10352 0
10353 63
10354 -1
10357 22
10358 -1
10359 -1
10360 113
10361 -1
10362 107
10363 86
10364 -1
10365 63
10367 105
10368 -1
10369 -1
10370 -1
10371 68
10372 100
10373 -1
10374 -1
10375 -1
10376 -1
10377 -1
10378 -1
10379 -1
10380 -1
10381 -1
10382 -1
10383 90
10384 0
10385 0
10386 0
10387 20
10388 20
10389 71
10390 71
10391 -1
10392 -1
10393 0
10394 63
10395 62
10396 100
10397 130
10398 88
10399 -1
10400 109
10401 109
10402 0
10403 105
10404 -1
10405 105
10406 93
10407 38
10408 38
10410 38
10411 38
10412 38
10413 0
10414 0
10415 38
10416 0
10417 38
10418 38
10419 38
10420 37
10421 38
10422 43
10423 43
10424 38
10425 38
10426 38
10427 57
10428 57
10429 44
10430 18
10431 6
10432 6
10433 41
10434 -1
10435 -1
10436 124
10437 -1
10438 -1
10439 0
10440 100
10441 63
10442 63
10443 -1
10444 18
10445 18
10446 6
10447 -1
10448 -1
10449 -1
10450 63
10451 124
10452 100
10453 62
10454 21
10455 21
10457 37
10458 0
10459 -1
10460 37
10461 6
10462 37
10463 73
10464 6
10465 87
10466 87
10467 84
10468 30
10469 30
10470 30
10471 80
10472 80
10473 80
10474 105
10475 105
10476 -1
10477 -1
10478 95
10479 59
10480 -1
10481 -1
10482 130
10483 -1
10484 -1
10485 -1
10486 -1
10487 49
10488 49
10489 49
10490 49
10491 49
10492 49
10493 49
10494 49
10495 49
10496 49
10497 49
10498 49
10499 49
10500 49
10501 49
10504 49
10505 49
10512 49
10513 49
10514 49
10515 49
10516 49
10517 49
10518 49
10519 49
10520 49
10521 49
10522 49
10524 49
10526 49
10527 49
10528 49
10529 49
10530 49
10531 49
10532 49
10533 49
10534 49
10535 49
10536 49
10537 49
10538 49
10539 49
10540 49
10542 -1
10543 105
10544 44
10545 80
10546 80
10547 -1
10548 -1
10549 108
10550 -1
10551 71
10552 -1
10553 108
10554 13
10555 32
10556 6
10558 6
10559 63
10560 41
10561 56
10562 44
10563 56
10564 56
10565 56
10566 56
10567 100
10569 -1
10570 16
10571 16
10572 0
10573 -1
10575 -1
10576 -1
10577 -1
10578 0
10579 12
10580 44
10581 36
10582 -1
10583 -1
10584 75
10585 65
10586 65
10587 -1
10588 85
10589 43
10590 96
10591 0
10592 -1
10593 11
10594 11
10595 0
10596 100
10597 109
10598 23
10599 23
10600 58
10601 40
10602 40
10603 79
10604 44
10605 52
10606 -1
10608 37
10609 37
10610 -1
10611 11
10612 2
10613 2
10614 2
10615 2
10616 2
10617 2
10618 2
10619 63
10620 -1
10621 60
10622 33
10623 113
10624 0
10625 72
10626 0
10627 0
10628 0
10629 -1
10630 -1
10631 11
10632 0
10633 0
10634 0
10635 0
10636 0
10637 0
10638 -1
10639 60
10640 63
10641 85
10642 60
10643 72
10644 82
10645 79
10646 -1
10647 -1
10648 -1
10649 -1
10650 -1
10651 116
10652 88
10653 52
10654 6
10655 -1
10656 98
10657 100
10658 100
10659 100
10660 100
10661 -1
10662 100
10663 -1
10664 -1
10665 80
10666 80
10667 -1
10668 0
10669 0
10670 -1
10671 122
10672 100
10673 -1
10674 11
10675 38
10676 38
10677 38
10678 38
10679 38
10680 38
10681 -1
10682 20
10683 36
10684 93
10685 100
10686 93
10687 90
10688 93
10689 -1
10690 90
10691 90
10692 0
10693 90
10694 44
10695 44
10696 44
10697 -1
10698 36
10699 -1
10700 91
10701 -1
10702 -1
10703 100
10704 100
10705 100
10706 100
10707 100
10708 0
10709 100
10710 119
10711 125
10712 44
10713 -1
10714 -1
10715 44
10716 79
10717 126
10718 -1
10719 105
10720 -1
10721 6
10722 6
10723 6
10724 79
10725 45
10726 0
10727 63
10728 45
10729 45
10730 63
10731 109
10732 109
10733 109
10734 109
10735 109
10736 45
10737 6
10738 103
10739 88
10740 74
10741 11
10742 11
10743 48
10744 48
10745 30
10749 -1
10750 -1
10751 100
10752 100
10753 100
10754 63
10755 100
10756 100
10757 100
10758 100
10759 100
10760 100
10761 100
10762 -1
10763 63
10764 37
10765 125
10766 100
10767 100
10768 80
10769 -1
10770 -1
10771 21
10772 80
10773 22
10774 88
10775 69
10776 -1
10777 -1
10778 90
10779 69
10780 100
10781 100
10782 0
10783 105
10784 60
10785 0
10786 -1
10787 100
10788 100
10789 -1
10790 -1
10791 -1
10792 -1
10793 -1
10794 -1
10795 82
10796 -1
10797 44
10798 12
10799 12
10800 12
10801 12
10802 -1
10803 62
10804 22
10805 63
10806 22
10807 -1
10808 22
10809 22
10810 6
10811 -1
10813 37
10814 -1
10815 103
10816 44
10817 50
10818 50
10819 50
10820 50
10821 50
10822 50
10823 50
10824 50
10825 50
10826 50
10827 50
10828 50
10829 50
10830 50
10831 50
10832 50
10833 50
10834 14
10835 14
10836 -1
10837 93
10838 -1
10839 15
10840 0
10841 100
10842 100
10843 -1
10844 34
10845 96
10846 100
10847 11
10849 44
10850 0
10851 44
10852 -1
10853 75
10854 62
10855 6
10856 -1
10857 -1
10858 -1
10859 93
10860 93
10861 90
10862 -1
10863 -1
10864 0
10865 0
10866 0
10868 -1
10870 44
10871 0
10872 -1
10873 41
10874 6
10875 120
10876 60
10877 65
10878 -1
10879 -1
10880 11
10881 118
10882 118
10883 -1
10884 89
10885 89
10888 -1
10891 -1
10892 70
10893 41
10894 41
10895 -1
10896 41
10897 62
10898 -1
10899 -1
10900 37
10901 44
10902 -1
10903 44
10904 44
10905 44
10906 44
10907 44
10908 44
10909 0
10910 0
10911 0
10912 0
10913 0
10914 0
10915 0
10916 0
10917 0
10918 0
10919 19
10920 46
10921 41
10922 41
10923 41
10924 0
10925 27
10926 -1
10927 11
10928 59
10929 59
10930 -1
10931 -1
10932 -1
10933 -1
10934 -1
10935 -1
10936 11
10937 63
10938 6
10939 122
10940 -1
10941 -1
10942 -1
10943 96
10944 20
10945 20
10946 -1
10947 20
10948 -1
10949 112
10950 41
10951 -1
10952 -1
10953 65
10954 63
10955 44
10956 -1
10957 62
10958 109
10959 109
10960 109
10961 109
10962 109
10963 109
10964 95
10965 58
10966 6
10967 36
10968 126
10969 69
10970 6
10971 55
10972 55
10973 96
10974 -1
10975 34
10976 44
10977 -1
10978 11
10979 37
10980 0
10981 0
10982 63
10983 0
10984 130
10985 52
10986 63
10987 63
10988 -1
10989 -1
10990 -1
10991 92
10992 -1
10993 -1
10994 -1
10995 -1
10996 -1
10997 37
10998 0
10999 65
11000 -1
11001 -1
11002 -1
11003 34
11004 34
11005 -1
11007 -1
11008 -1
11009 -1
11010 114
11011 -1
11012 -1
11013 115
11015 37
11016 37
11017 37
11018 14
11019 44
11020 14
11021 14
11022 14
11023 44
11024 0
11025 -1
11026 116
11027 -1
11028 65
11029 -1
11030 35
11031 -1
11032 117
11034 44
11036 92
11037 0
11038 36
11039 41
11040 58
11042 27
11047 52
11048 52
11049 -1
11050 -1
11051 -1
11052 11
11056 38
11066 0
11067 0
11068 0
11069 0
11070 0
11071 0
11072 0
11073 -1
11074 44
11075 0
11076 0
11077 0
11078 0
11079 82
11080 84
11081 93
11082 -1
11083 -1
11084 44
11085 35
11086 23
11087 19
11088 19
11089 79
11090 -1
11091 -1
11092 -1
11093 -1
11094 130
11095 6
11096 6
11097 6
11098 6
11099 11
11100 0
11101 0
11102 -1
11104 0
11105 11
11106 -1
11107 37
11108 12
11109 113
11110 79
11111 79
11112 116
11113 6
11114 11
11115 11
11116 -1
11117 111
11120 36
11121 -1
11122 -1
11124 36
11126 36
11127 -1
11128 -1
11129 94
11130 44
11131 119
11132 14
11133 14
11134 70
11135 70
11136 0
11137 0
11138 0
11139 93
11140 6
11141 71
11142 32
11143 39
11144 -1
11145 0
11146 60
11147 -1
11148 -1
11149 63
11150 44
11151 -1
11152 -1
11153 -1
11154 44
11155 -1
11156 -1
11157 0
11158 0
11159 0
11160 47
11161 87
11162 0
11163 46
11164 19
11165 14
11170 44
11171 -1
11172 0
11173 0
11174 0
11175 0
11176 0
11177 0
11178 42
11179 0
11181 42
11182 41
11183 94
11184 41
11185 41
11186 63
11187 52
11188 52
11189 11
11190 -1
11191 -1
11192 -1
11193 52
11194 0
11195 42
11196 -1
11197 0
11198 103
11199 44
11200 6
11201 35
11202 -1
11203 -1
11204 75
11205 100
11206 0
11207 0
11208 0
11209 0
11210 41
11211 41
11212 0
11213 -1
11214 -1
11215 -1
11216 -1
11217 -1
11218 -1
11221 0
11222 68
11224 -1
11225 63
11226 90
11227 -1
11228 -1
11229 11
11230 68
11231 68
11233 -1
11234 33
11235 33
11236 33
11238 80
11239 84
11240 88
11241 -1
11242 6
11243 -1
11244 22
11245 -1
11246 0
11247 0
11248 111
11249 111
11252 11
11253 78
11254 -1
11255 15
11256 36
11257 -1
11258 -1
11259 -1
11260 0
11261 0
11262 0
11263 88
11264 12
11265 -1
11266 112
11267 -1
11268 130
11269 100
11270 -1
11271 100
11272 100
11273 58
11274 -1
11275 63
11276 -1
11277 11
11278 44
11279 0
11280 44
11281 -1
11282 17
11283 -1
11284 46
11285 34
11286 -1
11287 6
11288 103
11289 106
11290 36
11291 37
11292 82
11293 -1
11296 21
11297 -1
11298 33
11299 125
11300 82
11301 -1
11302 -1
11303 84
11304 38
11305 38
11306 38
11307 -1
11308 -1
11309 -1
11310 38
11311 -1
11312 0
11313 122
11314 82
11315 38
11316 38
11317 130
11318 27
11319 92
11320 -1
11321 44
11322 -1
11323 6
11324 44
11325 -1
11327 73
11328 -1
11329 0
11330 0
11331 0
11332 0
11333 0
11334 0
11335 0
11336 91
11337 0
11338 0
11339 11
11341 0
11343 63
11345 79
11346 0
11347 -1
11348 -1
11349 -1
11350 0
11351 0
11352 44
11353 44
11354 44
11355 44
11356 0
11357 -1
11358 57
11359 -1
11360 0
11361 -1
11362 2
11363 2
11364 21
11365 -1
11366 0
11367 0
11368 0
11369 71
11370 0
11371 71
11372 0
11373 71
11374 0
11375 127
11376 0
11378 44
11379 44
11380 36
11381 14
11382 -1
11383 0
11384 105
11385 0
11386 28
11387 0
11389 -1
11390 27
11391 0
11392 0
11393 0
11394 0
11395 0
11396 0
11397 0
11398 0
11399 0
11400 0
11401 103
11402 56
11403 6
11404 -1
11405 125
11406 125
11407 125
11408 0
11409 130
11410 0
11411 0
11412 44
11413 50
11414 -1
11415 -1
11416 0
11417 11
11418 0
11419 0
11420 -1
11421 35
11422 0
11423 0
11424 0
11425 0
11426 0
11427 127
11428 93
11429 93
11430 0
11431 -1
11432 0
11433 116
11434 116
11435 37
11436 6
11437 0
11438 0
11439 0
11440 11
11441 0
11442 11
11443 0
11444 11
11445 44
11446 30
11447 0
11448 0
11449 0
11450 0
11454 16
11455 0
11456 0
11457 0
11458 0
11459 -1
11460 -1
11461 15
11462 0
11463 -1
11464 124
11465 23
11466 6
11467 -1
11468 52
11469 0
11470 0
11471 52
11472 82
11473 44
11474 -1
11475 44
11476 -1
11477 -1
11478 36
11479 27
11480 27
11481 27
11482 27
11483 30
11485 -1
11486 44
11487 41
11488 0
11489 -1
11490 -1
11491 87
11492 87
11493 0
11494 0
11495 -1
11496 0
11497 11
11498 0
11499 44
11500 23
11501 125
11502 -1
11503 0
11504 0
11505 0
11506 -1
11507 0
11508 -1
11509 -1
11510 105
11511 -1
11512 -1
11513 -1
11514 0
11515 -1
11516 -1
11517 -1
11518 -1
11519 113
11520 -1
11521 75
11525 80
11526 93
11527 44
11528 0
11529 42
11530 0
11531 100
11532 -1
11534 44
11535 6
11536 130
11537 44
11538 103
11539 44
11540 44
11541 -1
11542 -1
11543 -1
11544 -1
11545 0
11547 -1
11548 36
11549 6
11551 6
11552 2
11553 2
11554 0
11557 -1
11558 17
11559 0
11560 0
11561 0
11562 17
11563 0
11564 0
11565 61
11566 44
11569 -1
11570 -1
11571 70
11572 0
11573 96
11574 36
11575 -1
11576 47
11577 6
11578 44
11579 0
11580 11
11581 -1
11582 83
11583 90
11584 130
11585 53
11586 53
11587 0
11588 0
11589 0
11590 0
11591 36
11592 126
11593 -1
11594 -1
11595 -1
11596 17
11597 -1
11598 11
11599 44
11600 130
11601 33
11602 37
11603 -1
11604 44
11605 60
11607 -1
11608 79
11609 -1
11610 126
11611 122
11612 -1
11613 -1
11614 34
11615 11
11616 122
11617 0
11618 0
11619 0
11620 0
11621 0
11622 0
11623 0
11624 0
11625 21
11626 29
11627 -1
11628 -1
11629 -1
11630 73
11631 60
11632 37
11633 6
11634 -1
11635 5
11636 44
11637 -1
11638 -1
11639 39
11640 -1
11641 52
11642 -1
11643 25
11644 -1
11645 -1
11646 0
11647 0
11648 0
11649 0
11650 0
11651 0
11652 -1
11653 27
11654 116
11655 44
11656 -1
11657 -1
11658 -1
11659 -1
11660 110
11661 111
11662 -1
11663 0
11664 0
11665 11
11666 5
11667 -1
11668 -1
11669 -1
11670 11
11671 11
11672 11
11673 11
11674 11
11675 -1
11676 -1
11677 6
11678 6
11679 6
11680 -1
11681 -1
11682 11
11683 10
11684 -1
11685 11
11686 92
11687 88
11688 88
11689 88
11690 88
11691 -1
11692 130
11693 115
11694 -1
11695 92
11696 44
11697 41
11698 5
11699 -1
11700 11
11701 -1
11702 0
11703 130
11704 13
11705 42
11706 59
11707 -1
11708 40
11709 40
11710 44
11711 44
11712 44
11713 44
11714 11
11715 65
11716 -1
11717 -1
11718 80
11719 80
11720 37
11721 62
11722 -1
11723 -1
11724 62
11725 62
11726 113
11727 70
11728 79
11729 63
11730 11
11731 41
11732 -1
11733 44
11734 -1
11735 -1
11736 128
11737 -1
11738 11
11739 -1
11740 -1
11741 105
11742 12
11743 -1
11744 -1
11745 -1
11746 -1
11747 52
11748 44
11749 44
11750 -1
11751 65
11752 5
11753 5
11755 5
11757 6
11758 -1
11759 -1
11760 47
11761 41
11762 0
11763 0
11764 -1
11765 42
11766 -1
11767 -1
11768 44
11769 52
11770 119
11771 -1
11772 -1
11773 44
11774 6
11775 6
11776 44
11777 103
11778 60
11779 0
11780 81
11781 0
11782 0
11783 61
11784 41
11785 -1
11786 47
11787 44
11788 44
11789 52
11790 -1
11791 40
11792 17
11793 44
11794 43
11795 11
11796 -1
11797 122
11798 -1
11799 37
11800 -1
11801 -1
11802 41
11803 41
11804 19
11805 41
11806 41
11807 -1
11808 41
11809 35
11810 41
11811 -1
11812 -1
11813 126
11814 11
11815 44
11816 -1
11817 41
11818 -1
11819 -1
11820 -1
11821 -1
11822 110
11824 -1
11825 14
11826 14
11827 110
11828 -1
11829 -1
11830 0
11831 36
11832 62
11833 61
11834 103
11835 0
11836 85
11837 0
11838 0
11839 0
11840 0
11841 0
11842 0
11843 6
11844 11
11845 -1
11846 37
11847 84
11848 23
11849 -1
11850 124
11851 -1
11852 13
11853 47
11854 -1
11855 -1
11856 -1
11857 44
11858 16
11859 0
11860 -1
11862 -1
11863 41
11865 -1
11867 42
11869 39
11870 39
11871 52
11872 -1
11873 0
11874 11
11875 41
11876 -1
11877 41
11878 28
11879 28
11880 -1
11881 41
11882 -1
11883 130
11884 -1
11885 47
11886 -1
11887 41
11888 -1
11889 -1
11890 92
11891 70
11892 0
11893 -1
11895 11
11896 44
11897 41
11898 -1
11899 52
11900 -1
11901 97
11902 42
11903 22
11904 12
11905 -1
11906 103
11907 79
11908 36
11909 130
11910 22
11911 22
11912 88
11913 65
11914 -1
11915 -1
11916 -1
11917 -1
11918 37
11920 -1
11921 -1
11922 93
11923 -1
11924 -1
11925 -1
11926 -1
11927 85
11928 114
11929 114
11930 120
11931 -1
11932 121
11933 44
11934 44
11935 28
11936 -1
11937 -1
11938 -1
11939 -1
11940 -1
11941 -1
11942 -1
11943 41
11944 41
11945 41
11946 -1
11947 -1
11948 41
11949 -1
11950 62
11951 -1
11952 44
11953 -1
11954 41
11955 -1
11956 28
11957 113
11958 28
11959 -1
11961 28
11962 -1
11963 -1
11964 52
11965 52
11966 -1
11967 28
11968 41
11969 41
11970 41
11971 85
11972 17
11973 17
11974 110
11975 -1
11976 18
11977 -1
11978 18
11979 11
11980 11
11981 11
11982 130
11983 120
11984 6
11985 41
11986 110
11987 41
11988 60
11989 130
11990 -1
11991 112
11992 35
11993 35
11994 -1
11995 44
11996 -1
11997 0
11998 0
11999 -1
12000 0
12001 -1
12002 -1
12003 -1
12004 -1
12006 109
12007 11
12008 -1
12010 -1
12011 -1
12012 -1
12013 -1
12014 -1
12015 -1
12016 -1
12017 119
12018 -1
12019 -1
12020 114
12021 114
12022 126
12023 -1
12024 88
12025 42
12026 -1
12027 41
12028 44
12029 44
12030 11
12031 44
12032 110
12033 -1
12034 -1
12035 -1
12036 41
12037 28
12038 -1
12039 73
12040 110
12041 74
12042 105
12043 92
12044 39
12045 39
12046 130
12047 -1
12048 41
12049 110
12050 75
12051 52
12052 41
12053 26
12054 79
12055 -1
12056 85
12057 28
12058 105
12059 -1
12060 74
12061 90
12062 41
12063 79
12064 11
12065 80
12066 13
12067 11
12068 44
12069 110
12070 12
12071 -1
12072 -1
12073 107
12074 -1
12075 -1
12076 -1
12077 76
12078 -1
12079 81
12080 -1
12081 0
12082 0
12083 0
12084 0
12085 0
12086 0
12087 105
12088 13
12090 0
12091 0
12092 0
12093 0
12094 0
12095 0
12096 0
12097 0
12098 -1
12099 81
12100 42
12101 42
12102 68
12103 105
12105 84
12106 44
12107 39
12108 0
12109 -1
12110 -1
12111 -1
12112 60
12113 60
12114 66
12115 55
12116 -1
12117 93
12118 111
12119 106
12120 106
12121 -1
12122 -1
12123 -1
12124 0
12125 -1
12126 55
12127 92
12128 43
12129 18
12130 -1
12131 58
12132 0
12133 0
12134 47
12135 0
12136 0
12137 0
12138 93
12139 60
12140 60
12141 0
12142 70
12143 -1
12144 16
12145 60
12146 60
12147 -1
12148 42
12149 42
12150 44
12151 115
12152 35
12153 18
12154 -1
12155 13
12156 -1
12157 105
12158 -1
12159 11
12160 0
12161 41
12162 41
12163 0
12164 41
12165 129
12166 129
12167 129
12168 129
12169 129
12170 18
12171 52
12172 129
12173 0
12174 -1
12175 -1
12176 129
12177 -1
12178 74
12179 6
12180 6
12181 -1
12182 60
12183 -1
12184 -1
12185 102
12186 18
12187 44
12188 47
12189 44
12190 130
12191 113
12192 -1
12193 44
12195 47
12196 -1
12197 -1
12198 118
12199 -1
12200 -1
12201 -1
12202 -1
12203 -1
12204 -1
12205 -1
12206 -1
12207 42
12208 -1
12209 44
12210 44
12211 41
12212 37
12213 130
12214 -1
12215 6
12216 55
12217 55
12218 44
12219 110
12220 -1
12221 -1
12222 -1
12223 -1
12224 -1
12226 90
12227 -1
12228 -1
12229 -1
12230 17
12231 17
12232 -1
12233 -1
12234 -1
12236 126
12237 123
12238 -1
12239 44
12240 41
12241 44
12242 41
12243 -1
12244 125
12245 126
12246 125
12247 125
12248 125
12249 -1
12250 126
12251 125
12252 -1
12255 -1
12256 -1
12257 44
12258 -1
12259 22
12260 41
12261 85
12262 -1
12263 76
12264 41
12265 41
12266 90
12267 -1
12268 -1
12269 -1
12270 -1
12271 75
12272 41
12273 -1
12274 -1
12275 -1
12276 45
12277 52
12278 -1
12279 -1
12280 -1
12281 -1
12282 44
12283 44
12284 45
12285 6
12286 113
12287 -1
12288 -1
12289 0
12290 -1
12291 113
12292 6
12293 6
12294 15
12295 6
12296 6
12297 62
12298 88
12299 88
12300 0
12301 0
12302 -1
12303 0
12304 14
12305 6
12306 0
12307 0
12308 0
12309 0
12310 0
12311 0
12312 0
12313 0
12314 44
12315 6
12316 65
12317 41
12318 -1
12319 -1
12320 47
12321 62
12322 44
12323 34
12324 44
12325 21
12326 -1
12327 -1
12328 32
12329 23
12330 -1
12331 106
12332 -1
12333 0
12334 -1
12335 -1
12337 110
12338 6
12339 85
12340 37
12341 105
12342 -1
12343 -1
12344 0
12345 -1
12346 0
12347 -1
12348 -1
12349 -1
12350 44
12351 -1
12352 43
12353 -1
12354 80
12355 80
12356 0
12357 0
12358 -1
12359 96
12360 -1
12361 -1
12362 -1
12363 -1
12364 55
12365 41
12366 44
12367 55
12368 55
12369 0
12370 55
12371 55
12372 55
12373 0
12374 55
12375 55
12376 55
12377 -1
12378 55
12379 0
12380 -1
12381 -1
12382 109
12383 35
12384 90
12385 -1
12386 44
12387 -1
12388 -1
12389 44
12390 -1
12391 44
12392 44
12393 44
12395 0
12397 17
12399 -1
12400 -1
12401 52
12402 -1
12403 0
12404 0
12405 -1
12406 44
12407 -1
12408 -1
12409 -1
12410 -1
12411 -1
12412 6
12413 60
12414 127
12415 38
12416 44
12417 -1
12418 44
12419 44
12420 -1
12421 -1
12422 44
12423 -1
12424 -1
12425 -1
12426 -1
12427 56
12428 66
12430 65
12431 -1
12432 65
12433 65
12434 65
12435 78
12436 44
12437 -1
12438 -1
12439 -1
12440 44
12441 44
12442 44
12443 -1
12444 18
12445 68
12446 16
12447 78
12448 0
12449 42
12450 42
12451 130
12452 -1
12453 68
12454 0
12455 125
12456 105
12457 66
12458 66
12459 66
12460 66
12461 66
12462 44
12463 90
12464 90
12465 90
12466 90
12467 85
12469 55
12472 70
12473 -1
12474 78
12476 37
12477 118
12478 47
12479 26
12480 26
12481 -1
12482 36
12483 -1
12484 41
12485 44
12486 79
12487 12
12488 -1
12490 85
12491 108
12492 88
12493 -1
12494 41
12495 41
12496 -1
12497 106
12498 47
12499 80
12500 44
12501 69
12502 29
12503 41
12504 28
12505 28
12506 0
12507 110
12508 106
12509 67
12510 -1
12511 28
12512 92
12513 118
12514 44
12515 0
12516 36
12517 19
12518 -1
12520 -1
12521 -1
12522 -1
12523 -1
12524 92
12525 -1
12527 -1
12528 0
12529 0
12530 0
12531 -1
12532 44
12533 44
12534 116
12535 42
12536 -1
12537 23
12538 -1
12539 41
12540 28
12541 28
12542 46
12543 44
12544 0
12545 0
12546 61
12547 81
12548 70
12549 85
12550 -1
12551 80
12552 -1
12558 19
12559 44
12560 47
12561 103
12562 0
12563 126
12564 126
12565 -1
12566 126
12567 126
12568 126
12569 126
12570 126
12571 -1
12572 27
12573 106
12575 62
12576 105
12577 44
12578 70
12579 70
12580 0
12581 0
12582 0
12583 0
12584 86
12585 -1
12586 65
12587 65
12588 -1
12589 102
12590 -1
12591 126
12592 -1
12593 -1
12594 -1
12595 41
12596 80
12597 48
12598 -1
12599 -1
12600 120
12601 37
12602 0
12603 106
12604 0
12605 76
12606 76
12607 19
12608 -1
12609 60
12610 60
12611 0
12612 0
12613 0
12614 0
12615 70
12616 79
12618 105
12619 41
12620 76
12621 76
12622 73
12624 109
12625 0
12626 109
12627 27
12628 -1
12629 10
12630 0
12631 0
12632 -1
12633 73
12634 31
12635 44
12636 37
12637 27
12638 -1
12639 70
12640 88
12641 115
12642 0
12643 44
12644 37
12645 92
12646 44
12647 113
12648 120
12650 130
12652 44
12653 -1
12654 44
12655 -1
12656 44
12657 -1
12658 74
12659 -1
12660 44
12661 0
12662 -1
12663 -1
12664 -1
12665 44
12666 67
12667 44
12668 103
12669 -1
12670 97
12671 80
12672 0
12673 0
12674 0
12675 0
12676 -1
12677 0
12678 123
12679 -1
12680 44
12681 111
12683 27
12684 44
12685 44
12686 130
12687 75
12688 17
12689 82
12690 0
12691 -1
12692 -1
12693 -1
12694 80
12695 80
12696 80
12697 0
12698 -1
12699 -1
12700 -1
12701 -1
12702 -1
12703 -1
12704 -1
12705 106
12706 106
12707 106
12708 115
12709 116
12710 0
12711 44
12712 44
12713 -1
12714 44
12715 44
12716 44
12717 0
12718 70
12719 85
12720 92
12722 62
12723 37
12724 -1
12725 60
12726 60
12727 0
12728 0
12729 0
12730 -1
12731 85
12732 -1
12733 113
12734 -1
12735 92
12736 6
12737 -1
12738 -1
12739 -1
12740 -1
12741 90
12742 -1
12743 80
12744 -1
12745 80
12746 80
12747 79
12748 12
12749 -1
12750 -1
12751 -1
12752 32
12753 -1
12754 44
12755 44
12756 70
12758 106
12759 91
12760 70
12761 70
12762 -1
12763 0
12764 -1
12766 -1
12767 80
12768 80
12769 106
12770 44
12771 73
12772 -1
12773 62
12774 18
12775 79
12776 62
12777 75
12778 0
12779 -1
12780 -1
12782 -1
12783 0
12784 0
12785 127
12786 -1
12787 0
12788 0
12789 0
12791 -1
12792 0
12793 0
12794 0
12795 0
12796 0
12797 0
12798 0
12799 0
12800 0
12801 0
12802 0
12803 0
12804 0
12805 -1
12806 -1
12807 106
12808 106
12809 110
12811 44
12812 -1
12813 -1
12814 -1
12818 -1
12819 -1
12820 66
12821 -1
12822 70
12823 42
12824 -1
12825 106
12826 94
12827 74
12828 44
12829 44
12830 39
12831 46
12832 -1
12833 -1
12836 78
12838 -1
12839 41
12840 -1
12841 37
12842 128
12843 0
12844 0
12845 82
12846 44
12847 11
12849 11
12850 105
12851 37
12853 66
12854 0
12855 0
12856 0
12857 -1
12858 -1
12859 -1
12860 -1
12861 68
12862 79
12863 79
12870 -1
12871 89
12872 89
12873 89
12874 89
12875 93
12876 0
12877 0
12880 -1
12881 -1
12882 -1
12883 -1
12884 56
12885 56
12886 0
12887 56
12888 -1
12889 0
12891 56
12892 70
12893 70
12894 75
12896 19
12897 66
12898 66
12899 105
12900 18
12901 66
12902 0
12903 79
12904 79
12905 79
12906 89
12907 88
12909 56
12911 103
12912 106
12913 -1
12914 0
12915 0
12916 -1
12917 56
12918 0
12919 0
12920 103
12921 103
12922 -1
12923 106
12924 106
12925 110
12926 47
12927 -1
12928 -1
12929 44
12930 44
12931 0
12932 0
12933 0
12934 0
12935 0
12936 46
12937 52
12938 52
12939 67
12940 70
12941 0
12942 46
12944 46
12945 46
12946 0
12948 46
12949 46
12950 46
12951 -1
12952 44
12953 46
12954 0
12955 0
12956 0
12957 46
12958 46
12959 46
12960 -1
12961 46
12962 103
12963 46
12964 46
12965 67
12966 67
12967 -1
12968 67
12969 -1
12970 67
12971 -1
12972 67
12973 67
12974 -1
12975 67
12976 67
12977 67
12978 67
12979 44
12981 60
12982 46
12983 -1
12984 67
12985 67
12986 67
12988 67
12989 41
12990 67
12991 67
12992 67
12993 67
12994 67
12995 67
13000 0
13001 0
13002 0
13003 0
13004 0
13005 0
13006 44
13008 66
13009 67
13010 67
13011 67
13012 66
13013 129
13014 33
13015 4
13016 4
13017 44
13018 4
13019 4
13020 -1
13021 -1
13022 46
13023 -1
13024 46
13025 46
13026 89
13027 122
13028 34
13029 33
13030 0
13031 0
13032 65
13033 0
13034 -1
13035 82
13036 -1
13037 -1
13038 77
13039 -1
13040 -1
13041 44
13042 52
13043 -1
13044 66
13045 0
13046 0
13047 -1
13048 -1
13049 66
13050 -1
13051 44
13052 42
13053 -1
13054 66
13055 17
13056 -1
13057 -1
13058 -1
13059 -1
13060 34
13061 44
13062 109
13063 106
13064 -1
13065 77
13066 -1
13067 115
13068 75
13069 113
13070 94
13071 94
13072 94
13073 94
13074 83
13075 94
13076 -1
13078 -1
13079 90
13080 -1
13081 -1
13082 -1
13083 0
13084 -1
13085 -1
13086 96
13087 61
13088 61
13089 -1
13090 27
13091 21
13092 70
13093 12
13094 27
13095 -1
13096 -1
13097 106
13098 -1
13099 -1
13100 105
13101 -1
13102 -1
13103 82
13104 44
13105 22
13106 -1
13107 41
13108 103
13109 129
13110 -1
13111 -1
13112 0
13113 0
13114 0
13115 0
13116 0
13117 0
13118 44
13119 -1
13120 -1
13121 76
13122 0
13123 44
13124 0
13125 44
13126 105
13127 -1
13128 -1
13131 14
13132 44
13133 93
13134 44
13135 44
13136 0
13137 -1
13139 -1
13140 -1
13142 115
13143 -1
13144 -1
13145 66
13146 103
13147 -1
13148 0
13149 64
13150 -1
13151 16
13152 -1
13154 128
13155 -1
13156 -1
13157 -1
13158 -1
13159 -1
13160 -1
13161 44
13162 -1
13163 -1
13164 -1
13165 75
13166 62
13167 60
13168 60
13171 60
13172 60
13173 60
13174 -1
13175 85
13176 85
13177 66
13179 66
13180 76
13181 76
13182 76
13183 66
13184 37
13185 66
13186 66
13187 79
13188 -1
13189 44
13191 105
13192 81
13193 103
13194 107
13195 0
13196 0
13197 -1
13199 68
13200 -1
13201 41
13202 41
13203 90
13205 123
13206 -1
13207 44
13208 93
13209 -1
13210 105
13211 -1
13212 -1
13213 41
13214 0
13215 0
13216 76
13217 0
13218 -1
13219 66
13220 66
13221 56
13222 56
13223 56
13224 75
13226 56
13227 56
13230 0
13231 0
13232 -1
13233 44
13235 44
13236 44
13237 37
13238 44
13239 114
13240 0
13241 110
13242 66
13243 -1
13244 76
13245 0
13246 0
13247 0
13248 76
13249 -1
13250 60
13251 -1
13252 76
13253 0
13254 0
13255 114
13256 90
13257 37
13258 44
13259 -1
13260 81
13261 0
13262 -1
13263 -1
13264 23
13265 -1
13266 -1
13267 62
13268 45
13269 32
13270 60
13271 44
13272 44
13273 52
13274 66
13275 -1
13276 -1
13277 30
13278 -1
13279 -1
13280 18
13281 -1
13282 76
13283 76
13284 76
13285 76
13286 76
13287 0
13288 -1
13289 88
13290 94
13291 94
13292 73
13293 96
13294 110
13295 6
13296 -1
13297 111
13298 0
13299 44
13300 44
13301 44
13302 44
13303 -1
13304 44
13305 44
13306 -1
13307 0
13308 74
13309 -1
13310 71
13311 127
13312 110
13313 77
13314 -1
13315 22
13317 26
13318 110
13319 109
13320 81
13321 81
13322 18
13323 17
13324 -1
13325 17
13326 17
13327 17
13328 -1
13330 118
13331 118
13332 118
13333 118
13334 26
13335 26
13336 -1
13337 0
13338 45
13339 45
13340 45
13341 -1
13342 -1
13343 42
13344 88
13345 35
13346 6
13347 45
13348 45
13349 -1
13350 -1
13351 60
13352 44
13353 -1
13354 41
13355 -1
13357 55
13358 0
13359 0
13360 48
13361 91
13362 -1
13363 90
13364 -1
13365 -1
13366 -1
13367 -1
13368 44
13369 44
13370 109
13371 109
13372 69
13373 96
13374 109
13375 69
13376 119
13377 60
13378 119
13379 119
13380 119
13381 119
13382 -1
13383 110
13384 -1
13385 -1
13386 74
13387 6
13388 109
13389 74
13390 -1
13391 39
13392 74
13393 74
13394 21
13395 -1
13397 -1
13398 61
13399 16
13400 -1
13401 12
13402 92
13403 66
13404 92
13405 0
13406 45
13407 -1
13408 44
13409 44
13412 73
13414 85
13415 60
13416 110
13417 113
13418 60
13419 -1
13420 41
13421 41
13422 -1
13423 -1
13424 -1
13425 -1
13426 -1
13427 92
13428 -1
13429 41
13430 37
13431 41
13432 0
13433 96
13434 -1
13435 74
13436 44
13437 0
13438 -1
13439 0
13440 0
13441 0
13442 60
13443 44
13444 6
13445 41
13446 -1
13447 44
13448 -1
13449 91
13450 -1
13452 92
13453 119
13454 -1
13455 41
13456 41
13457 -1
13458 74
13459 44
13460 -1
13461 -1
13462 0
13463 96
13464 80
13465 -1
13466 109
13467 -1
13468 81
13469 -1
13470 81
13471 92
13472 0
13473 0
13474 92
13475 41
13476 -1
13478 44
13479 -1
13480 -1
13481 0
13482 44
13483 93
13484 -1
13485 -1
13486 36
13487 -1
13488 92
13489 44
13490 44
13491 96
13492 96
13493 -1
13494 11
13495 0
13496 -1
13498 96
13499 96
13500 0
13501 74
13502 74
13503 -1
13504 92
13505 12
13506 0
13507 74
13509 74
13510 74
13511 36
13512 -1
13513 69
13514 44
13515 44
13516 -1
13517 -1
13518 -1
13521 42
13522 114
13523 44
13524 93
13525 -1
13526 37
13527 -1
13528 74
13529 75
13530 74
13531 74
13532 74
13535 96
13537 96
13539 77
13541 59
13542 41
13543 59
13544 -1
13545 23
13546 31
13547 31
13548 106
13552 -1
13553 -1
13555 44
13558 -1
13559 44
13560 88
13561 -1
13562 44
13563 44
13564 6
13565 -1
13567 44
13568 -1
13570 55
13571 -1
13572 106
13573 96
13575 75
13576 -1
13577 44
13578 74
13579 44
13581 44
13582 27
13583 44
13584 -1
13589 -1
13590 -1
13591 41
13592 41
13593 41
13596 -1
13597 44
13598 130
13599 17
13600 -1
13601 44
13602 52
13603 92
13604 114
13605 6
13607 35
13608 92
13609 122
13610 79
13612 52
13613 108
13614 -1
13615 44
13616 44
13617 -1
13618 113
13619 6
13620 -1
13623 -1
13624 44
13625 -1
13626 -1
13627 -1
13628 125
13629 75
13630 -1
13631 6
13633 -1
13634 13
13635 112
13636 -1
13637 96
13638 -1
13639 28
13640 96
13641 62
13642 44
13643 41
13644 -1
13645 69
13646 60
13647 -1
13648 92
13649 -1
13651 96
13652 44
13653 66
13654 -1
13655 92
13656 92
13657 92
13658 45
13659 92
13660 92
13661 49
13662 -1
13663 37
13664 35
13665 -1
13666 35
13668 -1
13669 -1
13670 -1
13671 41
13672 44
13674 47
13678 85
13679 -1
13680 58
13682 61
13683 66
13684 79
13685 -1
13686 -1
13687 73
13688 41
13689 58
13690 92
13691 63
13692 12
13693 -1
13694 -1
13695 -1
13696 -1
13697 81
13698 -1
13699 81
13700 81
13701 -1
13702 118
13703 -1
13704 16
13705 -1
13706 44
13707 44
13708 35
13709 44
13710 44
13711 -1
13712 37
13713 -1
13714 -1
13715 44
13716 -1
13717 45
13718 44
13719 75
13720 44
13721 79
13722 44
13723 -1
13724 47
13725 47
13726 47
13727 47
13728 47
13729 44
13730 -1
13732 44
13733 -1
13734 27
13735 27
13736 27
13737 47
13739 -1
13740 92
13741 92
13742 92
13743 9
13745 41
13746 -1
13747 -1
13748 65
13749 74
13750 -1
13751 53
13752 75
13753 -1
13754 47
13755 47
13756 -1
13757 44
13758 44
13759 -1
13760 -1
13761 85
13762 -1
13763 -1
13764 79
13765 79
13766 -1
13767 -1
13769 45
13772 94
13773 44
13774 44
13775 94
13777 92
13778 85
13779 92
13780 30
13781 -1
13782 17
13783 36
13784 36
13785 36
13786 -1
13787 -1
13788 44
13789 -1
13790 44
13791 44
13792 44
13793 18
13794 -1
13795 75
13796 53
13797 92
13798 -1
13799 53
13801 37
13802 44
13803 44
13804 -1
13805 42
13806 -1
13807 44
13809 -1
13810 119
13811 60
13812 110
13813 28
13814 36
13815 105
13816 -1
13817 -1
13818 116
13819 -1
13820 -1
13821 -1
13822 44
13823 47
13824 -1
13825 100
13826 44
13827 119
13828 -1
13829 92
13830 -1
13831 41
13832 41
13833 41
13834 115
13835 -1
13836 52
13837 127
13838 40
13839 -1
13840 70
13841 44
13842 -1
13843 -1
13844 -1
13845 42
13846 44
13847 44
13849 58
13850 -1
13851 -1
13852 16
13853 81
13854 81
13855 -1
13858 116
13859 -1
13860 35
13861 35
13862 35
13863 44
13864 61
13865 61
13866 61
13867 61
13868 61
13869 61
13870 61
13871 46
13872 46
13873 46
13874 35
13877 118
13878 11
13879 -1
13880 44
13881 93
13882 44
13883 42
13884 44
13885 44
13886 -1
13887 61
13888 75
13889 44
13890 44
13891 37
13892 37
13893 60
13894 -1
13895 90
13896 44
13897 -1
13898 60
13899 -1
13900 -1
13901 -1
13902 -1
13903 61
13904 -1
13905 -1
13906 118
13907 96
13908 44
13909 94
13910 92
13911 92
13912 36
13913 -1
13914 96
13915 -1
13916 44
13917 44
13922 44
13923 130
13924 65
13925 115
13926 73
13927 -1
13928 -1
13929 6
13930 75
13931 128
13932 105
13933 62
13934 41
13935 41
13937 -1
13938 26
13939 28
13940 52
13941 -1
13942 25
13943 15
13944 44
13945 113
13946 17
13947 75
13948 -1
13949 6
13950 105
13951 52
13952 -1
13953 -1
13954 -1
13956 -1
13957 44
13958 99
13959 37
13960 -1
13962 44
13963 35
13964 69
13965 53
13966 21
13967 44
13968 -1
13969 130
13970 44
13971 36
13972 -1
13974 -1
13975 -1
13976 44
13977 -1
13978 115
13980 119
13981 14
13983 37
13984 -1
13985 -1
13987 44
13988 -1
13989 41
13993 -1
13994 81
13996 -1
13998 -1
13999 44
14001 47
14002 118
14005 41
14006 -1
14007 52
14008 -1
14009 129
14010 -1
14011 -1
14012 46
14013 46
14014 -1
14016 -1
14017 -1
14018 96
14019 -1
14020 81
14021 47
14023 -1
14025 -1
14027 44
14029 44
14030 35
14031 44
14033 -1
14034 90
14035 37
14036 46
14037 46
14038 44
14039 42
14040 42
14041 42
14042 42
14048 44
14050 -1
14052 60
14053 -1
14056 -1
14057 -1
14058 52
14059 52
14060 47
14062 47
14063 52
14064 130
14065 53
14066 92
14067 44
14068 6
14069 -1
14071 94
14072 44
14073 15
14074 42
14075 -1
14076 92
14077 110
14078 -1
14079 93
14080 -1
14082 44
14083 53
14085 41
14086 44
14087 53
14088 37
14089 6
14090 44
14091 52
14092 -1
14093 68
14094 68
14095 68
14096 -1
14097 -1
14098 68
14099 68
14100 -1
14101 -1
14102 -1
14103 56
14104 65
14105 66
14106 41
14107 75
14108 14
14109 -1
14115 53
14116 53
14117 90
14118 53
14119 30
14120 -1
14121 130
14122 -1
14123 41
14124 66
14125 66
14126 -1
14127 41
14128 -1
14129 109
14130 41
14131 93
14132 44
14133 79
14134 77
14135 46
14136 46
14137 46
14138 -1
14141 -1
14142 16
14143 30
14146 -1
14147 79
14148 30
14149 30
14150 44
14151 76
14152 76
14153 93
14154 90
14156 79
14157 -1
14158 -1
14159 44
14160 66
14161 -1
14162 126
14164 81
14165 128
14166 129
14167 129
14168 129
14170 117
14171 130
14172 129
14173 -1
14175 80
14176 44
14177 -1
14178 80
14179 80
14180 80
14181 80
14182 80
14185 80
14186 129
14187 129
14189 44
14191 -1
14192 110
14193 41
14194 -1
14195 115
14196 115
14197 -1
14198 44
14199 28
14200 -1
14201 44
14202 44
14203 -1
14204 -1
14205 -1
14206 -1
14207 44
14208 17
14209 -1
14210 6
14211 79
14212 110
14213 110
14214 110
14215 -1
14216 110
14217 32
14218 69
14219 113
14220 -1
14222 113
14223 52
14224 52
14225 52
14226 52
14227 52
14228 60
14229 60
14230 110
14231 110
14232 -1
14233 41
14234 -1
14235 -1
14236 12
14237 12
14238 12
14239 12
14240 12
14241 12
14242 12
14243 12
14244 53
14245 -1
14246 46
14247 -1
14248 44
14249 44
14250 130
14251 41
14252 41
14253 41
14254 81
14255 81
14256 81
14257 44
14258 73
14259 -1
14260 44
14261 -1
14262 28
14263 53
14264 126
14265 41
14268 -1
14269 85
14270 41
14271 -1
14275 118
14276 -1
14277 41
14278 41
14281 44
14282 116
14283 116
14284 94
14287 -1
14288 113
14289 -1
14290 110
14291 110
14292 44
14293 13
14294 55
14295 74
14296 66
14298 -1
14301 -1
14302 70
14303 82
14304 12
14305 129
14306 81
14307 81
14308 -1
14310 65
14311 65
14312 -1
14313 93
14314 37
14315 44
14316 70
14317 70
14318 -1
14319 44
14320 -1
14321 93
14323 52
14326 -1
14327 60
14328 36
14329 44
14330 47
14331 17
14334 -1
14335 -1
14336 -1
14337 -1
14343 116
14346 46
14347 46
14348 -1
14349 -1
14350 -1
14351 79
14352 60
14353 12
14354 46
14355 53
14356 25
14360 -1
14361 44
14362 44
14363 -1
14365 -1
14367 18
14368 44
14369 -1
14370 -1
14374 46
14375 46
14376 126
14377 53
14378 53
14379 36
14381 79
14382 -1
14383 61
14384 -1
14385 106
14386 -1
14387 66
14388 44
14389 -1
14390 110
14391 36
14392 -1
14393 118
14394 -1
14395 44
14396 41
14397 -1
14398 41
14399 -1
14400 41
14402 12
14403 12
14404 44
14405 12
14406 12
14407 44
14408 92
14409 -1
14410 110
14411 -1
14412 53
14413 92
14414 105
14415 105
14416 -1
14417 105
14418 117
14419 130
14421 23
14422 93
14423 -1
14424 110
14425 80
14426 80
14427 116
14428 41
14431 46
14433 36
14435 81
14437 -1
14439 81
14440 81
14442 92
14443 -1
14444 44
14445 16
14446 126
14447 30
14448 -1
14449 -1
14450 35
14451 -1
14452 -1
14453 35
14454 -1
14455 42
14456 35
14457 -1
14458 -1
14459 44
14460 -1
14461 -1
14462 -1
14463 -1
14465 -1
14466 35
14467 35
14468 52
14469 -1
14470 -1
14472 -1
14473 -1
14474 -1
14475 44
14476 -1
14477 -1
14481 52
14483 -1
14484 21
14485 21
14486 46
14487 93
14488 73
14489 73
14490 114
14491 52
14492 52
14493 52
14494 130
14495 -1
14496 -1
14497 -1
14498 37
14499 12
14500 -1
14502 -1
14503 -1
14504 66
14505 23
14506 44
14507 -1
14508 -1
14511 36
14512 37
14513 37
14515 -1
14516 119
14517 69
14518 44
14519 92
14520 118
14521 12
14522 44
14525 53
14527 53
14528 44
14529 44
14530 44
14533 44
14534 17
14537 70
14538 70
14540 110
14543 110
14545 -1
14546 109
14547 109
14549 81
14550 53
14551 35
14553 44
14554 -1
14555 44
14556 110
14559 110
14560 79
14564 110
14565 110
14567 110
14568 110
14569 -1
14570 53
14571 53
14572 46
14573 46
14574 46
14575 46
14576 46
14578 46
14579 -1
14580 -1
14581 46
14582 -1
14583 46
14586 44
14587 41
14588 41
14589 44
14590 44
14592 -1
14596 -1
14598 -1
14599 110
14600 -1
14603 16
14605 44
14606 44
14607 -1
14611 99
14614 110
14615 41
14617 -1
14618 88
14619 110
14620 52
14621 -1
14622 -1
14623 42
14624 -1
14625 79
14627 -1
14629 105
14632 53
14634 -1
14635 44
14638 60
14639 44
14640 -1
14641 -1
14642 44
14643 44
14644 44
14645 94
14646 103
14647 -1
14648 124
14649 -1
14650 110
14651 12
14652 -1
14653 -1
14654 115
14655 -1
14656 103
14657 44
14659 85
14661 44
14662 81
14663 -1
14664 12
14665 -1
14666 105
14667 94
14668 117
14670 -1
14671 -1
14672 44
14675 92
14676 -1
14678 92
14685 65
14688 112
14689 -1
14691 -1
14692 -1
14693 -1
14694 -1
14695 -1
14696 -1
14697 -1
14698 6
14701 -1
14702 94
14703 -1
14706 110
14708 41
14709 41
14710 41
14711 44
14712 -1
14713 -1
14714 110
14715 96
14717 -1
14718 110
14719 90
14720 110
14721 -1
14722 71
14723 62
14724 111
14725 -1
14726 -1
14727 44
14728 41
14729 -1
14730 12
14731 130
14732 -1
14733 130
14734 124
14735 62
14736 -1
14737 93
14740 60
14741 -1
14742 44
14743 -1
14744 -1
14745 -1
14746 -1
14747 37
14748 6
14749 105
14752 93
14754 -1
14756 37
14757 -1
14758 -1
14759 44
14760 -1
14761 -1
14763 66
14764 -1
14765 12
14766 93
14767 81
14768 44
14769 44
14770 92
14771 44
14772 66
14773 105
14774 13
14775 16
14777 110
14779 -1
14780 52
14782 118
14783 27
14785 -1
14786 -1
14788 -1
14789 44
14790 -1
14791 26
14795 -1
14796 80
14797 92
14798 -1
14799 12
14800 97
14801 41
14802 92
14803 32
14804 110
14805 110
14807 -1
14808 -1
14809 -1
14810 -1
14811 41
14812 130
14813 -1
14814 114
14815 -1
14816 -1
14817 -1
14818 -1
14819 -1
14820 65
14821 79
14822 92
14823 -1
14824 12
14827 60
14828 79
14830 104
14831 44
14832 42
14834 44
14836 110
14837 62
14838 105
14839 36
14840 42
14841 44
14842 -1
14843 -1
14844 -1
14845 126
14846 31
14847 -1
14848 -1
14849 31
14850 99
14851 99
14852 -1
14853 -1
14854 18
14857 110
14858 93
14859 -1
14860 81
14861 -1
14863 44
14864 110
14865 110
14866 -1
14867 -1
14868 -1
14869 -1
14871 93
14872 -1
14874 44
14875 44
14876 99
14877 99
14878 65
14879 65
14880 111
14881 -1
14882 -1
14883 44
14885 44
14886 69
14887 36
14888 129
14889 -1
14890 10
14891 110
14892 -1
14893 37
14894 79
14895 79
14896 -1
14897 17
14898 41
14899 126
14900 99
14901 -1
14902 12
14903 12
14904 44
14905 6
14906 42
14907 17
14908 -1
14909 99
14910 44
14911 -1
14912 79
14913 -1
14914 117
14915 -1
14916 -1
14917 -1
14918 110
14919 37
14920 -1
14921 110
14922 -1
14923 99
14924 99
14925 -1
14926 99
14927 -1
14928 44
14929 36
14930 60
14931 -1
14932 99
14933 12
14934 99
14935 99
14936 99
14937 99
14938 12
14939 12
14941 99
14942 12
14943 87
14946 -1
14947 75
14948 32
14949 36
14950 44
14951 88
14957 65
14958 65
14959 65
14960 65
14961 65
14962 44
14963 99
14965 -1
14966 124
14967 65
14968 21
14969 54
14970 92
14971 123
14972 -1
14973 80
14974 80
14975 -1
14976 99
14977 99
14978 99
14979 -1
14980 99
14981 99
14982 99
14983 -1
14984 99
14985 99
14986 99
14987 99
14988 99
14989 99
14990 99
14991 99
14992 99
14993 99
14994 99
14995 99
14996 99
14997 99
14998 99
14999 99
15000 99
15001 99
15002 99
15003 99
15004 39
15005 99
15006 99
15007 99
15008 99
15009 110
15010 -1
15011 99
15012 99
15014 99
15015 99
15016 92
15017 -1
15018 18
15019 -1
15020 53
15021 -1
15022 -1
15023 37
15024 12
15025 126
15026 16
15027 44
15028 44
15029 -1
15030 -1
15031 -1
15032 12
15033 -1
15034 93
15035 -1
15036 37
15037 16
15038 75
15039 -1
15040 44
15041 -1
15042 52
15043 75
15044 44
15045 118
15046 37
15047 37
15048 37
15049 -1
15051 -1
15052 93
15053 92
15054 92
15055 92
15056 92
15057 92
15058 6
15059 6
15062 92
15063 79
15064 -1
15065 65
15066 -1
15067 44
15068 41
15069 92
15070 -1
15071 -1
15072 44
15073 -1
15074 -1
15075 53
15076 -1
15077 60
15078 60
15082 -1
15083 75
15084 -1
15085 90
15086 41
15087 17
15088 110
15089 36
15090 41
15091 41
15092 -1
15093 62
15094 -1
15095 -1
15096 -1
15097 44
15098 44
15099 44
15102 36
15103 36
15104 44
15105 -1
15106 41
15107 -1
15108 114
15110 28
15111 44
15112 6
15113 86
15114 55
15117 105
15118 105
15119 -1
15120 -1
15121 130
15122 130
15123 21
15124 -1
15125 21
15126 92
15127 85
15128 -1
15129 -1
15130 -1
15133 -1
15134 -1
15135 70
15136 70
15138 -1
15139 -1
15140 82
15141 -1
15142 44
15145 -1
15146 -1
15147 92
15148 12
15149 92
15150 -1
15151 18
15152 44
15157 -1
15160 92
15161 92
15162 -1
15164 -1
15165 -1
15167 -1
15168 42
15169 -1
15170 99
15171 -1
15172 -1
15173 99
15174 99
15175 99
15176 99
15177 99
15178 99
15179 99
15180 99
15181 -1
15182 -1
15184 -1
15185 79
15186 79
15187 41
15188 -1
15189 -1
15190 46
15191 -1
15192 -1
15193 46
15194 46
15195 46
15197 46
15198 63
15199 -1
15200 46
15201 46
15203 5
15204 -1
15205 -1
15207 -1
15208 -1
15211 -1
15212 41
15213 -1
15214 107
15215 -1
15216 -1
15217 -1
15218 -1
15219 -1
15220 -1
15221 -1
15222 37
15223 37
15224 11
15226 -1
15227 36
15228 37
15229 99
15230 46
15231 46
15232 46
15233 35
15234 46
15235 -1
15236 44
15237 124
15238 5
15239 110
15240 116
15241 110
15242 22
15243 -1
15244 -1
15245 -1
15246 12
15247 79
15248 -1
15249 5
15250 -1
15251 41
15252 75
15253 -1
15254 -1
15255 99
15257 113
15258 -1
15259 110
15260 46
15261 61
15262 -1
