identifier,cluster
1 -1
2 134
3 134
4 134
5 -1
6 200
7 -1
8 11
9 -1
10 -1
11 113
12 212
13 130
14 130
15 130
16 40
17 166
18 54
19 166
20 166
21 166
22 166
23 2
25 59
26 59
28 59
29 2
31 60
34 -1
35 143
36 -1
37 -1
38 138
39 73
40 73
41 73
42 2
43 73
44 2
45 73
46 -1
47 53
48 166
49 80
50 80
51 -1
52 11
53 2
54 -1
55 202
56 -1
58 -1
59 -1
60 53
61 34
62 34
63 31
64 166
65 166
66 118
67 -1
68 84
69 2
70 -1
71 -1
72 -1
73 -1
74 31
75 -1
76 203
77 195
78 166
79 -1
80 211
81 211
82 211
83 141
84 141
85 -1
86 -1
87 205
88 -1
89 177
90 22
91 22
92 141
93 -1
94 -1
95 -1
96 -1
97 192
98 192
99 11
100 2
101 57
102 57
103 205
104 208
105 195
106 202
107 -1
108 -1
109 61
110 41
111 57
112 196
113 187
114 -1
115 -1
116 212
117 185
118 -1
119 211
120 130
121 -1
122 67
123 -1
124 183
125 134
126 134
127 205
129 57
130 -1
131 199
132 199
133 113
134 211
135 -1
136 -1
137 61
138 -1
139 34
140 34
141 59
142 -1
143 -1
144 39
145 2
146 2
148 178
149 178
150 -1
151 153
152 -1
153 207
154 207
155 207
156 118
157 -1
159 -1
160 25
161 25
162 57
163 183
164 2
165 183
166 -1
167 -1
168 -1
169 -1
170 -1
171 -1
172 40
173 40
174 130
175 130
176 202
177 -1
178 -1
179 200
180 153
181 153
182 -1
183 -1
184 -1
185 41
186 -1
187 31
188 192
189 25
190 25
191 69
192 59
193 162
194 161
195 -1
196 57
197 -1
198 187
199 57
200 57
201 22
202 -1
203 -1
204 -1
205 -1
206 2
207 -1
208 59
209 211
210 211
211 -1
212 -1
213 -1
214 40
215 -1
216 178
217 178
218 -1
219 160
220 160
221 160
222 160
223 -1
224 -1
225 -1
226 -1
228 -1
229 -1
230 22
231 22
232 22
233 22
234 22
235 41
236 41
237 41
238 -1
239 -1
240 -1
241 -1
242 -1
243 -1
244 -1
245 75
246 110
247 110
248 120
249 -1
250 -1
251 110
252 -1
253 -1
254 172
255 174
256 174
257 -1
258 -1
259 -1
260 -1
261 -1
262 198
263 -1
264 102
265 -1
266 -1
267 179
268 180
269 166
270 133
271 207
272 22
273 127
274 57
275 207
276 211
277 178
278 178
279 57
280 -1
281 -1
282 207
283 207
284 -1
285 163
286 126
287 178
288 97
289 118
290 34
291 59
292 203
293 -1
294 59
295 -1
296 31
297 211
298 -1
299 -1
300 -1
301 41
302 130
303 -1
304 178
305 141
306 178
307 -1
308 207
309 59
310 -1
311 -1
312 -1
313 192
314 195
315 53
316 -1
317 -1
318 141
319 -1
320 202
321 178
322 -1
323 57
324 -1
325 -1
326 -1
327 184
330 211
331 -1
332 179
333 59
334 59
335 182
336 182
337 182
338 25
339 -1
340 146
341 182
342 62
345 2
346 2
348 211
349 211
350 211
352 -1
353 -1
354 -1
355 116
356 116
357 -1
358 213
359 -1
360 202
361 178
362 -1
363 207
364 99
365 84
366 -1
367 110
368 -1
369 -1
370 -1
371 -1
372 -1
373 -1
374 211
375 -1
376 211
377 201
378 -1
379 213
380 85
381 85
382 141
384 203
385 203
386 -1
387 192
388 -1
389 60
390 201
391 -1
392 -1
393 -1
394 166
395 -1
396 -1
397 114
398 202
399 25
400 25
401 125
402 25
403 176
404 -1
405 101
406 -1
407 -1
408 25
409 -1
410 -1
411 -1
412 -1
413 195
414 205
415 134
416 -1
417 -1
418 -1
419 -1
420 59
421 125
422 154
423 154
424 -1
425 -1
426 194
427 185
428 126
429 57
430 188
431 85
432 195
433 -1
434 58
435 34
438 211
439 211
440 100
441 100
442 2
444 112
446 174
447 94
448 124
449 -1
450 211
451 -1
452 -1
453 -1
454 97
455 167
456 40
457 57
458 17
459 17
460 -1
461 17
462 110
463 -1
464 192
465 17
466 17
467 178
468 17
469 17
470 17
471 101
472 113
473 146
474 75
475 75
476 106
477 106
478 50
479 50
480 106
481 106
482 163
483 17
484 -1
485 -1
486 110
487 146
488 146
489 146
490 146
491 146
492 74
493 146
494 75
495 125
496 17
497 17
498 146
499 146
500 -1
501 75
502 131
503 -1
504 146
506 41
507 41
508 116
509 116
510 -1
511 -1
512 -1
513 -1
514 174
515 174
516 -1
520 -1
522 -1
523 -1
524 184
525 184
526 -1
527 33
528 -1
529 91
532 91
533 79
534 -1
538 97
539 25
542 -1
546 57
547 40
549 166
550 166
551 2
557 -1
558 130
560 2
561 146
562 -1
563 146
564 195
566 74
567 -1
568 74
569 153
570 190
572 199
574 61
577 67
578 -1
579 17
580 112
581 17
582 17
583 17
584 17
585 17
586 17
587 17
588 -1
589 -1
590 57
591 57
592 -1
593 -1
594 133
595 -1
596 -1
597 -1
598 146
599 146
600 -1
601 -1
602 -1
603 31
604 -1
605 -1
606 146
607 146
608 146
609 146
610 -1
612 141
613 146
614 197
615 -1
616 197
617 146
618 146
619 146
620 -1
621 76
622 -1
623 -1
624 146
625 -1
626 146
627 -1
628 179
629 179
630 133
631 59
632 -1
634 -1
637 -1
638 57
639 185
640 185
642 -1
643 57
644 120
645 120
646 120
649 120
650 -1
651 116
652 -1
655 166
656 166
657 166
658 120
660 141
661 -1
662 130
663 146
664 179
665 -1
666 -1
667 -1
668 -1
669 174
670 166
671 31
672 37
673 184
674 34
675 195
676 -1
677 190
678 -1
679 85
680 85
681 -1
682 -1
683 166
684 -1
685 166
686 166
687 166
688 -1
689 166
690 57
691 57
692 59
693 57
694 -1
695 -1
696 22
697 141
698 -1
699 -1
700 31
701 190
702 190
703 -1
704 -1
705 66
706 -1
707 -1
708 40
709 74
710 -1
711 -1
712 -1
713 41
714 11
715 174
716 -1
717 199
718 181
719 209
720 -1
721 146
722 -1
723 -1
724 -1
728 -1
731 -1
732 -1
733 57
734 -1
735 155
736 -1
737 -1
738 125
739 107
740 124
741 40
742 -1
743 190
744 190
745 199
746 -1
747 -1
748 -1
749 -1
750 -1
751 -1
752 116
753 -1
754 -1
756 39
760 -1
762 203
763 -1
764 200
765 200
766 200
767 200
768 -1
769 -1
770 141
771 190
772 190
773 199
774 199
776 -1
777 127
778 179
779 139
780 59
781 -1
782 127
783 -1
784 59
785 25
786 116
787 -1
788 116
789 -1
790 200
791 44
792 -1
793 -1
794 -1
795 -1
796 -1
797 -1
800 53
801 195
802 195
803 22
804 -1
805 -1
806 108
807 -1
809 -1
811 201
812 158
813 146
814 113
815 146
816 146
817 97
818 97
819 -1
820 -1
821 -1
822 -1
823 -1
824 57
825 84
826 183
827 -1
828 146
829 -1
830 75
831 141
832 166
833 -1
834 185
835 208
836 -1
837 133
838 53
839 192
840 39
841 39
842 -1
843 -1
844 190
845 190
846 -1
847 180
848 175
849 67
850 127
851 -1
852 141
853 141
854 195
855 195
856 -1
857 -1
858 -1
859 57
860 -1
861 45
862 196
863 196
864 196
865 160
866 -1
870 -1
871 141
872 102
874 116
875 -1
876 10
877 116
879 116
880 2
881 2
882 2
884 -1
885 -1
887 116
891 211
892 2
893 2
894 2
897 211
898 2
899 -1
900 -1
901 -1
902 36
905 57
908 -1
909 -1
910 -1
911 116
912 60
913 -1
914 2
916 59
917 133
918 133
919 2
923 130
924 2
926 130
927 -1
928 -1
929 -1
930 -1
931 -1
933 -1
935 2
936 2
937 125
938 2
939 179
940 179
941 2
942 2
943 130
944 59
945 59
946 -1
947 2
950 2
951 2
952 110
953 110
955 -1
956 2
957 2
958 2
961 166
963 2
965 -1
966 177
967 134
969 134
970 -1
971 134
972 134
974 25
975 -1
976 2
978 2
979 141
980 -1
981 2
983 134
986 2
987 -1
989 -1
990 -1
991 -1
992 2
993 39
994 31
995 -1
996 -1
997 -1
998 39
999 104
1000 -1
1001 -1
1002 116
1003 58
1004 -1
1005 101
1006 101
1007 57
1008 -1
1009 2
1010 60
1011 120
1012 141
1013 -1
1014 -1
1015 -1
1016 -1
1017 57
1018 185
1019 -1
1020 2
1021 2
1022 2
1023 134
1024 134
1025 60
1026 -1
1027 101
1028 -1
1029 -1
1030 34
1031 -1
1032 -1
1033 -1
1034 192
1035 -1
1036 176
1037 61
1038 -1
1039 25
1040 53
1041 53
1042 116
1043 -1
1044 116
1045 -1
1046 200
1047 153
1048 -1
1049 -1
1050 203
1051 -1
1052 166
1053 166
1054 -1
1055 139
1056 126
1057 -1
1058 192
1059 -1
1060 -1
1061 -1
1062 -1
1063 -1
1064 -1
1067 22
1068 -1
1069 101
1070 39
1071 130
1072 130
1073 130
1074 130
1075 68
1076 130
1077 130
1078 130
1079 130
1080 130
1081 130
1083 2
1084 -1
1085 113
1086 101
1087 -1
1088 -1
1089 -1
1090 146
1091 25
1092 -1
1093 -1
1094 -1
1095 -1
1096 111
1097 112
1098 112
1099 112
1100 111
1101 2
1102 197
1103 -1
1104 2
1105 -1
1106 -1
1107 -1
1108 -1
1109 82
1110 -1
1111 104
1112 22
1113 -1
1114 -1
1115 31
1116 36
1117 200
1118 200
1119 75
1120 -1
1121 -1
1122 -1
1123 53
1124 208
1125 -1
1126 2
1127 57
1128 57
1130 203
1131 166
1132 72
1133 200
1134 162
1135 2
1136 2
1137 2
1138 -1
1139 -1
1140 -1
1141 180
1142 180
1143 -1
1144 217
1145 -1
1146 -1
1147 130
1148 -1
1149 2
1150 130
1151 2
1152 166
1153 166
1154 40
1155 40
1156 110
1157 110
1158 110
1159 59
1160 2
1161 162
1162 -1
1163 -1
1164 120
1165 2
1166 -1
1167 -1
1168 2
1169 59
1170 2
1171 -1
1172 125
1173 125
1174 -1
1175 2
1176 102
1177 102
1178 -1
1179 111
1180 187
1181 166
1182 166
1183 166
1184 32
1185 -1
1186 111
1187 211
1188 -1
1189 161
1190 195
1191 32
1192 32
1193 127
1194 -1
1195 33
1196 113
1197 111
1198 100
1199 151
1200 47
1201 100
1202 100
1203 100
1204 111
1205 39
1206 86
1207 2
1208 -1
1209 2
1210 2
1211 -1
1212 -1
1213 111
1214 111
1215 2
1216 39
1217 -1
1218 -1
1219 40
1220 -1
1221 111
1222 -1
1223 111
1224 111
1225 -1
1226 111
1227 213
1228 2
1229 130
1230 -1
1231 -1
1232 197
1233 111
1234 -1
1235 -1
1236 -1
1237 39
1238 2
1239 -1
1240 -1
1241 194
1242 -1
1243 197
1244 -1
1245 -1
1246 2
1247 2
1248 157
1249 -1
1250 -1
1251 -1
1252 187
1253 -1
1254 -1
1255 -1
1256 -1
1257 -1
1258 -1
1259 198
1260 -1
1261 -1
1262 -1
1263 -1
1264 -1
1265 -1
1266 -1
1267 -1
1268 -1
1269 -1
1270 127
1271 -1
1272 -1
1273 -1
1274 -1
1275 -1
1276 -1
1277 111
1278 2
1279 111
1280 -1
1281 207
1282 -1
1283 2
1284 2
1285 -1
1286 -1
1287 -1
1288 -1
1289 -1
1290 111
1291 -1
1292 31
1293 2
1294 100
1295 -1
1296 111
1297 111
1298 -1
1299 111
1301 34
1302 -1
1303 2
1304 -1
1305 177
1306 22
1307 133
1308 -1
1309 -1
1310 161
1311 -1
1312 -1
1313 195
1314 125
1315 131
1316 131
1317 131
1318 -1
1319 100
1320 -1
1321 85
1322 197
1323 61
1324 139
1325 141
1326 175
1327 174
1328 100
1329 -1
1330 111
1331 61
1332 -1
1333 166
1334 166
1335 166
1336 141
1337 -1
1338 61
1339 -1
1340 -1
1341 -1
1342 -1
1343 -1
1344 -1
1345 2
1346 -1
1347 -1
1348 22
1349 -1
1350 166
1351 166
1352 162
1353 -1
1354 57
1355 -1
1356 -1
1357 166
1358 57
1359 57
1360 139
1361 85
1362 76
1363 -1
1364 111
1365 111
1366 -1
1367 130
1368 -1
1369 88
1370 88
1371 -1
1372 -1
1373 139
1374 -1
1375 -1
1376 -1
1377 -1
1378 160
1379 57
1380 2
1381 90
1382 90
1383 90
1384 161
1385 57
1386 57
1387 -1
1388 111
1389 146
1390 203
1391 172
1392 -1
1393 2
1394 2
1395 -1
1396 -1
1397 40
1398 2
1399 -1
1400 -1
1401 166
1402 -1
1403 101
1404 39
1405 146
1406 61
1407 -1
1408 -1
1409 -1
1410 32
1411 32
1412 82
1413 2
1414 -1
1415 -1
1416 118
1417 -1
1418 111
1419 111
1420 -1
1421 -1
1422 -1
1423 138
1424 2
1425 2
1426 138
1427 113
1428 -1
1429 22
1430 22
1431 87
1432 87
1433 -1
1435 87
1436 133
1437 88
1438 88
1440 -1
1441 161
1442 -1
1443 186
1444 59
1445 160
1446 2
1447 141
1448 141
1449 -1
1450 166
1451 2
1452 -1
1453 166
1454 57
1455 166
1456 59
1457 107
1458 -1
1459 -1
1460 2
1461 187
1462 -1
1463 59
1464 -1
1465 88
1466 40
1467 140
1468 195
1469 -1
1470 -1
1471 2
1472 133
1473 153
1474 -1
1475 -1
1476 75
1477 207
1478 207
1479 207
1480 207
1481 -1
1482 32
1483 209
1484 166
1485 166
1486 -1
1487 125
1488 -1
1489 -1
1490 -1
1491 197
1492 60
1493 60
1494 133
1495 157
1496 138
1497 161
1498 116
1499 39
1500 -1
1501 -1
1502 -1
1503 2
1504 -1
1505 166
1506 -1
1507 34
1508 166
1509 166
1510 72
1511 -1
1512 -1
1513 100
1514 57
1515 130
1516 161
1517 -1
1518 -1
1519 -1
1520 174
1521 -1
1522 -1
1523 41
1524 -1
1525 -1
1526 -1
1527 169
1528 -1
1529 -1
1530 195
1531 -1
1532 33
1533 192
1534 -1
1535 74
1536 197
1537 133
1538 133
1539 -1
1540 -1
1541 112
1542 98
1543 -1
1544 116
1545 61
1546 39
1547 -1
1548 205
1549 205
1550 -1
1551 -1
1552 185
1553 153
1554 27
1555 27
1556 57
1557 25
1558 25
1559 98
1560 95
1561 95
1562 95
1563 25
1564 140
1565 26
1566 100
1567 130
1568 177
1569 53
1570 120
1571 -1
1572 141
1573 102
1574 88
1575 -1
1576 -1
1577 166
1578 -1
1579 -1
1580 -1
1581 -1
1582 25
1583 67
1584 201
1585 139
1586 40
1587 174
1588 -1
1589 133
1590 -1
1591 -1
1592 59
1593 25
1594 182
1595 -1
1596 187
1597 -1
1598 -1
1599 194
1600 208
1601 57
1602 141
1603 -1
1604 143
1605 110
1606 -1
1607 -1
1608 59
1609 -1
1610 39
1611 -1
1612 41
1613 -1
1614 -1
1615 189
1616 -1
1617 -1
1618 -1
1619 -1
1620 97
1621 100
1622 100
1623 205
1625 97
1626 97
1627 -1
1628 12
1629 -1
1630 57
1631 32
1632 68
1633 120
1634 -1
1635 -1
1636 -1
1637 57
1638 -1
1639 -1
1640 -1
1641 -1
1642 -1
1643 141
1644 -1
1645 112
1646 55
1647 71
1648 -1
1649 98
1650 177
1651 -1
1652 -1
1653 10
1654 187
1655 139
1656 -1
1657 118
1658 100
1659 100
1660 34
1661 -1
1662 -1
1663 -1
1664 207
1665 168
1666 -1
1667 130
1668 53
1669 -1
1670 -1
1671 -1
1672 141
1673 163
1674 -1
1675 57
1676 57
1677 163
1678 -1
1679 57
1680 184
1681 -1
1682 -1
1683 -1
1684 74
1685 -1
1686 2
1687 -1
1688 -1
1689 166
1690 -1
1691 -1
1692 76
1693 -1
1694 158
1695 2
1696 139
1697 130
1698 175
1699 88
1700 88
1701 -1
1702 -1
1703 2
1704 100
1705 -1
1706 -1
1707 -1
1708 61
1709 -1
1710 -1
1711 -1
1712 -1
1713 -1
1714 27
1715 25
1716 39
1717 73
1718 73
1719 73
1720 73
1721 73
1722 73
1723 73
1724 73
1725 73
1726 -1
1727 97
1728 -1
1729 211
1730 211
1731 -1
1732 84
1733 73
1734 59
1735 55
1736 55
1737 39
1738 39
1739 55
1740 55
1741 130
1742 177
1743 106
1744 146
1745 -1
1746 139
1747 18
1748 18
1749 18
1750 18
1751 18
1752 18
1753 18
1754 18
1755 18
1756 18
1757 18
1758 18
1759 18
1760 94
1761 94
1762 139
1763 -1
1764 -1
1765 107
1766 162
1767 104
1768 100
1769 -1
1770 -1
1771 100
1772 -1
1773 160
1774 32
1775 40
1776 -1
1777 106
1778 55
1779 -1
1780 113
1781 -1
1782 22
1783 22
1784 -1
1785 195
1786 134
1787 197
1788 39
1789 25
1790 25
1791 -1
1792 25
1793 25
1794 184
1795 -1
1796 184
1797 -1
1798 139
1799 -1
1800 -1
1802 97
1803 97
1804 -1
1805 -1
1806 -1
1807 112
1808 112
1809 -1
1810 112
1811 -1
1812 -1
1813 -1
1814 -1
1815 212
1816 212
1817 -1
1818 39
1819 166
1820 166
1821 139
1822 195
1823 183
1824 141
1825 141
1826 -1
1827 -1
1828 183
1829 183
1831 -1
1832 -1
1833 218
1834 -1
1835 218
1836 -1
1837 -1
1838 -1
1839 141
1840 141
1841 141
1842 -1
1843 -1
1844 -1
1845 -1
1846 76
1847 -1
1849 141
1850 97
1851 97
1852 -1
1853 100
1854 97
1855 98
1856 40
1857 40
1858 -1
1859 -1
1860 187
1861 187
1862 31
1863 -1
1864 100
1865 97
1866 100
1867 -1
1868 139
1869 -1
1870 -1
1871 32
1872 124
1873 166
1874 163
1875 139
1876 209
1877 102
1878 -1
1879 -1
1880 41
1881 162
1882 127
1883 162
1884 -1
1885 207
1886 207
1887 55
1888 -1
1889 148
1890 -1
1891 -1
1892 -1
1893 2
1894 -1
1895 -1
1896 -1
1897 -1
1899 100
1900 100
1901 100
1903 -1
1904 36
1905 36
1906 60
1907 -1
1908 166
1910 101
1911 157
1912 157
1913 -1
1914 60
1915 34
1916 34
1917 -1
1918 102
1919 -1
1920 2
1921 209
1922 130
1923 166
1924 -1
1925 61
1926 41
1927 -1
1928 73
1929 166
1930 134
1931 -1
1932 -1
1933 -1
1934 -1
1935 88
1936 -1
1937 -1
1938 213
1939 39
1940 213
1942 -1
1943 -1
1944 -1
1945 -1
1946 -1
1947 -1
1948 31
1949 -1
1950 -1
1951 59
1952 -1
1953 210
1954 210
1955 -1
1956 -1
1957 207
1958 207
1959 207
1960 -1
1961 127
1962 127
1963 60
1964 60
1965 55
1966 55
1967 60
1968 60
1969 57
1970 -1
1971 57
1972 207
1973 207
1974 60
1975 183
1976 183
1977 57
1978 59
1979 98
1980 -1
1981 -1
1982 40
1983 -1
1984 -1
1985 -1
1986 -1
1987 -1
1988 -1
1989 164
1990 25
1991 197
1992 33
1993 55
1994 -1
1995 -1
1996 -1
1997 -1
1998 25
1999 134
2000 100
2001 100
2002 100
2003 25
2004 59
2005 84
2006 -1
2007 152
2008 -1
2009 -1
2010 152
2011 152
2012 152
2013 -1
2014 152
2015 111
2016 -1
2017 211
2018 60
2019 -1
2020 -1
2021 -1
2022 -1
2023 -1
2024 -1
2025 -1
2026 -1
2027 -1
2028 209
2029 196
2030 196
2031 196
2032 196
2033 196
2034 196
2035 196
2036 -1
2037 -1
2038 102
2039 -1
2040 -1
2041 113
2042 112
2043 133
2044 197
2045 2
2046 197
2047 2
2048 -1
2049 -1
2050 -1
2051 -1
2052 123
2053 42
2054 -1
2055 2
2056 2
2057 -1
2058 2
2059 39
2060 -1
2061 59
2062 39
2063 -1
2064 -1
2065 110
2066 -1
2067 138
2068 48
2069 -1
2070 107
2071 107
2072 -1
2073 -1
2074 64
2075 -1
2076 -1
2077 -1
2078 -1
2079 -1
2080 197
2081 125
2082 -1
2083 178
2084 178
2085 178
2086 59
2087 158
2088 -1
2089 31
2090 -1
2091 -1
2092 -1
2093 -1
2094 196
2095 196
2096 196
2097 25
2098 -1
2099 -1
2100 181
2101 91
2102 172
2103 25
2104 -1
2105 -1
2106 209
2107 -1
2108 -1
2109 25
2110 -1
2111 -1
2112 210
2113 -1
2114 213
2115 25
2116 -1
2117 183
2118 183
2119 83
2120 -1
2121 -1
2122 -1
2123 -1
2124 -1
2125 -1
2126 162
2127 174
2128 161
2129 175
2130 -1
2131 -1
2132 -1
2133 102
2134 194
2136 57
2137 2
2138 2
2139 172
2140 175
2141 -1
2142 -1
2143 2
2144 208
2145 -1
2146 -1
2147 190
2148 199
2149 -1
2150 -1
2151 199
2152 -1
2153 -1
2154 -1
2155 -1
2156 102
2157 106
2158 -1
2159 -1
2160 -1
2161 128
2162 84
2163 148
2164 148
2165 148
2166 -1
2167 -1
2168 25
2169 25
2170 25
2171 130
2172 25
2173 157
2174 22
2175 -1
2176 -1
2177 -1
2178 -1
2179 124
2180 174
2181 -1
2182 139
2183 41
2184 -1
2185 -1
2186 -1
2187 31
2188 31
2189 31
2190 133
2191 141
2192 -1
2193 -1
2194 57
2195 -1
2196 -1
2197 -1
2198 -1
2199 163
2200 -1
2201 -1
2202 -1
2203 -1
2204 -1
2205 -1
2206 -1
2207 -1
2208 -1
2209 -1
2210 -1
2211 -1
2212 27
2213 112
2214 112
2215 25
2216 57
2217 25
2218 32
2219 32
2220 102
2221 140
2222 27
2223 -1
2224 146
2225 115
2226 115
2227 103
2228 -1
2229 163
2230 203
2231 -1
2232 199
2233 26
2234 133
2235 141
2236 214
2237 39
2238 -1
2239 -1
2240 146
2241 -1
2242 -1
2243 209
2244 -1
2245 161
2246 128
2247 130
2248 -1
2249 161
2250 -1
2251 -1
2252 -1
2253 -1
2254 -1
2255 34
2256 141
2257 -1
2258 -1
2259 -1
2260 208
2261 -1
2262 138
2263 -1
2264 -1
2265 2
2266 2
2267 2
2268 75
2269 -1
2270 155
2271 170
2273 125
2274 2
2275 127
2276 2
2277 -1
2278 199
2279 163
2280 -1
2281 -1
2282 51
2283 51
2284 51
2285 51
2286 172
2287 2
2288 172
2289 172
2290 2
2291 177
2292 -1
2293 -1
2294 -1
2295 36
2296 141
2297 100
2298 -1
2299 -1
2300 170
2301 126
2302 126
2303 166
2304 192
2305 51
2306 51
2307 51
2308 125
2309 179
2310 125
2311 125
2312 -1
2313 -1
2314 -1
2315 59
2316 59
2317 59
2318 59
2319 59
2320 -1
2321 -1
2322 -1
2323 -1
2324 -1
2325 -1
2326 -1
2327 155
2328 -1
2329 2
2330 -1
2331 51
2332 51
2333 51
2334 110
2335 2
2336 110
2337 51
2338 100
2339 51
2340 51
2341 51
2342 51
2343 51
2344 51
2345 -1
2346 100
2347 51
2348 -1
2349 133
2350 61
2351 -1
2352 148
2353 -1
2354 148
2355 148
2356 148
2357 148
2358 75
2359 75
2360 75
2361 74
2362 68
2363 68
2364 68
2365 68
2366 68
2367 -1
2368 -1
2369 -1
2370 -1
2371 -1
2372 183
2373 -1
2374 -1
2375 144
2376 211
2377 2
2378 -1
2379 2
2380 2
2381 2
2382 -1
2383 2
2384 120
2385 2
2386 -1
2387 -1
2388 -1
2389 120
2390 107
2391 -1
2392 -1
2393 -1
2394 207
2395 -1
2396 158
2397 158
2398 -1
2399 -1
2400 181
2401 -1
2402 -1
2403 -1
2404 91
2405 -1
2406 -1
2407 -1
2408 -1
2409 40
2410 -1
2411 -1
2412 -1
2413 157
2414 157
2415 157
2416 -1
2417 -1
2418 51
2420 51
2421 25
2422 25
2423 25
2424 25
2425 207
2426 -1
2427 105
2428 105
2429 205
2430 125
2431 125
2432 -1
2433 -1
2434 141
2435 -1
2436 98
2437 57
2438 82
2439 82
2440 102
2441 -1
2442 80
2443 125
2444 125
2445 -1
2446 -1
2447 41
2448 2
2449 -1
2451 51
2452 112
2453 2
2454 -1
2455 2
2456 2
2457 -1
2458 -1
2459 100
2460 75
2461 156
2462 -1
2463 190
2464 -1
2465 166
2466 54
2467 -1
2468 -1
2469 91
2471 141
2472 141
2473 162
2474 141
2475 59
2477 148
2478 148
2479 148
2480 148
2481 133
2482 -1
2483 -1
2484 -1
2485 102
2486 217
2487 -1
2488 134
2489 -1
2490 -1
2491 139
2492 -1
2493 -1
2494 113
2495 -1
2496 -1
2497 -1
2498 -1
2499 -1
2500 116
2501 -1
2502 162
2503 -1
2504 -1
2505 -1
2506 102
2507 102
2508 140
2509 140
2510 207
2511 2
2512 207
2513 2
2514 168
2516 166
2517 2
2518 207
2519 2
2520 -1
2521 133
2522 133
2523 -1
2524 -1
2525 57
2526 25
2527 2
2528 25
2529 -1
2530 -1
2531 -1
2532 -1
2533 -1
2534 -1
2535 -1
2536 2
2538 -1
2539 -1
2540 -1
2541 -1
2542 -1
2543 139
2544 59
2545 101
2546 100
2548 133
2549 133
2550 195
2551 -1
2552 -1
2553 -1
2554 -1
2555 158
2556 -1
2557 207
2558 113
2560 -1
2561 207
2562 139
2563 -1
2564 163
2565 97
2566 -1
2567 -1
2568 32
2569 107
2570 -1
2571 212
2572 101
2573 101
2574 188
2575 207
2576 174
2577 174
2578 -1
2579 57
2580 146
2581 51
2582 51
2583 -1
2584 59
2585 -1
2586 -1
2588 40
2589 -1
2590 61
2591 172
2592 -1
2593 168
2594 167
2595 2
2596 2
2597 131
2598 199
2599 -1
2600 -1
2601 91
2602 91
2603 91
2604 91
2605 91
2606 -1
2607 -1
2608 -1
2609 91
2610 91
2611 91
2612 91
2613 91
2614 90
2615 -1
2616 72
2617 35
2618 97
2619 25
2620 -1
2621 174
2622 -1
2623 -1
2624 25
2625 25
2626 -1
2627 -1
2628 175
2629 175
2630 -1
2631 -1
2632 -1
2633 -1
2634 141
2635 80
2636 186
2637 186
2638 107
2639 102
2640 102
2641 163
2642 -1
2643 -1
2644 130
2645 213
2646 25
2647 125
2648 125
2649 48
2650 21
2651 -1
2652 21
2653 -1
2654 133
2655 -1
2656 -1
2657 -1
2658 -1
2659 -1
2660 -1
2661 -1
2663 32
2666 -1
2670 -1
2671 146
2674 163
2675 -1
2676 21
2677 21
2678 21
2679 21
2680 -1
2681 37
2682 157
2683 55
2684 158
2685 158
2686 -1
2687 -1
2688 -1
2689 -1
2690 57
2691 -1
2692 -1
2693 25
2694 -1
2695 85
2696 2
2698 34
2700 2
2701 197
2702 197
2703 197
2704 -1
2705 2
2706 133
2707 2
2709 133
2710 -1
2711 143
2712 2
2713 -1
2714 118
2715 2
2716 2
2718 138
2719 70
2720 72
2721 153
2722 126
2723 33
2724 75
2725 59
2726 -1
2727 20
2728 -1
2729 2
2730 2
2731 138
2732 57
2733 192
2734 125
2735 2
2736 125
2737 25
2739 -1
2740 -1
2741 -1
2742 40
2743 133
2744 -1
2745 -1
2746 2
2747 2
2748 100
2750 2
2751 203
2753 125
2754 25
2755 25
2756 25
2758 91
2759 -1
2760 172
2761 -1
2762 146
2763 -1
2764 -1
2765 74
2766 141
2767 -1
2768 94
2769 -1
2770 130
2771 130
2772 59
2773 2
2774 141
2775 -1
2776 152
2777 152
2778 152
2779 161
2780 -1
2782 -1
2783 185
2784 139
2785 161
2786 -1
2787 192
2788 -1
2789 27
2790 -1
2791 100
2792 100
2793 100
2794 2
2795 -1
2796 167
2797 113
2798 83
2799 167
2800 197
2801 207
2802 -1
2804 133
2805 59
2806 146
2807 170
2808 170
2809 146
2810 146
2811 130
2812 130
2813 139
2814 -1
2815 75
2816 75
2817 75
2818 75
2819 75
2820 -1
2821 75
2822 75
2823 -1
2824 107
2825 -1
2826 -1
2827 76
2828 -1
2829 139
2830 139
2831 184
2832 -1
2833 141
2834 70
2835 -1
2836 126
2837 84
2838 84
2839 74
2840 -1
2841 98
2842 -1
2843 112
2844 156
2845 207
2846 -1
2847 156
2848 156
2849 59
2850 59
2851 -1
2852 59
2853 59
2854 59
2855 -1
2856 183
2857 168
2858 168
2859 162
2860 162
2861 162
2862 162
2863 139
2864 -1
2865 -1
2866 -1
2867 139
2868 160
2869 212
2870 212
2871 163
2872 163
2873 174
2874 183
2875 41
2876 25
2877 101
2878 212
2879 -1
2880 -1
2881 110
2882 -1
2883 152
2884 152
2885 152
2886 174
2887 -1
2888 59
2889 59
2890 139
2891 139
2892 158
2893 158
2894 133
2895 -1
2896 158
2897 158
2898 158
2899 134
2900 136
2901 -1
2902 25
2903 32
2904 110
2905 2
2906 2
2907 110
2908 203
2909 125
2910 172
2911 41
2912 -1
2913 41
2914 41
2915 -1
2916 -1
2917 -1
2918 -1
2919 -1
2920 25
2921 183
2922 101
2923 -1
2924 -1
2925 -1
2926 -1
2927 59
2928 -1
2929 59
2930 59
2931 59
2932 59
2933 59
2934 59
2935 -1
2936 113
2937 141
2938 -1
2939 -1
2940 57
2941 123
2942 133
2943 -1
2944 139
2945 130
2946 130
2947 57
2948 105
2949 -1
2950 -1
2951 32
2952 -1
2953 -1
2954 182
2955 176
2956 -1
2957 59
2958 59
2959 -1
2960 152
2961 152
2962 152
2963 152
2964 -1
2965 167
2966 -1
2967 -1
2968 -1
2969 -1
2970 146
2971 146
2972 31
2973 59
2974 34
2975 59
2976 -1
2977 57
2978 59
2979 134
2980 130
2981 130
2982 -1
2983 190
2984 -1
2985 -1
2986 141
2987 126
2988 217
2989 55
2990 161
2991 -1
2992 59
2993 59
2994 59
2995 59
2996 59
2997 141
2998 -1
2999 -1
3001 -1
3002 100
3003 -1
3004 -1
3005 158
3006 49
3007 141
3008 -1
3009 116
3010 116
3011 -1
3012 2
3013 -1
3014 -1
3015 73
3016 73
3017 73
3018 208
3019 -1
3020 -1
3021 128
3022 61
3023 61
3024 61
3025 61
3026 57
3027 34
3028 100
3029 -1
3030 -1
3031 130
3032 -1
3033 -1
3034 -1
3035 -1
3036 179
3037 -1
3038 -1
3039 -1
3040 -1
3041 147
3042 139
3043 139
3044 139
3045 -1
3046 209
3047 138
3048 53
3049 -1
3050 141
3051 194
3052 174
3053 113
3054 40
3055 107
3056 146
3057 73
3058 32
3059 185
3060 57
3061 -1
3062 -1
3063 -1
3064 -1
3065 -1
3066 59
3067 75
3068 163
3069 53
3070 -1
3071 209
3072 57
3073 -1
3074 -1
3075 -1
3076 32
3077 -1
3078 2
3079 2
3080 2
3081 -1
3082 -1
3083 -1
3084 123
3085 100
3086 163
3087 -1
3088 212
3089 212
3090 184
3091 184
3092 130
3093 130
3094 -1
3095 33
3096 33
3097 41
3098 41
3099 -1
3100 -1
3101 -1
3102 58
3103 209
3104 141
3105 195
3106 -1
3107 126
3108 118
3109 -1
3110 -1
3111 -1
3112 -1
3113 -1
3114 -1
3115 133
3116 110
3117 53
3118 -1
3119 -1
3120 197
3121 197
3122 100
3123 -1
3124 -1
3125 -1
3126 -1
3127 80
3128 80
3129 -1
3130 162
3131 162
3132 162
3133 118
3134 118
3135 130
3136 130
3137 130
3138 130
3139 130
3140 162
3141 162
3142 -1
3143 -1
3144 -1
3145 -1
3146 -1
3147 78
3148 -1
3149 -1
3150 39
3151 -1
3152 -1
3153 -1
3154 -1
3155 -1
3156 -1
3157 201
3158 208
3159 -1
3160 -1
3161 -1
3162 138
3163 133
3164 -1
3165 -1
3166 -1
3167 168
3168 168
3169 -1
3170 212
3171 193
3172 -1
3173 -1
3174 158
3175 -1
3176 217
3177 146
3178 146
3179 162
3180 193
3181 172
3182 -1
3183 -1
3184 166
3186 2
3187 212
3188 212
3189 -1
3190 40
3191 40
3192 -1
3193 2
3194 2
3195 -1
3196 201
3197 110
3198 199
3199 199
3200 190
3201 190
3202 190
3203 -1
3204 -1
3205 -1
3206 -1
3207 -1
3208 -1
3209 -1
3210 198
3211 -1
3212 -1
3213 -1
3214 -1
3215 199
3216 199
3217 199
3218 199
3219 198
3220 -1
3221 -1
3222 198
3223 -1
3224 -1
3225 -1
3226 -1
3227 100
3228 213
3229 32
3230 31
3231 130
3232 41
3233 41
3234 -1
3235 -1
3236 -1
3237 -1
3238 190
3239 -1
3240 199
3241 196
3242 155
3243 201
3244 146
3245 -1
3246 -1
3247 178
3248 178
3251 2
3252 178
3253 113
3254 37
3255 -1
3256 198
3257 -1
3258 156
3260 156
3261 102
3263 125
3265 -1
3268 -1
3269 53
3270 34
3272 34
3273 -1
3274 101
3275 -1
3276 156
3277 156
3278 156
3279 156
3280 156
3281 156
3282 -1
3283 -1
3284 59
3285 74
3286 74
3287 -1
3288 -1
3289 116
3290 81
3291 146
3292 -1
3293 102
3294 133
3295 -1
3296 114
3297 212
3298 59
3299 59
3300 -1
3301 100
3302 -1
3303 -1
3304 -1
3305 174
3306 -1
3307 146
3308 -1
3309 157
3310 156
3311 130
3312 100
3313 208
3314 59
3315 31
3316 199
3317 191
3318 -1
3319 -1
3320 26
3321 60
3322 98
3323 113
3324 127
3325 113
3326 25
3327 -1
3328 60
3329 -1
3330 53
3331 112
3332 112
3333 105
3334 112
3335 156
3336 192
3337 -1
3338 212
3339 141
3340 -1
3341 178
3342 146
3343 -1
3344 -1
3345 -1
3346 -1
3347 60
3348 -1
3349 -1
3350 158
3351 -1
3352 -1
3353 -1
3354 -1
3355 -1
3356 199
3357 130
3358 130
3359 32
3360 -1
3361 -1
3362 113
3363 191
3364 185
3365 -1
3366 -1
3367 32
3368 32
3369 32
3370 -1
3371 32
3372 -1
3373 195
3374 74
3375 -1
3376 94
3377 141
3378 70
3379 -1
3380 62
3381 -1
3382 191
3383 -1
3384 60
3385 -1
3386 -1
3387 -1
3388 -1
3389 -1
3390 -1
3391 60
3392 130
3393 130
3394 141
3395 146
3396 -1
3397 146
3398 146
3399 113
3400 -1
3401 102
3402 191
3403 -1
3404 -1
3405 105
3406 -1
3407 116
3408 -1
3409 112
3410 -1
3411 -1
3412 203
3413 189
3414 25
3415 -1
3416 112
3417 111
3418 111
3419 130
3420 111
3421 -1
3422 191
3423 191
3424 -1
3425 162
3426 111
3427 111
3428 97
3429 -1
3430 -1
3431 160
3432 -1
3433 -1
3434 -1
3435 111
3436 -1
3437 -1
3438 111
3439 111
3440 -1
3441 189
3442 112
3443 112
3444 112
3445 112
3446 111
3448 111
3449 174
3450 111
3451 111
3452 111
3453 111
3454 111
3455 111
3456 111
3457 112
3458 112
3459 112
3460 112
3461 112
3462 112
3463 112
3464 112
3465 -1
3466 112
3467 112
3468 112
3469 112
3470 112
3471 112
3472 112
3473 112
3474 112
3475 112
3476 112
3477 39
3478 191
3479 203
3480 217
3481 217
3482 57
3483 -1
3484 -1
3485 54
3486 100
3487 -1
3488 -1
3489 208
3490 71
3491 67
3492 -1
3493 100
3494 113
3495 -1
3496 26
3497 183
3498 141
3499 141
3500 98
3501 -1
3502 -1
3503 76
3504 76
3505 -1
3506 -1
3507 -1
3508 -1
3509 125
3510 -1
3511 191
3512 -1
3513 -1
3514 -1
3515 -1
3516 -1
3517 -1
3518 -1
3519 -1
3520 146
3521 146
3522 146
3523 79
3524 146
3525 42
3526 146
3527 -1
3528 146
3529 -1
3530 -1
3531 -1
3532 124
3533 146
3534 -1
3535 75
3536 -1
3537 146
3538 146
3539 130
3540 -1
3541 146
3542 124
3543 146
3544 -1
3545 40
3546 -1
3547 -1
3548 -1
3549 212
3550 178
3551 191
3552 -1
3553 191
3554 -1
3555 57
3556 27
3557 124
3558 41
3559 -1
3560 191
3561 91
3562 -1
3563 191
3564 -1
3565 -1
3566 130
3567 -1
3568 32
3569 32
3570 -1
3571 -1
3572 -1
3573 127
3574 -1
3575 -1
3576 59
3577 -1
3578 158
3579 57
3580 -1
3581 123
3582 31
3583 31
3584 -1
3585 -1
3586 -1
3587 -1
3588 -1
3589 55
3590 55
3591 -1
3592 -1
3593 146
3594 188
3595 150
3596 -1
3597 -1
3598 -1
3599 -1
3600 191
3601 134
3602 -1
3603 37
3604 -1
3605 -1
3606 -1
3607 -1
3608 80
3609 34
3610 197
3611 187
3612 57
3613 191
3614 -1
3615 59
3616 -1
3617 -1
3618 20
3619 141
3620 25
3621 -1
3622 153
3623 -1
3624 191
3625 -1
3626 25
3627 81
3628 -1
3629 87
3630 195
3631 -1
3632 194
3633 59
3634 20
3635 -1
3636 133
3637 -1
3638 203
3639 190
3640 -1
3641 130
3642 59
3643 207
3644 207
3645 -1
3646 -1
3647 104
3648 32
3649 -1
3650 182
3651 -1
3652 -1
3653 -1
3654 174
3655 -1
3656 -1
3657 -1
3658 -1
3659 -1
3660 150
3661 -1
3662 -1
3663 -1
3664 -1
3665 60
3666 139
3667 59
3668 85
3669 -1
3670 59
3671 -1
3672 -1
3673 191
3674 104
3675 -1
3676 70
3677 198
3678 -1
3679 -1
3680 -1
3681 100
3682 100
3683 162
3684 -1
3686 -1
3687 138
3688 -1
3689 163
3690 166
3691 127
3692 126
3694 34
3695 57
3696 110
3697 59
3698 107
3699 -1
3700 161
3701 25
3702 163
3703 -1
3704 40
3705 119
3706 -1
3707 141
3708 -1
3709 209
3710 -1
3711 158
3712 31
3713 59
3714 212
3715 212
3716 213
3718 -1
3719 -1
3720 -1
3721 -1
3722 207
3723 126
3724 91
3725 126
3726 32
3727 158
3728 -1
3729 -1
3730 -1
3731 113
3732 -1
3733 -1
3734 -1
3735 -1
3736 153
3737 153
3738 110
3739 -1
3740 99
3741 205
3742 -1
3743 163
3744 125
3745 70
3746 -1
3747 -1
3748 -1
3749 125
3750 -1
3751 -1
3752 -1
3753 107
3754 100
3755 197
3756 -1
3757 153
3758 197
3759 62
3760 36
3761 36
3762 -1
3763 -1
3764 -1
3765 -1
3766 -1
3767 -1
3768 36
3769 36
3770 -1
3771 -1
3772 39
3773 39
3774 114
3775 -1
3776 -1
3777 141
3778 -1
3779 104
3780 -1
3781 -1
3782 -1
3783 -1
3784 -1
3785 143
3786 143
3787 -1
3788 -1
3789 -1
3790 -1
3791 -1
3792 185
3793 111
3794 111
3795 111
3796 111
3797 111
3798 111
3799 111
3800 111
3801 111
3802 111
3803 111
3804 111
3805 111
3806 111
3807 111
3808 172
3809 33
3810 31
3811 59
3812 208
3813 208
3814 213
3815 168
3816 -1
3817 -1
3818 125
3819 126
3820 -1
3821 161
3822 -1
3823 139
3824 161
3825 175
3826 -1
3827 59
3828 183
3829 183
3830 107
3831 -1
3832 191
3833 80
3834 -1
3835 191
3836 40
3837 179
3838 -1
3839 41
3840 41
3841 53
3842 -1
3843 190
3844 -1
3845 199
3846 91
3847 -1
3848 113
3849 41
3850 41
3851 -1
3852 140
3853 174
3854 -1
3855 -1
3856 -1
3857 89
3858 -1
3859 113
3860 -1
3861 -1
3862 205
3863 -1
3864 101
3865 -1
3866 194
3867 136
3868 -1
3869 -1
3870 -1
3871 89
3872 -1
3873 -1
3874 -1
3875 57
3876 162
3877 74
3878 -1
3879 25
3880 130
3881 120
3882 -1
3883 89
3884 17
3885 59
3886 125
3887 -1
3888 -1
3889 -1
3890 -1
3891 -1
3892 -1
3893 66
3894 -1
3895 -1
3896 -1
3897 -1
3898 89
3899 89
3900 -1
3901 32
3902 32
3903 32
3904 -1
3905 -1
3906 84
3907 91
3908 -1
3910 208
3911 185
3912 185
3913 175
3914 152
3915 152
3916 152
3917 86
3918 141
3919 -1
3920 139
3921 83
3922 -1
3923 195
3924 195
3925 -1
3926 -1
3927 158
3928 -1
3929 100
3930 -1
3931 139
3932 -1
3933 131
3934 -1
3935 112
3936 97
3937 112
3938 112
3939 -1
3940 112
3941 112
3942 -1
3943 -1
3944 98
3945 139
3946 139
3947 -1
3948 59
3949 59
3950 -1
3951 113
3952 25
3953 -1
3954 -1
3955 203
3956 -1
3957 -1
3958 59
3959 17
3960 -1
3961 -1
3962 53
3963 -1
3964 -1
3965 205
3966 174
3967 49
3968 89
3969 89
3970 89
3971 48
3972 48
3973 -1
3974 48
3975 48
3976 138
3977 138
3978 138
3979 138
3980 -1
3981 -1
3982 -1
3983 -1
3984 197
3985 -1
3986 22
3987 22
3988 116
3989 -1
3990 -1
3991 -1
3992 -1
3993 -1
3994 -1
3995 -1
3996 82
3997 107
3998 161
3999 82
4000 -1
4001 82
4002 183
4003 139
4004 139
4005 107
4006 158
4007 -1
4008 -1
4009 -1
4010 130
4011 130
4012 102
4013 -1
4014 120
4015 174
4016 -1
4017 -1
4018 184
4019 184
4020 -1
4021 -1
4022 -1
4023 22
4024 22
4025 22
4026 -1
4027 27
4028 39
4029 102
4030 34
4031 34
4032 57
4033 25
4034 174
4035 -1
4036 25
4037 -1
4038 -1
4039 55
4040 113
4041 158
4042 158
4043 158
4044 -1
4045 -1
4046 -1
4047 -1
4048 -1
4049 120
4050 -1
4051 120
4052 120
4053 120
4054 120
4055 -1
4056 203
4057 199
4058 198
4059 -1
4060 -1
4061 -1
4062 130
4063 130
4064 130
4065 -1
4066 174
4068 182
4069 74
4070 110
4071 -1
4072 -1
4073 -1
4074 208
4075 57
4076 -1
4077 133
4078 179
4079 179
4080 -1
4082 113
4083 190
4084 199
4085 199
4086 199
4087 199
4088 59
4089 -1
4090 113
4091 57
4092 -1
4093 -1
4094 198
4095 -1
4096 -1
4097 141
4098 141
4099 218
4100 -1
4101 104
4102 59
4103 141
4104 -1
4105 163
4106 141
4107 -1
4108 -1
4109 190
4110 -1
4111 190
4112 25
4113 -1
4114 -1
4115 -1
4116 192
4117 -1
4118 163
4119 25
4120 -1
4121 80
4122 -1
4123 -1
4124 -1
4125 -1
4126 113
4127 -1
4128 -1
4129 100
4130 131
4131 -1
4132 56
4133 100
4134 -1
4135 61
4136 125
4137 139
4138 -1
4139 40
4140 113
4141 -1
4142 207
4143 179
4144 -1
4145 210
4146 -1
4147 -1
4148 207
4149 -1
4150 207
4151 -1
4152 100
4153 100
4154 125
4155 -1
4156 32
4157 -1
4158 -1
4159 163
4160 160
4161 -1
4162 -1
4163 -1
4164 99
4165 -1
4166 -1
4167 23
4168 -1
4169 -1
4171 -1
4172 107
4173 102
4174 102
4175 140
4176 31
4177 140
4178 138
4179 -1
4180 22
4181 -1
4182 182
4183 141
4184 141
4185 134
4186 60
4187 -1
4188 112
4189 112
4190 -1
4191 157
4192 157
4193 -1
4194 -1
4195 195
4196 60
4197 195
4198 -1
4199 60
4200 59
4201 -1
4202 112
4203 107
4204 190
4205 190
4206 199
4207 -1
4208 199
4209 195
4210 139
4211 162
4212 130
4213 22
4214 105
4215 -1
4216 198
4217 167
4218 152
4219 -1
4220 -1
4221 157
4222 -1
4223 67
4224 55
4225 102
4226 118
4227 39
4228 41
4229 41
4230 100
4231 -1
4232 70
4233 158
4234 129
4235 84
4236 25
4237 25
4238 -1
4239 126
4240 154
4241 154
4242 68
4243 68
4244 68
4245 68
4246 68
4247 68
4248 -1
4249 59
4250 59
4251 130
4252 -1
4253 157
4255 157
4256 157
4257 157
4258 184
4259 25
4260 107
4261 107
4262 -1
4263 130
4264 130
4265 130
4266 130
4267 -1
4268 -1
4269 180
4270 180
4271 180
4272 180
4273 180
4274 -1
4275 180
4276 180
4277 -1
4278 -1
4279 150
4280 112
4281 -1
4282 75
4283 -1
4284 162
4285 -1
4286 -1
4287 197
4288 31
4289 141
4290 36
4291 141
4292 -1
4293 57
4294 -1
4295 139
4296 59
4297 70
4298 -1
4299 70
4300 -1
4301 190
4302 190
4303 113
4304 136
4305 136
4306 174
4307 25
4308 217
4309 102
4310 163
4311 130
4312 130
4313 130
4314 -1
4315 -1
4316 154
4317 218
4318 218
4319 -1
4320 -1
4321 -1
4322 -1
4323 57
4324 -1
4325 133
4326 133
4327 100
4328 100
4329 25
4330 101
4331 -1
4332 107
4333 107
4334 107
4335 107
4336 -1
4337 59
4338 -1
4339 -1
4340 -1
4341 212
4342 178
4343 178
4344 178
4345 178
4346 178
4347 201
4348 178
4349 -1
4350 -1
4351 201
4352 -1
4353 -1
4354 -1
4355 158
4356 166
4357 153
4358 139
4359 107
4360 163
4361 -1
4362 -1
4363 107
4364 -1
4365 -1
4366 128
4367 130
4368 -1
4369 202
4370 -1
4371 -1
4372 25
4373 60
4374 141
4375 -1
4376 179
4377 211
4378 125
4379 40
4380 -1
4381 -1
4382 146
4383 146
4384 -1
4385 -1
4386 150
4387 150
4388 50
4389 -1
4390 107
4391 -1
4392 -1
4393 180
4394 107
4395 53
4396 83
4397 48
4398 53
4399 138
4400 138
4401 -1
4402 -1
4403 199
4404 199
4405 199
4406 199
4407 -1
4408 -1
4409 -1
4410 62
4411 -1
4412 -1
4413 154
4414 155
4415 155
4416 181
4417 181
4418 2
4419 181
4420 181
4421 174
4422 142
4423 -1
4424 -1
4425 -1
4426 146
4427 211
4428 211
4429 68
4430 68
4431 166
4432 25
4433 -1
4434 -1
4435 70
4436 125
4437 -1
4438 -1
4439 102
4440 -1
4441 211
4442 60
4443 202
4444 179
4445 40
4446 53
4447 80
4448 -1
4449 59
4450 131
4451 -1
4452 112
4453 124
4454 -1
4455 32
4456 57
4457 211
4458 21
4459 21
4460 21
4461 -1
4462 21
4463 21
4464 196
4465 -1
4466 -1
4467 -1
4469 62
4470 153
4471 185
4472 116
4473 116
4474 -1
4475 125
4476 116
4477 116
4478 -1
4479 116
4480 101
4481 25
4482 -1
4483 -1
4484 25
4485 74
4486 -1
4487 -1
4488 -1
4489 -1
4490 -1
4491 -1
4492 -1
4493 32
4494 119
4495 -1
4496 -1
4497 104
4498 104
4499 -1
4500 104
4501 -1
4502 202
4503 -1
4504 107
4505 -1
4506 107
4507 195
4508 -1
4509 55
4510 -1
4511 26
4512 26
4513 -1
4514 -1
4515 34
4516 197
4517 189
4518 -1
4519 134
4520 -1
4522 102
4523 158
4524 -1
4525 -1
4526 -1
4527 -1
4528 118
4529 118
4530 118
4531 31
4532 174
4533 -1
4534 -1
4535 217
4536 -1
4537 -1
4538 57
4539 57
4540 57
4542 141
4543 207
4544 190
4545 -1
4546 199
4547 -1
4548 199
4549 -1
4550 139
4551 153
4552 59
4553 -1
4554 -1
4555 -1
4556 59
4557 -1
4558 -1
4559 27
4560 57
4561 -1
4562 107
4563 163
4564 -1
4565 153
4566 -1
4567 31
4568 31
4569 74
4570 -1
4571 183
4572 -1
4573 130
4574 130
4575 60
4576 -1
4577 -1
4578 195
4579 -1
4580 57
4581 107
4582 146
4583 25
4584 25
4585 -1
4586 134
4587 55
4588 68
4589 211
4590 211
4591 -1
4592 -1
4593 -1
4595 112
4596 102
4597 59
4598 -1
4599 -1
4600 -1
4601 74
4602 74
4603 74
4604 179
4605 59
4606 141
4607 -1
4608 141
4609 141
4610 59
4611 58
4612 198
4613 -1
4614 133
4615 -1
4616 190
4617 190
4618 91
4619 -1
4620 199
4621 40
4622 -1
4623 80
4624 34
4625 181
4626 70
4627 -1
4628 -1
4629 58
4630 -1
4631 131
4632 59
4633 183
4634 -1
4635 -1
4636 213
4637 -1
4638 -1
4639 25
4640 208
4641 -1
4642 175
4643 57
4644 141
4645 25
4646 74
4647 42
4648 79
4649 -1
4650 210
4651 124
4652 -1
4653 134
4654 -1
4655 -1
4656 -1
4657 27
4658 -1
4659 131
4660 41
4661 -1
4662 203
4663 185
4664 203
4665 203
4666 203
4667 202
4668 174
4669 32
4670 -1
4671 -1
4672 -1
4673 -1
4674 -1
4675 -1
4676 187
4677 79
4678 211
4679 207
4680 -1
4681 -1
4682 -1
4683 -1
4684 36
4685 -1
4686 36
4687 -1
4688 -1
4689 107
4690 129
4691 107
4692 107
4693 -1
4694 -1
4695 141
4696 89
4697 37
4698 59
4699 102
4700 55
4701 55
4702 195
4703 133
4704 36
4705 -1
4706 -1
4707 -1
4708 -1
4709 -1
4710 142
4711 142
4712 142
4713 142
4714 142
4715 -1
4716 -1
4717 85
4718 85
4719 85
4720 -1
4721 127
4722 127
4723 127
4724 127
4725 127
4726 127
4727 127
4728 127
4729 127
4732 105
4733 169
4734 169
4735 -1
4736 -1
4737 57
4738 -1
4739 -1
4740 -1
4741 25
4742 33
4743 53
4744 112
4745 27
4746 -1
4747 -1
4748 -1
4749 202
4750 -1
4751 -1
4752 -1
4753 -1
4754 211
4755 70
4756 139
4757 72
4758 25
4759 141
4760 -1
4761 110
4762 113
4763 163
4764 113
4765 154
4766 -1
4767 188
4768 192
4769 141
4770 138
4771 57
4772 169
4773 169
4774 169
4775 184
4776 184
4777 11
4778 197
4779 197
4780 11
4781 213
4783 -1
4784 181
4785 -1
4786 -1
4787 59
4788 174
4789 34
4790 11
4791 -1
4792 133
4793 -1
4794 -1
4795 -1
4796 -1
4797 -1
4798 134
4799 208
4800 55
4801 -1
4802 -1
4803 48
4804 200
4805 80
4806 -1
4807 139
4808 -1
4809 183
4810 183
4811 183
4812 183
4813 177
4814 56
4815 56
4816 -1
4817 25
4818 25
4819 166
4820 151
4821 -1
4822 -1
4823 -1
4824 -1
4825 190
4826 199
4827 199
4828 199
4829 168
4830 -1
4831 158
4832 81
4833 -1
4834 155
4835 -1
4836 217
4837 -1
4838 -1
4839 -1
4840 -1
4841 -1
4842 -1
4843 147
4844 147
4845 147
4846 -1
4847 75
4848 -1
4849 -1
4850 203
4851 -1
4852 -1
4853 59
4854 -1
4855 133
4856 -1
4857 11
4858 208
4859 -1
4860 -1
4861 -1
4862 -1
4863 61
4864 -1
4865 -1
4866 -1
4867 -1
4868 133
4869 -1
4870 -1
4871 174
4872 54
4873 54
4874 57
4875 57
4876 57
4877 127
4878 4
4879 4
4880 -1
4881 -1
4882 4
4883 139
4884 4
4885 4
4886 -1
4887 -1
4888 198
4889 -1
4890 -1
4891 4
4892 -1
4893 -1
4894 11
4895 11
4896 209
4897 -1
4898 194
4899 194
4900 131
4901 138
4902 138
4903 138
4904 138
4905 -1
4906 -1
4907 4
4908 -1
4909 105
4910 -1
4911 -1
4918 4
4920 0
4941 4
4949 41
4953 4
4965 9
4967 22
4975 4
4985 4
4995 11
5001 25
5004 25
5009 2
5014 4
5029 11
5045 11
5057 4
5058 4
5060 4
5065 4
5073 10
5080 11
5081 4
5092 11
5101 2
5107 4
5108 4
5112 4
5130 10
5134 10
5135 10
5139 10
5148 4
5149 10
5153 4
5174 10
5187 11
5190 4
5202 4
5203 4
5210 3
5218 4
5232 4
5253 10
5254 10
5257 10
5258 10
5264 -1
5265 11
5273 11
5274 13
5290 4
5291 4
5301 4
5302 4
5308 4
5323 4
5324 4
5325 4
5326 4
5343 1
5402 0
5420 0
5429 7
5431 7
5434 0
5440 7
5449 7
5459 7
5472 7
5479 7
5481 7
5515 0
5520 0
5529 7
5530 0
5531 0
5532 0
5533 0
5534 0
5535 0
5540 0
5545 7
5566 0
5592 1
5618 1
5619 1
5620 1
5639 1
5640 1
5641 1
5642 1
5687 1
5699 1
5700 1
5712 1
5713 1
5737 0
5738 0
5740 0
5743 0
5755 0
5762 0
5764 7
5783 0
5794 7
5823 0
5835 0
5843 0
5855 0
5857 0
5872 0
5874 0
5878 0
5879 0
5880 0
5882 0
5883 0
5884 0
5887 0
5893 0
5902 0
5908 7
5926 7
5930 0
5931 0
5932 0
5933 0
5934 0
5935 0
5940 7
5945 0
5949 0
5950 7
5951 0
5953 0
5955 0
5958 7
5963 0
5984 7
5986 7
5997 0
6004 0
6009 7
6013 7
6014 7
6016 7
6019 7
6021 7
6022 0
6023 0
6027 7
6031 0
6032 3
6033 3
6039 0
6057 0
6059 7
6069 0
6070 0
6082 7
6085 7
6100 3
6102 7
6104 7
6123 7
6127 0
6129 7
6157 0
6162 0
6166 0
6172 0
6174 1
6175 0
6177 13
6186 13
6195 0
6218 1
6219 1
6220 1
6223 0
6250 0
6251 0
6272 0
6293 0
6294 0
6295 0
6306 0
6326 0
6348 0
6354 0
6356 0
6357 0
6390 0
6403 0
6417 0
6449 0
6457 -1
6459 0
6467 197
6468 0
6469 0
6477 163
6489 0
6492 74
6494 74
6495 163
6498 0
6511 208
6514 0
6515 0
6516 0
6517 0
6518 0
6519 0
6520 0
6536 0
6538 127
6539 1
6541 0
6542 0
6550 1
6551 1
6557 0
6560 0
6577 -1
6581 0
6598 0
6630 0
6647 0
6649 0
6657 -1
6669 -1
6683 0
6703 32
6723 0
6724 0
6725 0
6729 116
6730 116
6731 25
6732 -1
6733 -1
6734 -1
6735 113
6736 -1
6737 -1
6738 -1
6739 -1
6740 189
6741 -1
6742 39
6743 -1
6744 -1
6745 39
6746 -1
6747 -1
6748 25
6749 25
6750 25
6751 -1
6752 -1
6753 -1
6754 -1
6755 66
6756 -1
6757 109
6758 109
6759 146
6760 120
6761 -1
6762 120
6763 57
6764 57
6765 57
6766 57
6767 84
6768 84
6769 84
6770 84
6771 -1
6772 84
6773 84
6774 -1
6775 84
6776 84
6777 84
6778 84
6779 59
6780 59
6781 113
6782 -1
6783 73
6784 73
6785 73
6786 73
6787 199
6788 -1
6789 74
6790 199
6791 199
6792 -1
6793 -1
6794 134
6795 134
6796 134
6797 134
6798 -1
6799 -1
6800 -1
6801 -1
6802 162
6803 -1
6804 64
6805 64
6806 -1
6807 64
6808 209
6809 209
6810 1
6811 -1
6812 -1
6813 174
6814 174
6815 1
6816 101
6817 57
6818 119
6819 119
6820 25
6821 162
6822 161
6823 162
6824 162
6825 0
6826 0
6827 0
6828 197
6829 197
6830 197
6831 102
6832 158
6833 172
6834 158
6835 158
6836 158
6837 59
6838 198
6839 158
6840 116
6841 57
6842 125
6843 162
6844 162
6845 -1
6846 -1
6847 129
6848 129
6849 129
6850 129
6851 129
6852 85
6853 172
6854 172
6855 192
6856 192
6857 155
6858 -1
6859 -1
6860 -1
6861 163
6862 163
6863 25
6864 135
6865 -1
6866 146
6867 120
6868 31
6869 -1
6870 1
6871 31
6872 31
6873 164
6874 58
6875 164
6876 164
6877 183
6878 158
6879 -1
6880 158
6881 113
6882 133
6883 -1
6884 187
6885 192
6886 -1
6887 130
6888 -1
6889 146
6890 -1
6891 0
6892 183
6893 -1
6894 209
6895 107
6896 -1
6897 91
6898 -1
6899 -1
6900 134
6901 134
6902 -1
6903 25
6904 130
6905 130
6906 -1
6907 0
6908 58
6909 58
6910 58
6911 25
6912 -1
6913 165
6914 -1
6915 212
6916 40
6917 212
6918 212
6919 212
6920 212
6921 74
6922 40
6923 40
6924 -1
6925 0
6926 -1
6927 -1
6928 102
6929 50
6930 50
6931 207
6932 50
6933 50
6934 50
6935 50
6936 50
6937 50
6938 -1
6939 50
6940 50
6941 50
6942 50
6943 50
6944 50
6945 50
6946 1
6947 1
6948 50
6949 50
6950 50
6951 50
6952 207
6953 50
6954 50
6955 50
6956 50
6957 50
6958 25
6959 75
6960 -1
6961 198
6962 190
6963 199
6964 199
6965 107
6966 53
6967 -1
6968 101
6969 -1
6970 -1
6971 57
6972 -1
6973 139
6974 139
6975 57
6976 48
6977 -1
6978 -1
6979 -1
6980 -1
6981 -1
6982 146
6983 -1
6984 131
6985 -1
6986 -1
6987 -1
6988 -1
6989 -1
6990 79
6991 79
6992 -1
6993 155
6994 146
6995 -1
6996 -1
6997 162
6998 0
6999 183
7000 -1
7001 25
7002 -1
7003 25
7004 59
7005 59
7006 0
7007 59
7008 59
7009 -1
7010 113
7011 113
7012 113
7013 113
7014 113
7015 -1
7016 74
7017 -1
7018 -1
7019 47
7020 127
7021 127
7022 127
7023 25
7024 25
7025 139
7026 146
7027 146
7028 -1
7029 110
7030 110
7031 -1
7032 -1
7033 154
7034 154
7035 154
7036 80
7037 -1
7038 25
7039 174
7040 154
7041 -1
7042 35
7043 35
7044 35
7045 218
7046 154
7047 154
7048 207
7049 -1
7050 -1
7051 59
7052 210
7053 141
7054 141
7055 91
7056 91
7057 91
7058 25
7059 25
7060 25
7061 -1
7062 59
7063 59
7064 -1
7065 41
7066 41
7067 -1
7068 -1
7069 -1
7070 70
7071 70
7072 -1
7073 131
7074 131
7075 80
7076 80
7077 80
7078 80
7079 80
7080 80
7081 146
7082 113
7083 -1
7084 174
7085 120
7086 25
7087 25
7088 185
7089 -1
7090 -1
7091 -1
7092 -1
7093 -1
7094 -1
7095 0
7096 131
7097 131
7098 131
7099 131
7100 131
7101 166
7102 166
7103 -1
7104 -1
7105 -1
7106 -1
7107 -1
7108 -1
7109 -1
7110 57
7111 -1
7112 57
7113 58
7114 66
7115 -1
7116 0
7117 66
7118 -1
7119 168
7120 168
7121 131
7122 124
7123 124
7124 -1
7125 74
7126 -1
7127 -1
7128 -1
7129 120
7130 120
7131 120
7132 134
7133 134
7134 83
7135 83
7136 83
7137 83
7138 35
7139 154
7140 143
7141 143
7142 213
7143 213
7144 103
7145 103
7146 103
7147 103
7148 100
7149 100
7150 177
7151 177
7152 -1
7153 -1
7154 84
7155 84
7156 103
7157 -1
7158 198
7159 103
7160 103
7161 103
7162 103
7163 103
7164 169
7165 169
7166 103
7167 103
7168 -1
7169 203
7170 25
7171 25
7172 140
7173 140
7174 113
7175 113
7176 -1
7177 153
7178 212
7179 25
7180 -1
7181 -1
7182 -1
7183 110
7184 -1
7185 -1
7186 -1
7187 37
7188 37
7189 37
7190 37
7191 37
7192 183
7193 183
7194 183
7195 -1
7196 107
7197 131
7198 57
7199 169
7200 208
7201 -1
7202 71
7203 71
7204 -1
7205 -1
7206 112
7207 -1
7208 -1
7209 -1
7210 112
7211 190
7212 -1
7213 199
7214 -1
7215 -1
7216 35
7217 35
7218 35
7219 35
7220 35
7221 35
7222 35
7223 35
7224 35
7225 -1
7226 -1
7227 71
7228 71
7229 71
7230 71
7231 71
7232 0
7233 0
7234 104
7235 104
7236 107
7237 71
7238 71
7239 71
7240 71
7241 116
7242 116
7243 116
7244 116
7245 -1
7246 -1
7247 -1
7248 116
7249 116
7250 116
7251 71
7252 116
7253 116
7254 -1
7255 -1
7256 70
7257 114
7258 114
7259 0
7260 0
7261 135
7262 135
7263 0
7264 0
7265 0
7266 1
7267 209
7268 -1
7269 1
7270 146
7271 146
7272 34
7273 34
7274 34
7275 58
7276 58
7277 58
7278 58
7279 58
7280 -1
7281 -1
7282 -1
7283 -1
7284 -1
7285 -1
7286 -1
7287 -1
7288 -1
7289 -1
7290 184
7291 184
7292 130
7293 130
7294 -1
7295 198
7296 -1
7297 85
7298 85
7299 74
7300 -1
7301 35
7302 35
7303 1
7304 35
7305 71
7306 57
7307 57
7308 71
7309 48
7310 48
7311 73
7312 -1
7313 91
7314 91
7315 91
7316 91
7317 91
7318 91
7319 91
7320 -1
7321 71
7322 71
7323 71
7324 71
7325 71
7326 71
7327 71
7328 71
7329 71
7330 0
7331 71
7332 71
7333 71
7334 71
7335 71
7336 71
7337 71
7338 71
7339 1
7340 71
7341 71
7342 71
7343 71
7344 71
7345 71
7346 71
7347 71
7348 71
7349 71
7350 71
7351 1
7352 1
7353 71
7354 71
7355 71
7356 71
7357 71
7358 -1
7359 -1
7360 -1
7361 -1
7362 -1
7363 -1
7364 154
7365 154
7366 154
7367 154
7368 140
7369 140
7370 57
7371 57
7372 120
7373 86
7374 86
7375 100
7376 100
7377 0
7378 100
7379 116
7380 1
7381 120
7382 -1
7383 -1
7384 100
7385 1
7386 153
7387 153
7388 -1
7389 -1
7390 0
7391 0
7392 0
7393 0
7394 -1
7395 1
7396 0
7397 0
7398 0
7399 0
7400 143
7401 143
7402 -1
7403 -1
7404 -1
7405 -1
7406 195
7407 32
7408 102
7409 -1
7410 102
7411 13
7412 13
7413 13
7414 201
7415 -1
7416 -1
7417 97
7418 201
7419 201
7420 201
7421 201
7422 201
7423 112
7424 112
7425 112
7426 -1
7427 -1
7428 25
7429 25
7430 209
7431 209
7432 209
7433 209
7434 209
7435 -1
7436 -1
7437 -1
7438 207
7439 207
7440 -1
7441 -1
7442 201
7443 201
7444 201
7445 201
7446 145
7447 145
7448 145
7449 145
7450 145
7451 145
7452 145
7453 145
7454 -1
7455 -1
7456 -1
7457 113
7458 31
7459 31
7460 31
7461 31
7462 31
7463 -1
7464 112
7465 -1
7466 -1
7467 25
7468 25
7469 68
7470 -1
7471 -1
7472 -1
7473 -1
7474 201
7475 201
7476 -1
7477 59
7478 218
7479 162
7480 83
7481 25
7482 177
7483 177
7484 177
7485 177
7486 177
7487 177
7488 130
7489 130
7490 -1
7491 -1
7492 -1
7493 190
7494 -1
7495 -1
7496 -1
7497 -1
7498 -1
7499 141
7500 183
7501 0
7502 24
7503 25
7504 212
7505 212
7506 145
7507 145
7508 146
7509 146
7510 59
7511 59
7512 145
7513 145
7514 25
7515 125
7516 125
7517 120
7518 120
7519 120
7520 120
7521 163
7522 163
7523 157
7524 -1
7525 120
7526 120
7527 120
7528 32
7529 32
7530 31
7531 -1
7532 59
7533 -1
7534 -1
7535 91
7536 91
7537 -1
7538 -1
7539 1
7540 196
7541 196
7542 141
7543 1
7544 -1
7545 -1
7546 -1
7547 1
7548 198
7549 106
7550 106
7551 138
7552 102
7553 102
7554 102
7555 102
7556 141
7557 141
7558 141
7559 84
7560 84
7561 84
7562 210
7563 -1
7564 -1
7565 -1
7566 -1
7567 59
7568 210
7569 210
7570 210
7571 210
7572 210
7573 -1
7574 -1
7575 13
7576 -1
7577 125
7578 94
7579 -1
7580 -1
7581 0
7582 0
7583 120
7584 120
7585 36
7586 107
7587 112
7588 59
7589 -1
7590 1
7591 192
7592 192
7593 100
7594 203
7595 59
7596 59
7597 59
7598 152
7599 22
7600 -1
7601 -1
7602 -1
7603 154
7604 -1
7605 168
7606 -1
7607 -1
7608 154
7609 155
7610 154
7611 -1
7612 158
7613 158
7614 141
7615 25
7616 158
7617 116
7618 -1
7619 79
7620 -1
7621 -1
7622 -1
7623 198
7624 190
7625 -1
7626 113
7627 146
7628 146
7629 134
7630 -1
7631 -1
7632 120
7633 120
7634 -1
7635 -1
7636 -1
7637 -1
7638 -1
7639 -1
7640 140
7641 140
7642 -1
7643 175
7644 175
7645 -1
7646 -1
7647 -1
7648 0
7649 120
7650 207
7651 179
7652 -1
7653 120
7654 120
7655 95
7656 0
7657 120
7658 -1
7659 -1
7660 -1
7661 -1
7662 97
7663 -1
7664 -1
7665 -1
7666 -1
7667 5
7668 135
7669 59
7670 -1
7671 -1
7672 217
7673 -1
7674 50
7675 157
7676 141
7677 157
7678 157
7679 157
7680 157
7681 157
7682 157
7683 97
7684 -1
7685 -1
7686 -1
7687 -1
7688 -1
7689 0
7690 196
7691 -1
7692 179
7693 -1
7694 -1
7695 161
7696 161
7697 -1
7698 101
7699 -1
7700 -1
7701 -1
7702 -1
7703 -1
7704 201
7705 25
7706 25
7707 -1
7708 -1
7709 -1
7710 -1
7711 -1
7712 -1
7713 -1
7714 127
7715 133
7716 -1
7717 207
7718 207
7719 -1
7720 -1
7721 -1
7722 7
7723 7
7724 207
7725 207
7726 -1
7727 158
7728 -1
7729 107
7730 -1
7731 -1
7732 107
7733 107
7734 -1
7735 -1
7736 -1
7737 -1
7738 -1
7739 85
7740 -1
7741 141
7742 100
7743 -1
7744 0
7745 59
7746 59
7747 -1
7748 -1
7749 120
7750 59
7751 59
7752 59
7753 59
7754 59
7755 120
7756 -1
7757 -1
7758 139
7759 33
7760 164
7761 -1
7762 112
7763 -1
7764 189
7765 -1
7766 0
7767 0
7768 91
7769 197
7770 197
7771 -1
7772 197
7773 -1
7774 -1
7775 -1
7776 -1
7777 146
7778 146
7779 -1
7780 139
7781 116
7782 -1
7783 -1
7784 -1
7785 94
7786 94
7787 99
7788 -1
7789 99
7790 -1
7791 -1
7792 -1
7793 107
7794 94
7795 94
7796 94
7797 0
7798 0
7799 0
7800 0
7801 0
7802 94
7803 0
7804 0
7805 94
7806 -1
7807 -1
7808 -1
7809 207
7810 0
7811 207
7812 -1
7813 0
7814 133
7815 132
7816 132
7817 0
7818 132
7819 132
7820 0
7821 132
7822 132
7823 -1
7824 -1
7825 -1
7826 32
7827 25
7828 211
7829 211
7830 211
7831 -1
7832 -1
7833 0
7834 0
7835 -1
7836 -1
7837 -1
7838 -1
7839 211
7840 211
7841 75
7842 -1
7843 81
7844 0
7845 62
7846 62
7847 -1
7848 -1
7849 154
7850 154
7851 154
7852 154
7853 184
7854 -1
7855 -1
7856 -1
7857 0
7858 156
7859 0
7860 156
7861 -1
7862 141
7863 75
7864 120
7865 207
7866 -1
7867 120
7868 120
7869 -1
7870 -1
7871 94
7872 94
7873 94
7874 94
7875 -1
7876 174
7877 175
7878 -1
7879 25
7880 -1
7881 194
7882 -1
7883 85
7884 -1
7885 -1
7886 -1
7887 118
7888 118
7889 98
7890 98
7891 98
7892 98
7893 74
7894 185
7895 185
7896 25
7897 91
7898 113
7899 -1
7900 1
7901 1
7902 208
7903 47
7904 208
7905 194
7906 47
7907 208
7908 208
7909 208
7910 27
7911 -1
7912 107
7913 -1
7914 0
7915 107
7916 107
7917 107
7918 -1
7919 107
7920 -1
7921 0
7922 199
7923 199
7924 199
7925 199
7926 -1
7927 113
7928 -1
7929 163
7930 56
7931 56
7932 56
7933 56
7934 56
7935 56
7936 56
7937 56
7938 56
7939 56
7940 56
7941 56
7942 100
7943 107
7944 25
7945 31
7946 0
7947 83
7948 190
7949 47
7950 47
7951 -1
7952 183
7953 107
7954 107
7955 82
7956 82
7957 82
7958 -1
7959 -1
7960 -1
7961 -1
7962 -1
7963 -1
7964 -1
7965 157
7966 -1
7967 82
7968 41
7969 82
7970 -1
7971 53
7972 -1
7973 -1
7974 -1
7975 162
7976 150
7977 -1
7978 -1
7979 194
7980 138
7981 59
7982 -1
7983 203
7984 166
7985 166
7986 0
7987 166
7988 -1
7989 131
7990 0
7991 91
7992 91
7993 91
7994 91
7995 91
7996 -1
7997 91
7998 113
7999 -1
8000 -1
8001 -1
8002 -1
8003 -1
8004 -1
8005 100
8006 126
8007 -1
8008 -1
8009 -1
8010 210
8011 62
8012 -1
8013 -1
8014 -1
8015 -1
8016 -1
8017 -1
8018 3
8019 3
8020 3
8021 -1
8022 3
8023 3
8024 0
8025 -1
8026 3
8027 3
8028 -1
8029 -1
8030 -1
8031 -1
8032 124
8033 125
8034 74
8035 -1
8036 66
8037 -1
8038 -1
8039 1
8040 1
8041 106
8042 -1
8043 -1
8044 81
8045 185
8046 172
8047 0
8048 0
8049 90
8050 -1
8051 -1
8052 45
8053 48
8054 -1
8055 14
8056 14
8057 14
8058 88
8059 -1
8060 -1
8061 -1
8062 -1
8063 0
8064 13
8065 94
8066 94
8067 62
8068 -1
8069 25
8070 208
8071 57
8072 57
8073 -1
8074 125
8075 -1
8076 -1
8077 -1
8078 -1
8079 -1
8080 13
8081 141
8082 127
8083 127
8084 127
8085 -1
8086 217
8087 199
8088 191
8089 -1
8090 191
8091 -1
8092 75
8093 -1
8094 -1
8095 -1
8096 -1
8097 140
8098 57
8099 190
8100 102
8101 107
8102 -1
8103 94
8104 94
8105 195
8106 1
8107 217
8108 -1
8109 0
8110 -1
8111 -1
8112 -1
8113 59
8114 146
8115 -1
8116 162
8117 161
8118 -1
8119 13
8120 0
8121 162
8122 162
8123 196
8124 131
8125 131
8126 -1
8127 72
8128 168
8129 218
8130 -1
8131 -1
8132 25
8133 218
8134 218
8135 -1
8136 218
8137 -1
8138 131
8139 -1
8140 1
8141 1
8142 207
8143 1
8144 1
8145 -1
8146 -1
8147 135
8148 141
8149 140
8150 17
8151 -1
8152 135
8153 135
8154 -1
8155 166
8156 -1
8157 -1
8158 1
8159 100
8160 32
8161 59
8162 138
8163 -1
8164 0
8165 -1
8166 -1
8167 -1
8168 0
8169 -1
8170 37
8171 140
8172 187
8173 141
8174 -1
8175 146
8176 -1
8177 84
8178 34
8179 -1
8180 -1
8181 26
8182 -1
8183 -1
8184 102
8185 -1
8186 -1
8187 -1
8188 -1
8189 94
8190 25
8191 166
8192 -1
8193 196
8194 71
8195 94
8196 184
8197 163
8198 124
8199 57
8200 -1
8201 25
8202 218
8203 197
8204 -1
8205 -1
8206 99
8207 -1
8208 -1
8209 154
8210 -1
8211 200
8212 39
8213 209
8214 57
8215 -1
8216 120
8217 172
8218 172
8219 -1
8220 -1
8221 134
8222 -1
8223 149
8224 158
8225 58
8226 172
8227 -1
8228 129
8229 -1
8230 75
8231 -1
8232 113
8233 101
8234 -1
8235 -1
8236 25
8237 85
8238 -1
8239 0
8240 -1
8241 -1
8242 25
8243 -1
8244 25
8245 57
8246 47
8247 -1
8248 31
8249 -1
8250 107
8251 107
8252 -1
8253 141
8254 -1
8255 -1
8256 -1
8257 -1
8258 0
8259 0
8260 75
8261 20
8262 20
8263 20
8264 20
8265 20
8266 20
8267 20
8268 20
8269 20
8270 20
8271 20
8272 20
8273 20
8274 20
8275 20
8276 20
8277 20
8278 20
8279 20
8280 20
8281 20
8282 20
8283 20
8284 20
8285 20
8286 20
8287 20
8288 20
8289 1
8290 20
8291 20
8292 20
8293 20
8294 20
8295 20
8296 20
8297 20
8298 20
8299 20
8300 20
8301 20
8302 20
8303 20
8304 0
8305 0
8306 20
8307 20
8308 0
8309 0
8310 0
8311 0
8312 0
8313 0
8314 0
8315 0
8316 0
8317 0
8318 0
8319 20
8320 20
8321 20
8322 20
8323 20
8324 20
8325 20
8326 20
8327 20
8328 20
8329 20
8330 177
8331 57
8332 218
8333 167
8334 174
8335 20
8336 -1
8337 -1
8338 -1
8339 41
8340 41
8341 72
8342 -1
8343 91
8344 183
8345 207
8346 154
8347 218
8348 25
8349 75
8350 154
8351 141
8352 203
8353 154
8354 154
8355 166
8356 -1
8357 -1
8358 112
8359 102
8360 212
8361 -1
8362 33
8363 -1
8364 175
8365 -1
8366 -1
8367 48
8368 -1
8369 -1
8370 -1
8371 199
8372 199
8373 0
8374 0
8375 0
8376 0
8377 0
8378 0
8379 0
8380 -1
8381 -1
8382 -1
8383 -1
8384 -1
8385 113
8386 169
8387 -1
8388 35
8389 -1
8390 0
8391 0
8392 0
8393 -1
8394 -1
8395 0
8396 0
8397 0
8398 -1
8399 25
8400 -1
8401 147
8402 176
8403 147
8404 0
8405 105
8406 113
8407 105
8408 -1
8409 196
8410 140
8411 140
8412 102
8413 -1
8414 27
8415 129
8416 129
8417 48
8418 -1
8419 84
8420 37
8421 -1
8422 0
8423 105
8424 -1
8425 207
8426 0
8427 -1
8428 0
8429 105
8430 133
8431 105
8432 91
8433 181
8434 40
8435 -1
8436 119
8437 119
8438 119
8439 -1
8440 118
8441 76
8442 172
8443 -1
8444 -1
8445 174
8446 -1
8447 -1
8448 -1
8449 -1
8450 -1
8451 12
8452 12
8453 0
8454 22
8455 99
8456 -1
8457 -1
8458 154
8459 207
8460 1
8461 -1
8462 -1
8463 -1
8464 -1
8465 212
8466 212
8467 -1
8468 -1
8469 146
8470 -1
8471 -1
8472 -1
8473 107
8474 107
8475 75
8476 211
8477 -1
8478 22
8479 74
8480 1
8481 -1
8482 -1
8483 25
8484 85
8485 -1
8486 1
8487 168
8488 168
8489 185
8490 193
8491 39
8492 157
8493 169
8494 183
8495 -1
8496 -1
8497 -1
8498 -1
8499 158
8500 -1
8501 -1
8502 146
8503 170
8504 12
8505 12
8506 12
8507 12
8508 12
8509 12
8510 12
8511 -1
8512 12
8513 12
8514 12
8515 12
8516 12
8517 12
8518 12
8519 12
8520 12
8521 12
8522 12
8523 12
8524 12
8525 12
8526 12
8527 12
8528 12
8529 -1
8530 12
8531 12
8532 12
8533 19
8534 19
8535 12
8536 12
8537 12
8538 12
8539 12
8540 12
8541 12
8542 12
8543 12
8544 12
8545 12
8546 12
8547 12
8548 -1
8549 12
8550 12
8551 12
8552 12
8553 12
8554 12
8555 12
8556 12
8557 12
8558 12
8559 12
8560 12
8561 163
8562 163
8563 12
8564 12
8565 12
8566 12
8567 12
8568 12
8569 12
8570 12
8571 12
8572 12
8573 12
8574 12
8575 12
8576 12
8577 12
8578 12
8579 12
8580 12
8581 12
8582 12
8583 12
8584 12
8585 12
8586 12
8587 12
8588 12
8589 12
8590 12
8591 12
8592 12
8593 -1
8594 -1
8595 12
8596 59
8597 12
8598 12
8599 12
8600 12
8601 12
8602 12
8603 12
8604 12
8605 12
8606 12
8607 12
8608 12
8609 12
8610 23
8611 23
8612 23
8613 23
8614 23
8615 23
8616 23
8617 23
8618 23
8619 23
8620 23
8621 23
8622 22
8623 0
8624 0
8625 0
8626 -1
8627 -1
8628 0
8629 0
8630 0
8631 -1
8632 172
8633 217
8634 17
8635 -1
8636 32
8637 105
8638 -1
8639 17
8640 17
8641 17
8642 -1
8643 39
8644 59
8645 183
8646 25
8647 -1
8648 -1
8649 113
8650 113
8651 113
8652 113
8653 113
8654 113
8655 -1
8656 168
8657 82
8658 82
8659 -1
8660 138
8661 40
8662 0
8663 -1
8664 0
8665 158
8666 -1
8667 -1
8668 146
8669 127
8670 -1
8671 59
8672 76
8673 146
8674 146
8675 -1
8676 158
8677 75
8678 -1
8679 -1
8680 -1
8681 196
8682 83
8683 -1
8684 -1
8685 -1
8686 63
8687 35
8688 35
8689 -1
8690 -1
8691 190
8692 199
8693 -1
8694 -1
8695 -1
8696 -1
8697 208
8698 166
8699 82
8700 39
8701 196
8702 196
8703 196
8704 -1
8705 -1
8706 107
8707 -1
8708 -1
8709 207
8710 207
8711 207
8712 -1
8713 217
8714 217
8715 162
8716 -1
8717 -1
8718 -1
8719 -1
8720 186
8721 207
8722 139
8723 139
8724 -1
8725 74
8726 -1
8727 -1
8728 174
8729 25
8730 -1
8731 -1
8732 -1
8733 -1
8734 138
8735 -1
8736 17
8737 112
8738 112
8739 105
8740 112
8741 17
8742 -1
8743 82
8744 124
8745 25
8746 110
8747 113
8748 -1
8749 25
8750 32
8751 17
8752 185
8753 -1
8754 91
8755 57
8756 -1
8757 154
8758 169
8759 169
8760 169
8761 22
8762 102
8763 -1
8764 45
8765 45
8766 22
8767 22
8768 22
8769 -1
8770 22
8771 -1
8772 -1
8773 116
8774 59
8775 -1
8776 -1
8777 17
8778 17
8779 45
8780 0
8781 45
8782 45
8783 -1
8784 -1
8785 45
8786 45
8787 45
8788 45
8789 0
8790 0
8791 0
8792 25
8793 -1
8794 112
8795 112
8796 98
8797 187
8798 34
8799 140
8800 25
8801 -1
8802 209
8803 -1
8804 -1
8805 -1
8806 1
8807 141
8808 207
8809 -1
8810 -1
8811 -1
8812 -1
8813 97
8814 84
8815 196
8816 68
8817 217
8818 217
8819 211
8820 -1
8821 0
8822 0
8823 114
8824 -1
8825 0
8826 114
8827 59
8828 -1
8829 59
8830 -1
8831 -1
8832 157
8833 1
8834 -1
8835 -1
8836 85
8837 -1
8838 -1
8839 -1
8840 133
8841 -1
8842 0
8843 -1
8844 0
8845 -1
8846 141
8847 141
8848 61
8849 25
8850 85
8851 0
8852 207
8853 168
8854 31
8855 158
8856 166
8857 113
8858 0
8859 -1
8860 0
8861 -1
8862 -1
8863 218
8864 -1
8865 183
8866 25
8867 -1
8868 -1
8869 -1
8870 -1
8871 0
8872 183
8873 40
8874 59
8875 149
8876 149
8877 149
8878 -1
8879 -1
8880 -1
8881 25
8882 208
8883 70
8884 25
8885 149
8886 149
8887 149
8888 149
8889 149
8890 149
8891 149
8892 149
8893 149
8894 149
8895 141
8896 97
8897 149
8898 141
8899 21
8900 183
8901 70
8902 177
8903 146
8904 146
8905 134
8906 134
8907 134
8908 -1
8909 207
8910 -1
8911 -1
8912 53
8913 174
8914 -1
8915 194
8916 83
8917 45
8918 45
8919 41
8920 45
8921 -1
8922 -1
8923 -1
8924 45
8925 95
8926 169
8927 131
8928 124
8929 -1
8930 -1
8931 199
8932 198
8933 -1
8934 -1
8935 -1
8936 45
8937 -1
8938 45
8939 22
8940 22
8941 22
8942 22
8943 22
8944 22
8945 22
8946 22
8947 22
8948 22
8949 22
8950 22
8951 22
8952 22
8953 22
8954 22
8955 22
8956 22
8957 22
8958 22
8959 22
8960 22
8961 22
8962 22
8963 22
8964 22
8965 22
8966 22
8967 22
8968 22
8969 22
8970 22
8971 22
8972 22
8973 22
8974 22
8975 22
8976 22
8977 22
8978 22
8979 22
8980 22
8981 0
8982 0
8983 22
8984 0
8985 0
8986 22
8987 22
8988 22
8989 22
8990 22
8991 0
8992 22
8993 22
8994 22
8995 22
8996 22
8997 22
8998 22
8999 22
9000 22
9001 22
9002 22
9003 0
9004 22
9005 22
9006 22
9007 97
9008 22
9009 22
9010 22
9011 22
9012 22
9013 22
9014 22
9015 22
9016 22
9017 22
9018 22
9019 22
9020 22
9021 22
9022 22
9023 22
9024 22
9025 22
9026 22
9027 22
9028 22
9029 0
9030 22
9031 22
9032 22
9033 22
9034 22
9035 0
9036 22
9037 22
9038 22
9039 22
9040 22
9041 22
9042 22
9043 22
9044 22
9045 22
9046 0
9047 22
9048 22
9049 22
9050 22
9051 22
9052 22
9053 22
9054 22
9055 22
9056 22
9057 22
9058 22
9059 22
9060 22
9061 22
9062 22
9063 22
9064 22
9065 22
9066 22
9067 22
9068 22
9069 22
9070 0
9071 22
9072 22
9073 22
9074 22
9075 22
9076 22
9077 22
9078 22
9079 22
9080 22
9081 0
9082 22
9083 1
9084 22
9085 22
9086 22
9087 22
9088 22
9089 22
9090 22
9091 22
9092 22
9093 22
9094 22
9095 97
9096 22
9097 22
9098 22
9099 22
9100 22
9101 22
9102 22
9103 22
9104 22
9105 22
9106 22
9107 22
9108 22
9109 22
9110 22
9111 22
9112 22
9113 22
9114 22
9115 22
9116 22
9117 22
9118 22
9119 22
9120 22
9121 22
9122 22
9123 22
9124 22
9125 22
9126 22
9127 22
9128 22
9129 22
9130 22
9131 22
9132 22
9133 22
9134 22
9135 -1
9136 22
9137 22
9138 22
9139 22
9140 22
9141 22
9142 -1
9143 22
9144 22
9145 22
9146 22
9147 22
9148 22
9149 22
9150 22
9151 22
9152 22
9153 22
9154 22
9155 22
9156 22
9157 22
9158 22
9159 22
9160 22
9161 22
9162 22
9163 22
9164 22
9165 22
9166 22
9167 22
9168 22
9169 22
9170 22
9171 22
9172 22
9173 22
9174 22
9175 22
9176 22
9177 22
9178 22
9179 22
9180 22
9181 22
9182 22
9183 22
9184 22
9185 22
9186 22
9187 22
9188 22
9189 22
9190 22
9191 22
9192 22
9193 22
9194 22
9195 22
9196 22
9197 22
9198 22
9199 22
9200 22
9201 22
9202 22
9203 1
9204 1
9205 1
9206 1
9207 1
9208 22
9209 22
9210 22
9211 22
9212 22
9213 22
9214 22
9215 22
9216 22
9217 22
9218 22
9219 22
9220 22
9221 22
9222 22
9223 22
9224 32
9225 -1
9226 22
9227 22
9228 22
9229 22
9230 22
9231 22
9232 17
9233 17
9234 -1
9235 143
9236 22
9237 22
9238 22
9239 22
9240 22
9241 22
9242 22
9243 22
9244 22
9245 22
9246 22
9247 22
9248 22
9249 22
9250 22
9251 22
9252 22
9253 22
9254 22
9255 22
9256 22
9257 22
9258 22
9259 22
9260 22
9261 22
9262 22
9263 22
9264 22
9265 22
9266 22
9267 22
9268 22
9269 22
9270 22
9271 22
9272 22
9273 22
9274 22
9275 22
9276 22
9277 22
9278 22
9279 22
9280 22
9281 22
9282 22
9283 22
9284 22
9285 22
9286 22
9287 22
9288 22
9289 22
9290 22
9291 22
9292 22
9293 22
9294 22
9295 22
9296 22
9297 22
9298 22
9299 22
9300 22
9301 22
9302 22
9303 22
9304 22
9305 22
9306 22
9307 22
9308 22
9309 22
9310 22
9311 22
9312 22
9313 22
9314 22
9315 22
9316 22
9317 22
9318 22
9319 22
9320 22
9321 162
9322 22
9323 22
9324 22
9325 22
9326 22
9327 22
9328 107
9329 22
9330 22
9331 22
9332 22
9333 22
9334 22
9335 22
9336 22
9337 22
9338 22
9339 22
9340 22
9341 22
9342 22
9343 22
9344 22
9345 22
9346 22
9347 22
9348 22
9349 22
9350 22
9351 22
9352 22
9353 22
9354 22
9355 22
9356 22
9357 22
9358 22
9359 22
9360 22
9361 22
9362 22
9363 22
9364 22
9365 22
9366 22
9367 22
9368 22
9369 22
9370 53
9371 22
9372 23
9373 22
9374 22
9375 22
9376 22
9377 -1
9378 22
9379 22
9380 22
9381 22
9382 22
9383 22
9384 22
9385 22
9386 22
9387 22
9388 22
9389 22
9390 22
9391 22
9392 22
9393 -1
9394 19
9395 19
9396 19
9397 1
9398 1
9399 19
9400 19
9401 19
9402 19
9403 19
9404 19
9405 19
9406 19
9407 19
9408 19
9409 19
9410 19
9411 19
9412 19
9413 19
9414 19
9415 19
9416 19
9417 19
9418 19
9419 -1
9420 97
9421 97
9422 19
9423 19
9424 19
9425 19
9426 19
9427 22
9428 -1
9429 210
9430 0
9431 0
9432 166
9433 -1
9434 -1
9435 9
9436 -1
9437 1
9438 -1
9439 102
9440 -1
9441 102
9442 120
9443 -1
9444 -1
9445 70
9446 129
9447 130
9448 90
9449 146
9450 -1
9451 -1
9452 -1
9453 1
9454 45
9455 146
9456 133
9457 112
9458 211
9459 183
9460 123
9461 -1
9462 -1
9463 1
9464 -1
9465 -1
9466 138
9467 83
9468 31
9469 141
9470 12
9471 57
9472 154
9473 0
9474 131
9475 1
9476 1
9477 161
9478 -1
9479 65
9480 -1
9481 -1
9482 -1
9483 -1
9484 120
9485 120
9486 48
9487 183
9488 -1
9489 218
9490 177
9491 -1
9492 174
9493 -1
9494 -1
9495 -1
9496 -1
9497 -1
9498 212
9499 212
9500 141
9501 141
9502 -1
9503 -1
9504 -1
9505 -1
9506 120
9507 -1
9508 -1
9509 156
9510 -1
9511 -1
9512 -1
9513 85
9514 174
9515 -1
9516 -1
9517 -1
9518 -1
9519 -1
9520 -1
9521 114
9522 88
9523 129
9524 125
9525 40
9526 38
9527 208
9528 17
9529 -1
9530 1
9531 162
9532 -1
9533 37
9534 -1
9535 85
9536 0
9537 -1
9538 -1
9539 86
9540 -1
9541 -1
9542 -1
9543 -1
9544 120
9545 -1
9546 99
9547 0
9548 120
9549 -1
9550 -1
9551 -1
9552 81
9553 208
9554 -1
9555 25
9556 107
9557 67
9558 -1
9559 174
9560 31
9561 -1
9562 174
9563 175
9564 175
9565 174
9566 -1
9567 140
9568 25
9569 -1
9570 207
9571 -1
9572 -1
9573 -1
9574 0
9575 -1
9576 79
9577 158
9578 -1
9579 62
9580 39
9581 141
9582 166
9583 133
9584 -1
9585 123
9586 -1
9587 -1
9588 197
9589 126
9590 1
9591 -1
9592 90
9593 -1
9594 0
9595 43
9596 124
9597 131
9598 100
9599 45
9600 45
9601 -1
9602 113
9603 91
9604 -1
9605 -1
9606 47
9607 47
9608 166
9609 42
9610 42
9611 42
9612 42
9613 1
9614 42
9615 42
9616 42
9617 1
9618 1
9619 1
9620 1
9621 42
9622 42
9623 42
9624 42
9625 42
9626 141
9627 31
9628 116
9629 31
9630 12
9631 31
9632 31
9633 31
9634 31
9635 31
9636 31
9637 31
9638 1
9639 1
9640 1
9641 1
9642 31
9643 31
9644 31
9645 20
9646 31
9647 31
9648 31
9649 1
9650 31
9651 1
9652 31
9653 -1
9654 -1
9655 -1
9656 141
9657 0
9658 0
9659 0
9660 0
9661 0
9662 0
9663 0
9664 0
9665 0
9666 0
9667 134
9668 -1
9669 -1
9670 -1
9671 -1
9672 -1
9673 -1
9674 -1
9675 -1
9676 -1
9677 -1
9678 -1
9679 -1
9680 -1
9681 -1
9682 40
9683 208
9684 120
9685 193
9686 133
9687 166
9688 166
9689 141
9690 218
9691 -1
9692 -1
9693 141
9694 17
9695 1
9696 1
9697 110
9698 0
9699 0
9700 189
9701 41
9702 -1
9703 205
9704 143
9705 -1
9706 25
9707 107
9708 48
9709 75
9710 174
9711 -1
9712 -1
9713 -1
9714 116
9715 104
9716 218
9717 211
9718 174
9719 174
9720 175
9721 192
9722 196
9723 -1
9724 127
9725 127
9726 -1
9727 76
9728 0
9729 143
9730 208
9731 141
9732 -1
9733 146
9734 158
9735 -1
9736 -1
9737 -1
9738 -1
9739 154
9740 1
9741 112
9742 13
9743 -1
9744 203
9745 -1
9746 47
9747 1
9748 48
9749 163
9750 195
9751 83
9752 -1
9753 -1
9754 -1
9755 203
9756 82
9757 74
9758 -1
9759 -1
9760 101
9761 97
9762 -1
9763 -1
9764 149
9765 25
9766 -1
9767 212
9768 212
9769 212
9770 -1
9771 -1
9772 -1
9773 -1
9774 -1
9775 -1
9776 -1
9777 -1
9778 -1
9779 175
9780 175
9781 57
9782 67
9783 0
9784 -1
9785 36
9786 -1
9787 25
9788 -1
9789 45
9790 45
9791 -1
9792 57
9793 133
9794 -1
9795 -1
9796 -1
9797 -1
9798 84
9799 141
9800 141
9801 100
9802 -1
9803 45
9804 139
9805 125
9806 -1
9807 -1
9808 213
9809 0
9810 132
9811 -1
9812 115
9813 -1
9814 115
9815 0
9816 132
9817 132
9818 31
9819 0
9820 -1
9821 0
9822 0
9823 23
9824 23
9825 0
9826 -1
9827 0
9828 0
9829 0
9830 0
9831 -1
9832 23
9833 23
9834 23
9835 0
9836 23
9837 23
9838 23
9839 0
9840 23
9841 23
9842 23
9843 23
9844 -1
9845 0
9846 23
9847 23
9848 23
9849 23
9850 0
9851 0
9852 -1
9853 182
9854 149
9855 -1
9856 -1
9857 -1
9858 218
9859 141
9860 107
9861 -1
9862 -1
9863 -1
9864 -1
9865 -1
9866 37
9867 -1
9868 172
9869 0
9870 -1
9871 192
9872 149
9873 149
9874 24
9875 1
9876 -1
9877 13
9878 13
9879 70
9880 218
9881 150
9882 86
9883 -1
9884 83
9885 74
9886 -1
9887 168
9888 168
9889 79
9890 59
9891 40
9892 -1
9893 99
9894 99
9895 -1
9896 -1
9897 45
9898 127
9899 -1
9900 45
9901 45
9902 -1
9903 -1
9904 -1
9905 146
9906 146
9907 -1
9908 57
9909 180
9910 180
9911 100
9912 187
9913 -1
9914 -1
9915 -1
9916 45
9917 102
9918 -1
9919 -1
9920 -1
9921 0
9922 41
9923 -1
9924 39
9925 31
9926 107
9927 107
9928 44
9929 -1
9930 -1
9931 3
9932 120
9933 120
9934 141
9935 153
9936 -1
9937 -1
9938 -1
9939 -1
9940 199
9941 199
9942 80
9943 80
9944 -1
9945 1
9946 1
9947 -1
9948 80
9949 0
9950 0
9951 -1
9952 98
9953 98
9954 0
9955 0
9956 177
9957 -1
9958 185
9959 44
9960 44
9961 44
9962 0
9963 172
9964 -1
9965 205
9966 45
9967 45
9968 45
9969 45
9970 74
9971 205
9972 146
9973 133
9974 45
9975 -1
9976 45
9977 149
9978 41
9979 32
9980 208
9981 -1
9982 0
9983 1
9984 100
9985 1
9986 192
9987 112
9988 192
9989 166
9990 99
9991 -1
9992 -1
9993 192
9994 45
9995 -1
9996 70
9997 -1
9998 45
9999 17
10000 17
10001 17
10002 17
10003 17
10004 17
10005 17
10006 17
10007 17
10008 45
10009 17
10010 17
10011 45
10012 0
10013 17
10014 17
10015 -1
10016 -1
10017 -1
10018 17
10019 17
10020 1
10021 0
10022 17
10023 57
10024 34
10025 175
10026 1
10027 75
10028 -1
10029 45
10030 45
10031 0
10032 174
10033 1
10034 138
10035 107
10036 138
10037 -1
10038 174
10039 -1
10040 186
10041 133
10042 -1
10043 210
10044 1
10045 1
10046 136
10047 107
10048 136
10049 136
10050 164
10051 136
10052 -1
10053 -1
10054 -1
10055 -1
10056 199
10057 190
10058 190
10059 190
10060 0
10061 0
10062 -1
10063 0
10064 -1
10065 1
10066 146
10067 -1
10068 -1
10069 1
10070 133
10071 -1
10072 -1
10073 -1
10074 1
10075 100
10076 133
10077 100
10078 178
10079 178
10080 60
10081 115
10082 115
10083 -1
10084 25
10085 -1
10086 45
10087 -1
10088 133
10089 97
10090 -1
10091 -1
10092 107
10093 0
10094 107
10095 -1
10096 97
10097 149
10098 -1
10099 170
10100 59
10101 136
10102 74
10103 1
10104 209
10105 120
10106 130
10107 207
10108 138
10109 -1
10110 48
10111 107
10112 149
10113 139
10114 139
10115 -1
10116 -1
10117 85
10118 207
10119 -1
10120 0
10121 0
10122 0
10123 -1
10124 -1
10125 0
10126 134
10127 -1
10128 1
10129 206
10130 -1
10131 32
10132 202
10133 -1
10134 -1
10135 57
10136 44
10137 0
10138 -1
10139 98
10140 60
10141 119
10142 0
10143 91
10144 -1
10145 218
10146 218
10147 25
10148 120
10149 91
10150 -1
10151 45
10152 -1
10153 -1
10154 0
10155 -1
10156 -1
10157 89
10158 113
10159 -1
10160 -1
10161 41
10162 193
10163 193
10164 193
10165 193
10166 193
10167 193
10168 193
10169 1
10170 0
10171 -1
10172 1
10173 125
10174 1
10175 185
10176 146
10177 130
10178 -1
10179 91
10180 -1
10181 0
10182 -1
10183 166
10184 -1
10185 57
10186 -1
10187 -1
10188 146
10189 195
10190 0
10191 -1
10192 -1
10193 0
10194 44
10195 -1
10196 -1
10197 -1
10198 -1
10199 -1
10200 125
10201 -1
10202 72
10203 -1
10204 197
10205 -1
10206 17
10207 17
10208 107
10209 0
10210 -1
10211 0
10212 102
10213 107
10214 47
10215 120
10216 141
10217 0
10218 0
10219 0
10220 112
10221 112
10222 0
10223 0
10224 0
10225 0
10226 0
10227 218
10228 136
10229 -1
10230 -1
10231 112
10232 -1
10233 39
10234 22
10235 97
10236 -1
10237 -1
10238 218
10239 218
10240 -1
10241 75
10242 180
10243 133
10244 -1
10245 86
10246 97
10247 185
10248 185
10249 69
10250 146
10251 -1
10252 187
10253 -1
10254 1
10255 1
10256 207
10257 207
10258 1
10259 45
10260 -1
10261 -1
10262 -1
10263 27
10264 1
10265 149
10266 110
10267 97
10268 0
10269 207
10270 0
10271 1
10272 207
10273 141
10274 103
10275 0
10276 0
10277 69
10278 69
10279 -1
10280 -1
10281 97
10282 -1
10283 -1
10284 57
10285 25
10286 -1
10287 125
10288 110
10289 166
10290 207
10291 1
10292 42
10293 -1
10294 158
10295 -1
10296 -1
10297 207
10298 -1
10299 32
10300 32
10301 32
10302 32
10303 59
10304 -1
10305 126
10306 163
10307 134
10308 154
10309 217
10310 -1
10311 217
10312 -1
10313 136
10314 179
10315 69
10316 149
10317 69
10318 69
10319 -1
10320 85
10321 -1
10322 97
10323 85
10324 85
10325 -1
10326 146
10327 146
10328 146
10329 146
10330 -1
10331 100
10332 -1
10333 205
10334 1
10335 133
10336 59
10337 197
10338 -1
10339 -1
10340 -1
10341 33
10342 -1
10343 -1
10344 59
10345 -1
10346 158
10347 207
10348 107
10349 0
10350 0
10351 0
10352 0
10353 -1
10354 -1
10355 1
10356 1
10357 44
10358 -1
10359 -1
10360 192
10361 -1
10362 101
10363 94
10364 -1
10365 97
10366 1
10367 141
10368 -1
10369 -1
10370 -1
10371 69
10372 120
10373 -1
10374 -1
10375 -1
10376 -1
10377 -1
10378 -1
10379 -1
10380 -1
10381 -1
10382 -1
10383 -1
10384 0
10385 0
10386 0
10387 -1
10388 40
10389 129
10390 129
10391 -1
10392 -1
10393 0
10394 -1
10395 85
10396 120
10397 -1
10398 109
10399 -1
10400 190
10401 -1
10402 0
10403 141
10404 -1
10405 -1
10406 84
10407 49
10408 49
10409 49
10410 49
10411 49
10412 49
10413 0
10414 0
10415 49
10416 0
10417 49
10418 49
10419 49
10420 57
10421 49
10422 -1
10423 -1
10424 49
10425 49
10426 49
10427 116
10428 116
10429 -1
10430 36
10431 25
10432 25
10433 157
10434 -1
10435 -1
10436 131
10437 -1
10438 -1
10439 0
10440 120
10441 97
10442 97
10443 -1
10444 -1
10445 -1
10446 25
10447 -1
10448 -1
10449 -1
10450 97
10451 131
10452 120
10453 85
10454 -1
10455 -1
10456 117
10457 57
10458 0
10459 -1
10460 57
10461 25
10462 57
10463 124
10464 25
10465 110
10466 110
10467 112
10468 74
10469 74
10470 74
10471 64
10472 -1
10473 64
10474 141
10475 141
10476 -1
10477 -1
10478 102
10479 116
10480 -1
10481 -1
10482 -1
10483 -1
10484 -1
10485 -1
10486 -1
10487 -1
10488 29
10489 29
10490 -1
10491 29
10492 29
10493 29
10494 29
10495 29
10496 29
10497 29
10498 29
10499 29
10500 29
10501 29
10502 14
10503 14
10504 -1
10505 29
10506 14
10507 14
10508 1
10509 1
10510 14
10511 14
10512 29
10513 29
10514 29
10515 29
10516 29
10517 29
10518 29
10519 29
10520 29
10521 29
10522 29
10523 29
10524 29
10525 29
10526 29
10527 29
10528 29
10529 29
10530 29
10531 29
10532 29
10533 29
10534 29
10535 29
10536 29
10537 29
10538 29
10539 29
10540 29
10541 29
10542 -1
10543 141
10544 -1
10545 65
10546 65
10547 -1
10548 -1
10549 133
10550 138
10551 129
10552 -1
10553 133
10554 31
10555 53
10556 25
10557 1
10558 25
10559 97
10560 -1
10561 24
10562 200
10563 24
10564 24
10565 24
10566 24
10567 120
10568 1
10569 -1
10570 37
10571 37
10572 0
10573 -1
10574 13
10575 -1
10576 -1
10577 -1
10578 0
10579 17
10580 207
10581 59
10582 -1
10583 -1
10584 133
10585 118
10586 118
10587 -1
10588 112
10589 210
10590 -1
10591 0
10592 -1
10593 34
10594 34
10595 0
10596 120
10597 -1
10598 45
10599 45
10600 140
10601 149
10602 149
10603 -1
10604 170
10605 166
10606 166
10607 120
10608 57
10609 57
10610 -1
10611 34
10612 3
10613 3
10614 3
10615 3
10616 3
10617 3
10618 3
10619 -1
10620 39
10621 -1
10622 -1
10623 192
10624 0
10625 -1
10626 0
10627 0
10628 0
10629 -1
10630 -1
10631 34
10632 0
10633 0
10634 0
10635 0
10636 0
10637 0
10638 -1
10639 100
10640 97
10641 112
10642 100
10643 -1
10644 125
10645 113
10646 -1
10647 -1
10648 -1
10649 -1
10650 -1
10651 186
10652 109
10653 166
10654 25
10655 -1
10656 -1
10657 120
10658 120
10659 120
10660 120
10661 -1
10662 120
10663 -1
10664 172
10665 64
10666 64
10667 -1
10668 0
10669 0
10670 -1
10671 183
10672 120
10673 -1
10674 34
10675 49
10676 49
10677 49
10678 49
10679 49
10680 49
10681 -1
10682 -1
10683 59
10684 84
10685 120
10686 84
10687 -1
10688 84
10689 35
10690 160
10691 160
10692 0
10693 160
10694 -1
10695 207
10696 207
10697 84
10698 59
10699 -1
10700 163
10701 -1
10702 -1
10703 120
10704 120
10705 120
10706 120
10707 120
10708 0
10709 120
10710 177
10711 187
10712 207
10713 -1
10714 -1
10715 207
10716 113
10717 -1
10718 -1
10719 -1
10720 -1
10721 25
10722 25
10723 25
10724 113
10725 127
10726 0
10727 97
10728 127
10729 127
10730 97
10731 -1
10732 199
10733 -1
10734 -1
10735 -1
10736 127
10737 25
10738 142
10739 110
10740 132
10741 34
10742 34
10743 -1
10744 -1
10745 74
10746 1
10747 1
10748 1
10749 -1
10750 -1
10751 120
10752 120
10753 120
10754 97
10755 120
10756 120
10757 120
10758 120
10759 120
10760 120
10761 120
10762 -1
10763 -1
10764 57
10765 187
10766 120
10767 120
10768 65
10769 -1
10770 41
10771 41
10772 65
10773 44
10774 110
10775 72
10776 -1
10777 -1
10778 -1
10779 72
10780 120
10781 120
10782 0
10783 -1
10784 100
10785 0
10786 136
10787 120
10788 120
10789 -1
10790 -1
10791 -1
10792 -1
10793 -1
10794 -1
10795 125
10796 -1
10797 218
10798 17
10799 17
10800 17
10801 17
10802 -1
10803 85
10804 -1
10805 97
10806 44
10807 -1
10808 44
10809 44
10810 25
10811 26
10812 34
10813 -1
10814 -1
10815 142
10816 -1
10817 30
10818 30
10819 30
10820 30
10821 30
10822 30
10823 30
10824 30
10825 30
10826 30
10827 30
10828 30
10829 30
10830 30
10831 30
10832 30
10833 30
10834 32
10835 32
10836 -1
10837 84
10838 -1
10839 27
10840 0
10841 120
10842 -1
10843 -1
10844 174
10845 107
10846 120
10847 34
10848 -1
10849 214
10850 0
10851 -1
10852 81
10853 133
10854 85
10855 25
10856 -1
10857 -1
10858 -1
10859 84
10860 84
10861 66
10862 -1
10863 -1
10864 0
10865 0
10866 0
10867 9
10868 -1
10869 66
10870 -1
10871 0
10872 -1
10873 157
10874 25
10875 195
10876 100
10877 118
10878 -1
10879 -1
10880 34
10881 197
10882 197
10883 -1
10884 82
10885 82
10886 -1
10887 -1
10888 -1
10889 -1
10890 -1
10891 -1
10892 -1
10893 146
10894 146
10895 -1
10896 146
10897 -1
10898 -1
10899 -1
10900 -1
10901 170
10902 -1
10903 -1
10904 212
10905 212
10906 212
10907 212
10908 212
10909 0
10910 0
10911 0
10912 0
10913 0
10914 0
10915 0
10916 0
10917 0
10918 0
10919 39
10920 158
10921 157
10922 -1
10923 -1
10924 0
10925 -1
10926 -1
10927 34
10928 -1
10929 116
10930 -1
10931 -1
10932 -1
10933 -1
10934 -1
10935 -1
10936 34
10937 -1
10938 25
10939 183
10940 -1
10941 -1
10942 -1
10943 99
10944 40
10945 41
10946 40
10947 40
10948 56
10949 75
10950 -1
10951 -1
10952 -1
10953 -1
10954 -1
10955 207
10956 -1
10957 85
10958 199
10959 -1
10960 199
10961 -1
10962 -1
10963 190
10964 102
10965 140
10966 25
10967 59
10968 -1
10969 72
10970 25
10971 91
10972 91
10973 -1
10974 -1
10975 -1
10976 207
10977 57
10978 34
10979 57
10980 0
10981 0
10982 -1
10983 0
10984 196
10985 166
10986 -1
10987 -1
10988 -1
10989 -1
10990 172
10991 172
10992 -1
10993 -1
10994 -1
10995 -1
10996 -1
10997 57
10998 0
10999 -1
11000 101
11001 -1
11002 -1
11003 174
11004 174
11005 -1
11006 1
11007 -1
11008 -1
11009 -1
11010 -1
11011 -1
11012 -1
11013 -1
11014 1
11015 57
11016 57
11017 57
11018 32
11019 -1
11020 32
11021 32
11022 32
11023 -1
11024 0
11025 -1
11026 184
11027 -1
11028 118
11029 -1
11030 130
11031 -1
11032 196
11033 1
11034 207
11035 1
11036 -1
11037 0
11038 59
11039 156
11040 -1
11041 1
11042 134
11043 1
11044 1
11045 1
11046 1
11047 -1
11048 -1
11049 -1
11050 -1
11051 -1
11052 34
11053 1
11054 1
11055 1
11056 49
11057 1
11058 1
11059 1
11060 1
11061 1
11062 1
11063 1
11064 1
11065 1
11066 0
11067 0
11068 0
11069 0
11070 0
11071 0
11072 0
11073 -1
11074 214
11075 0
11076 0
11077 0
11078 0
11079 -1
11080 -1
11081 -1
11082 -1
11083 -1
11084 -1
11085 -1
11086 45
11087 -1
11088 39
11089 114
11090 -1
11091 -1
11092 -1
11093 -1
11094 -1
11095 25
11096 25
11097 25
11098 25
11099 -1
11100 0
11101 0
11102 -1
11103 1
11104 0
11105 34
11106 -1
11107 57
11108 17
11109 192
11110 113
11111 113
11112 -1
11113 25
11114 34
11115 34
11116 -1
11117 161
11118 1
11119 1
11120 59
11121 -1
11122 112
11123 1
11124 59
11125 1
11126 59
11127 -1
11128 -1
11129 83
11130 -1
11131 177
11132 32
11133 32
11134 90
11135 90
11136 0
11137 0
11138 0
11139 84
11140 25
11141 129
11142 53
11143 47
11144 -1
11145 0
11146 100
11147 -1
11148 -1
11149 98
11150 207
11151 -1
11152 -1
11153 -1
11154 -1
11155 -1
11156 -1
11157 0
11158 0
11159 0
11160 -1
11161 110
11162 0
11163 158
11164 39
11165 -1
11166 1
11167 1
11168 1
11169 1
11170 207
11171 -1
11172 0
11173 0
11174 0
11175 0
11176 0
11177 0
11178 147
11179 0
11180 -1
11181 -1
11182 146
11183 83
11184 156
11185 -1
11186 -1
11187 166
11188 -1
11189 34
11190 163
11191 -1
11192 38
11193 166
11194 0
11195 155
11196 -1
11197 0
11198 143
11199 -1
11200 25
11201 130
11202 112
11203 112
11204 133
11205 120
11206 0
11207 0
11208 0
11209 0
11210 157
11211 157
11212 0
11213 163
11214 163
11215 163
11216 163
11217 163
11218 163
11219 1
11220 1
11221 0
11222 69
11223 13
11224 -1
11225 97
11226 66
11227 -1
11228 -1
11229 34
11230 69
11231 69
11232 -1
11233 76
11234 175
11235 175
11236 -1
11237 1
11238 65
11239 112
11240 110
11241 -1
11242 25
11243 -1
11244 -1
11245 -1
11246 0
11247 0
11248 161
11249 161
11250 1
11251 1
11252 34
11253 89
11254 -1
11255 27
11256 59
11257 -1
11258 -1
11259 -1
11260 0
11261 0
11262 0
11263 109
11264 17
11265 -1
11266 75
11267 -1
11268 -1
11269 120
11270 120
11271 120
11272 120
11273 140
11274 -1
11275 -1
11276 -1
11277 34
11278 -1
11279 0
11280 218
11281 38
11282 38
11283 -1
11284 158
11285 174
11286 -1
11287 25
11288 -1
11289 -1
11290 59
11291 57
11292 -1
11293 -1
11294 1
11295 1
11296 41
11297 -1
11298 175
11299 187
11300 -1
11301 -1
11302 -1
11303 112
11304 49
11305 49
11306 49
11307 -1
11308 -1
11309 -1
11310 -1
11311 187
11312 0
11313 183
11314 -1
11315 49
11316 49
11317 203
11318 135
11319 165
11320 -1
11321 -1
11322 91
11323 25
11324 218
11325 -1
11326 1
11327 -1
11328 -1
11329 0
11330 0
11331 0
11332 0
11333 0
11334 0
11335 0
11336 163
11337 0
11338 0
11339 34
11340 -1
11341 0
11342 1
11343 97
11344 1
11345 114
11346 0
11347 -1
11348 -1
11349 -1
11350 0
11351 0
11352 218
11353 -1
11354 -1
11355 211
11356 0
11357 -1
11358 -1
11359 -1
11360 0
11361 -1
11362 3
11363 3
11364 41
11365 -1
11366 0
11367 0
11368 0
11369 -1
11370 0
11371 129
11372 0
11373 129
11374 0
11375 138
11376 0
11377 -1
11378 -1
11379 -1
11380 59
11381 32
11382 67
11383 0
11384 141
11385 0
11386 -1
11387 0
11388 7
11389 -1
11390 135
11391 0
11392 0
11393 0
11394 0
11395 0
11396 0
11397 0
11398 0
11399 0
11400 0
11401 -1
11402 24
11403 25
11404 -1
11405 187
11406 187
11407 187
11408 0
11409 -1
11410 0
11411 0
11412 213
11413 29
11414 -1
11415 137
11416 0
11417 34
11418 0
11419 0
11420 -1
11421 130
11422 0
11423 0
11424 0
11425 0
11426 0
11427 138
11428 84
11429 -1
11430 0
11431 -1
11432 0
11433 -1
11434 184
11435 57
11436 25
11437 0
11438 0
11439 0
11440 34
11441 0
11442 34
11443 0
11444 34
11445 218
11446 -1
11447 0
11448 0
11449 0
11450 0
11451 1
11452 1
11453 -1
11454 37
11455 0
11456 0
11457 0
11458 0
11459 107
11460 -1
11461 27
11462 0
11463 126
11464 131
11465 45
11466 25
11467 -1
11468 166
11469 0
11470 0
11471 166
11472 125
11473 -1
11474 -1
11475 -1
11476 -1
11477 -1
11478 58
11479 135
11480 135
11481 -1
11482 -1
11483 74
11484 1
11485 174
11486 207
11487 -1
11488 0
11489 182
11490 -1
11491 -1
11492 -1
11493 0
11494 0
11495 -1
11496 0
11497 34
11498 0
11499 211
11500 45
11501 187
11502 -1
11503 0
11504 0
11505 0
11506 -1
11507 0
11508 -1
11509 -1
11510 141
11511 -1
11512 -1
11513 -1
11514 0
11515 -1
11516 -1
11517 -1
11518 -1
11519 -1
11520 -1
11521 133
11522 1
11523 1
11524 1
11525 64
11526 83
11527 -1
11528 0
11529 154
11530 0
11531 120
11532 32
11533 1
11534 213
11535 25
11536 203
11537 200
11538 -1
11539 -1
11540 207
11541 75
11542 75
11543 75
11544 75
11545 0
11546 1
11547 -1
11548 59
11549 25
11550 1
11551 25
11552 3
11553 3
11554 0
11555 1
11556 1
11557 -1
11558 -1
11559 0
11560 0
11561 0
11562 32
11563 0
11564 0
11565 -1
11566 -1
11567 13
11568 14
11569 -1
11570 -1
11571 90
11572 0
11573 107
11574 59
11575 -1
11576 61
11577 25
11578 218
11579 0
11580 34
11581 113
11582 -1
11583 -1
11584 -1
11585 168
11586 -1
11587 0
11588 0
11589 0
11590 0
11591 58
11592 187
11593 -1
11594 -1
11595 -1
11596 -1
11597 -1
11598 34
11599 -1
11600 208
11601 175
11602 57
11603 -1
11604 218
11605 -1
11606 13
11607 -1
11608 114
11609 -1
11610 -1
11611 -1
11612 -1
11613 -1
11614 174
11615 34
11616 183
11617 0
11618 0
11619 0
11620 0
11621 0
11622 0
11623 0
11624 0
11625 41
11626 73
11627 -1
11628 -1
11629 -1
11630 -1
11631 100
11632 57
11633 25
11634 -1
11635 22
11636 -1
11637 -1
11638 -1
11639 47
11640 -1
11641 -1
11642 -1
11643 -1
11644 -1
11645 -1
11646 0
11647 0
11648 0
11649 0
11650 0
11651 0
11652 -1
11653 134
11654 184
11655 -1
11656 -1
11657 -1
11658 -1
11659 -1
11660 -1
11661 162
11662 89
11663 0
11664 0
11665 34
11666 22
11667 -1
11668 -1
11669 -1
11670 34
11671 34
11672 34
11673 34
11674 34
11675 105
11676 105
11677 25
11678 25
11679 25
11680 -1
11681 -1
11682 34
11683 34
11684 105
11685 34
11686 165
11687 109
11688 109
11689 109
11690 109
11691 -1
11692 -1
11693 185
11694 -1
11695 172
11696 218
11697 -1
11698 22
11699 -1
11700 34
11701 -1
11702 0
11703 203
11704 31
11705 155
11706 116
11707 129
11708 149
11709 149
11710 -1
11711 218
11712 218
11713 -1
11714 34
11715 118
11716 112
11717 43
11718 65
11719 65
11720 57
11721 85
11722 -1
11723 -1
11724 85
11725 85
11726 192
11727 90
11728 113
11729 98
11730 34
11731 157
11732 -1
11733 217
11734 -1
11735 138
11736 138
11737 86
11738 34
11739 -1
11740 -1
11741 141
11742 17
11743 -1
11744 72
11745 -1
11746 -1
11747 166
11748 218
11749 218
11750 -1
11751 118
11752 22
11753 22
11754 1
11755 22
11756 7
11757 25
11758 -1
11759 79
11760 61
11761 146
11762 0
11763 0
11764 -1
11765 -1
11766 -1
11767 -1
11768 -1
11769 -1
11770 176
11771 -1
11772 -1
11773 -1
11774 25
11775 25
11776 218
11777 142
11778 -1
11779 0
11780 117
11781 0
11782 0
11783 115
11784 146
11785 146
11786 61
11787 -1
11788 218
11789 -1
11790 -1
11791 149
11792 38
11793 -1
11794 210
11795 34
11796 -1
11797 183
11798 -1
11799 -1
11800 -1
11801 -1
11802 146
11803 146
11804 -1
11805 146
11806 146
11807 -1
11808 -1
11809 -1
11810 146
11811 -1
11812 -1
11813 -1
11814 34
11815 -1
11816 85
11817 146
11818 -1
11819 -1
11820 -1
11821 -1
11822 -1
11823 1
11824 -1
11825 32
11826 32
11827 -1
11828 202
11829 -1
11830 0
11831 58
11832 85
11833 -1
11834 -1
11835 0
11836 -1
11837 0
11838 0
11839 0
11840 0
11841 0
11842 0
11843 25
11844 34
11845 -1
11846 57
11847 112
11848 45
11849 -1
11850 131
11851 170
11852 31
11853 -1
11854 205
11855 205
11856 -1
11857 -1
11858 -1
11859 0
11860 116
11861 1
11862 -1
11863 157
11864 1
11865 -1
11866 1
11867 -1
11868 1
11869 48
11870 47
11871 166
11872 32
11873 0
11874 34
11875 146
11876 -1
11877 146
11878 -1
11879 -1
11880 -1
11881 146
11882 54
11883 -1
11884 -1
11885 -1
11886 75
11887 157
11888 -1
11889 -1
11890 -1
11891 90
11892 0
11893 -1
11894 1
11895 34
11896 218
11897 146
11898 -1
11899 166
11900 -1
11901 76
11902 155
11903 44
11904 17
11905 -1
11906 -1
11907 113
11908 59
11909 -1
11910 -1
11911 -1
11912 109
11913 -1
11914 39
11915 85
11916 -1
11917 -1
11918 57
11919 1
11920 -1
11921 -1
11922 -1
11923 -1
11924 -1
11925 -1
11926 -1
11927 112
11928 189
11929 189
11930 195
11931 -1
11932 179
11933 -1
11934 170
11935 -1
11936 -1
11937 -1
11938 -1
11939 -1
11940 -1
11941 -1
11942 -1
11943 146
11944 146
11945 157
11946 -1
11947 -1
11948 -1
11949 26
11950 85
11951 57
11952 218
11953 -1
11954 146
11955 -1
11956 -1
11957 192
11958 79
11959 -1
11960 1
11961 79
11962 79
11963 59
11964 166
11965 166
11966 -1
11967 79
11968 146
11969 146
11970 146
11971 105
11972 38
11973 -1
11974 -1
11975 -1
11976 36
11977 -1
11978 -1
11979 -1
11980 34
11981 34
11982 -1
11983 195
11984 25
11985 146
11986 -1
11987 146
11988 100
11989 208
11990 172
11991 75
11992 130
11993 130
11994 195
11995 218
11996 -1
11997 0
11998 0
11999 -1
12000 0
12001 -1
12002 24
12003 -1
12004 -1
12005 1
12006 -1
12007 34
12008 -1
12009 1
12010 -1
12011 -1
12012 -1
12013 -1
12014 -1
12015 -1
12016 177
12017 -1
12018 -1
12019 -1
12020 189
12021 189
12022 -1
12023 -1
12024 110
12025 -1
12026 -1
12027 -1
12028 -1
12029 -1
12030 34
12031 218
12032 -1
12033 -1
12034 146
12035 75
12036 146
12037 79
12038 -1
12039 -1
12040 -1
12041 -1
12042 141
12043 -1
12044 48
12045 48
12046 -1
12047 -1
12048 146
12049 -1
12050 133
12051 166
12052 146
12053 -1
12054 113
12055 -1
12056 -1
12057 -1
12058 -1
12059 -1
12060 -1
12061 -1
12062 146
12063 114
12064 34
12065 65
12066 31
12067 34
12068 -1
12069 -1
12070 17
12071 -1
12072 -1
12073 101
12074 -1
12075 -1
12076 -1
12077 87
12078 -1
12079 -1
12080 -1
12081 0
12082 0
12083 0
12084 0
12085 0
12086 0
12087 141
12088 31
12089 1
12090 0
12091 0
12092 0
12093 0
12094 0
12095 0
12096 0
12097 0
12098 -1
12099 -1
12100 -1
12101 -1
12102 -1
12103 -1
12104 1
12105 112
12106 -1
12107 -1
12108 0
12109 -1
12110 -1
12111 -1
12112 100
12113 100
12114 -1
12115 -1
12116 -1
12117 84
12118 -1
12119 96
12120 96
12121 -1
12122 -1
12123 -1
12124 0
12125 189
12126 91
12127 172
12128 -1
12129 36
12130 -1
12131 -1
12132 0
12133 0
12134 -1
12135 0
12136 0
12137 0
12138 83
12139 -1
12140 100
12141 0
12142 -1
12143 -1
12144 -1
12145 -1
12146 100
12147 -1
12148 -1
12149 -1
12150 217
12151 185
12152 -1
12153 -1
12154 31
12155 31
12156 -1
12157 141
12158 -1
12159 34
12160 0
12161 -1
12162 146
12163 0
12164 -1
12165 205
12166 205
12167 205
12168 205
12169 205
12170 -1
12171 -1
12172 205
12173 0
12174 -1
12175 205
12176 205
12177 -1
12178 132
12179 25
12180 25
12181 -1
12182 -1
12183 -1
12184 -1
12185 178
12186 36
12187 -1
12188 -1
12189 -1
12190 203
12191 192
12192 -1
12193 -1
12194 1
12195 61
12196 -1
12197 -1
12198 197
12199 -1
12200 -1
12201 -1
12202 -1
12203 -1
12204 -1
12205 -1
12206 -1
12207 -1
12208 -1
12209 -1
12210 218
12211 146
12212 57
12213 -1
12214 -1
12215 25
12216 -1
12217 91
12218 218
12219 -1
12220 205
12221 -1
12222 -1
12223 -1
12224 -1
12225 7
12226 66
12227 -1
12228 -1
12229 -1
12230 -1
12231 38
12232 -1
12233 -1
12234 -1
12235 1
12236 54
12237 -1
12238 -1
12239 151
12240 157
12241 -1
12242 -1
12243 -1
12244 187
12245 -1
12246 187
12247 187
12248 187
12249 -1
12250 -1
12251 187
12252 -1
12253 1
12254 1
12255 95
12256 95
12257 -1
12258 -1
12259 44
12260 -1
12261 112
12262 -1
12263 87
12264 146
12265 146
12266 -1
12267 -1
12268 -1
12269 -1
12270 -1
12271 133
12272 157
12273 -1
12274 -1
12275 -1
12276 127
12277 166
12278 -1
12279 -1
12280 -1
12281 156
12282 -1
12283 207
12284 127
12285 25
12286 -1
12287 -1
12288 -1
12289 0
12290 -1
12291 -1
12292 25
12293 25
12294 27
12295 25
12296 25
12297 85
12298 109
12299 109
12300 0
12301 0
12302 41
12303 0
12304 32
12305 25
12306 0
12307 0
12308 0
12309 0
12310 0
12311 0
12312 0
12313 0
12314 -1
12315 25
12316 -1
12317 -1
12318 90
12319 -1
12320 61
12321 -1
12322 218
12323 174
12324 -1
12325 41
12326 -1
12327 -1
12328 53
12329 45
12330 128
12331 96
12332 -1
12333 0
12334 -1
12335 -1
12336 7
12337 -1
12338 25
12339 112
12340 -1
12341 141
12342 -1
12343 -1
12344 0
12345 -1
12346 0
12347 -1
12348 -1
12349 116
12350 -1
12351 -1
12352 -1
12353 -1
12354 -1
12355 -1
12356 0
12357 0
12358 -1
12359 -1
12360 -1
12361 -1
12362 -1
12363 -1
12364 91
12365 -1
12366 218
12367 91
12368 91
12369 0
12370 91
12371 91
12372 91
12373 0
12374 91
12375 91
12376 91
12377 -1
12378 91
12379 0
12380 -1
12381 -1
12382 -1
12383 130
12384 -1
12385 -1
12386 -1
12387 -1
12388 -1
12389 -1
12390 -1
12391 217
12392 -1
12393 217
12394 1
12395 0
12396 1
12397 32
12398 1
12399 108
12400 -1
12401 -1
12402 -1
12403 0
12404 0
12405 -1
12406 -1
12407 -1
12408 -1
12409 -1
12410 -1
12411 -1
12412 25
12413 100
12414 138
12415 49
12416 -1
12417 -1
12418 218
12419 211
12420 102
12421 -1
12422 -1
12423 86
12424 -1
12425 86
12426 86
12427 24
12428 122
12429 1
12430 119
12431 116
12432 119
12433 119
12434 119
12435 89
12436 -1
12437 -1
12438 -1
12439 -1
12440 210
12441 210
12442 210
12443 -1
12444 36
12445 69
12446 -1
12447 89
12448 0
12449 -1
12450 -1
12451 209
12452 -1
12453 69
12454 0
12455 -1
12456 -1
12457 -1
12458 -1
12459 122
12460 122
12461 122
12462 207
12463 66
12464 66
12465 66
12466 66
12467 -1
12468 1
12469 91
12470 1
12471 1
12472 -1
12473 -1
12474 89
12475 8
12476 57
12477 197
12478 60
12479 -1
12480 -1
12481 -1
12482 59
12483 -1
12484 146
12485 218
12486 114
12487 17
12488 -1
12489 8
12490 112
12491 133
12492 109
12493 -1
12494 146
12495 146
12496 187
12497 96
12498 -1
12499 65
12500 218
12501 72
12502 74
12503 146
12504 -1
12505 -1
12506 0
12507 -1
12508 96
12509 116
12510 -1
12511 -1
12512 -1
12513 197
12514 218
12515 0
12516 -1
12517 39
12518 -1
12519 9
12520 -1
12521 -1
12522 -1
12523 202
12524 -1
12525 -1
12526 9
12527 -1
12528 0
12529 0
12530 0
12531 -1
12532 218
12533 211
12534 184
12535 155
12536 182
12537 45
12538 -1
12539 157
12540 79
12541 79
12542 158
12543 -1
12544 0
12545 0
12546 115
12547 -1
12548 -1
12549 112
12550 -1
12551 64
12552 -1
12553 8
12554 8
12555 8
12556 8
12557 8
12558 39
12559 -1
12560 -1
12561 143
12562 0
12563 188
12564 188
12565 -1
12566 188
12567 188
12568 188
12569 188
12570 188
12571 -1
12572 135
12573 96
12574 8
12575 85
12576 -1
12577 -1
12578 90
12579 -1
12580 0
12581 0
12582 0
12583 0
12584 94
12585 -1
12586 119
12587 119
12588 -1
12589 178
12590 -1
12591 -1
12592 -1
12593 -1
12594 -1
12595 -1
12596 -1
12597 -1
12598 -1
12599 133
12600 195
12601 57
12602 0
12603 96
12604 0
12605 87
12606 87
12607 -1
12608 -1
12609 100
12610 -1
12611 0
12612 0
12613 0
12614 0
12615 -1
12616 113
12617 8
12618 -1
12619 157
12620 87
12621 87
12622 124
12623 -1
12624 199
12625 0
12626 -1
12627 135
12628 126
12629 33
12630 0
12631 0
12632 112
12633 124
12634 -1
12635 217
12636 57
12637 -1
12638 86
12639 -1
12640 110
12641 185
12642 0
12643 207
12644 57
12645 -1
12646 -1
12647 -1
12648 195
12649 8
12650 -1
12651 8
12652 218
12653 -1
12654 217
12655 -1
12656 -1
12657 -1
12658 132
12659 -1
12660 218
12661 0
12662 -1
12663 -1
12664 -1
12665 218
12666 116
12667 -1
12668 -1
12669 -1
12670 -1
12671 -1
12672 0
12673 0
12674 0
12675 0
12676 -1
12677 0
12678 194
12679 -1
12680 170
12681 162
12682 8
12683 -1
12684 -1
12685 207
12686 208
12687 133
12688 -1
12689 125
12690 0
12691 -1
12692 -1
12693 -1
12694 65
12695 65
12696 65
12697 0
12698 -1
12699 -1
12700 -1
12701 -1
12702 -1
12703 -1
12704 182
12705 96
12706 96
12707 96
12708 185
12709 -1
12710 0
12711 218
12712 -1
12713 -1
12714 -1
12715 217
12716 217
12717 0
12718 -1
12719 112
12720 -1
12721 8
12722 85
12723 57
12724 -1
12725 100
12726 100
12727 0
12728 0
12729 0
12730 194
12731 95
12732 -1
12733 -1
12734 -1
12735 165
12736 25
12737 -1
12738 -1
12739 -1
12740 -1
12741 80
12742 -1
12743 65
12744 -1
12745 65
12746 -1
12747 113
12748 17
12749 -1
12750 -1
12751 -1
12752 53
12753 -1
12754 -1
12755 -1
12756 90
12757 7
12758 96
12759 163
12760 -1
12761 90
12762 32
12763 0
12764 -1
12765 8
12766 168
12767 65
12768 65
12769 -1
12770 -1
12771 -1
12772 -1
12773 85
12774 36
12775 114
12776 85
12777 133
12778 0
12779 -1
12780 -1
12781 9
12782 -1
12783 0
12784 0
12785 138
12786 138
12787 0
12788 0
12789 0
12790 -1
12791 -1
12792 0
12793 0
12794 0
12795 0
12796 0
12797 0
12798 0
12799 0
12800 0
12801 0
12802 0
12803 0
12804 0
12805 -1
12806 -1
12807 -1
12808 -1
12809 -1
12810 8
12811 200
12812 -1
12813 107
12814 107
12815 8
12816 8
12817 8
12818 -1
12819 -1
12820 122
12821 32
12822 90
12823 -1
12824 -1
12825 -1
12826 83
12827 -1
12828 -1
12829 -1
12830 -1
12831 158
12832 -1
12833 -1
12834 9
12835 9
12836 89
12837 8
12838 166
12839 146
12840 -1
12841 57
12842 -1
12843 0
12844 0
12845 -1
12846 -1
12847 34
12848 8
12849 34
12850 141
12851 57
12852 8
12853 122
12854 0
12855 0
12856 0
12857 -1
12858 -1
12859 -1
12860 -1
12861 69
12862 114
12863 114
12864 8
12865 8
12866 8
12867 -1
12868 13
12869 8
12870 -1
12871 82
12872 82
12873 82
12874 82
12875 84
12876 0
12877 0
12878 8
12879 9
12880 -1
12881 -1
12882 -1
12883 -1
12884 24
12885 24
12886 0
12887 24
12888 -1
12889 0
12890 8
12891 24
12892 90
12893 90
12894 133
12895 8
12896 -1
12897 122
12898 122
12899 -1
12900 36
12901 122
12902 0
12903 114
12904 114
12905 114
12906 82
12907 109
12908 9
12909 24
12910 9
12911 142
12912 96
12913 -1
12914 0
12915 0
12916 57
12917 24
12918 0
12919 0
12920 142
12921 -1
12922 -1
12923 -1
12924 96
12925 -1
12926 60
12927 -1
12928 -1
12929 -1
12930 -1
12931 0
12932 0
12933 0
12934 0
12935 0
12936 158
12937 166
12938 166
12939 121
12940 90
12941 0
12942 158
12943 8
12944 158
12945 158
12946 0
12947 8
12948 158
12949 158
12950 158
12951 -1
12952 -1
12953 158
12954 0
12955 0
12956 0
12957 158
12958 158
12959 -1
12960 158
12961 158
12962 -1
12963 158
12964 158
12965 -1
12966 121
12967 158
12968 -1
12969 -1
12970 -1
12971 -1
12972 121
12973 121
12974 -1
12975 121
12976 121
12977 -1
12978 121
12979 -1
12980 96
12981 100
12982 158
12983 158
12984 121
12985 -1
12986 121
12987 157
12988 121
12989 157
12990 121
12991 121
12992 121
12993 121
12994 121
12995 121
12996 8
12997 8
12998 8
12999 8
13000 0
13001 0
13002 0
13003 0
13004 0
13005 0
13006 218
13007 8
13008 122
13009 -1
13010 121
13011 121
13012 122
13013 205
13014 -1
13015 11
13016 11
13017 -1
13018 11
13019 11
13020 21
13021 158
13022 158
13023 -1
13024 158
13025 158
13026 82
13027 183
13028 -1
13029 175
13030 0
13031 0
13032 118
13033 0
13034 -1
13035 -1
13036 -1
13037 -1
13038 68
13039 114
13040 75
13041 -1
13042 166
13043 67
13044 -1
13045 0
13046 0
13047 -1
13048 -1
13049 122
13050 -1
13051 -1
13052 -1
13053 -1
13054 122
13055 38
13056 32
13057 -1
13058 -1
13059 -1
13060 174
13061 218
13062 -1
13063 -1
13064 74
13065 -1
13066 -1
13067 185
13068 133
13069 -1
13070 83
13071 83
13072 83
13073 83
13074 113
13075 83
13076 -1
13077 8
13078 -1
13079 -1
13080 -1
13081 -1
13082 -1
13083 0
13084 -1
13085 -1
13086 107
13087 115
13088 -1
13089 -1
13090 134
13091 -1
13092 90
13093 17
13094 -1
13095 -1
13096 -1
13097 -1
13098 -1
13099 -1
13100 141
13101 -1
13102 -1
13103 -1
13104 218
13105 44
13106 85
13107 157
13108 -1
13109 205
13110 -1
13111 -1
13112 0
13113 0
13114 0
13115 0
13116 0
13117 0
13118 -1
13119 -1
13120 -1
13121 87
13122 0
13123 -1
13124 0
13125 200
13126 -1
13127 -1
13128 -1
13129 9
13130 8
13131 32
13132 -1
13133 84
13134 -1
13135 214
13136 0
13137 -1
13138 8
13139 -1
13140 35
13141 8
13142 185
13143 -1
13144 -1
13145 -1
13146 -1
13147 -1
13148 0
13149 51
13150 -1
13151 37
13152 170
13153 8
13154 139
13155 -1
13156 -1
13157 -1
13158 170
13159 170
13160 170
13161 211
13162 -1
13163 -1
13164 -1
13165 133
13166 -1
13167 100
13168 100
13169 9
13170 9
13171 100
13172 100
13173 100
13174 138
13175 112
13176 112
13177 122
13178 9
13179 122
13180 87
13181 87
13182 87
13183 122
13184 57
13185 122
13186 122
13187 114
13188 -1
13189 218
13190 8
13191 141
13192 117
13193 143
13194 101
13195 0
13196 0
13197 -1
13198 69
13199 69
13200 -1
13201 -1
13202 -1
13203 66
13204 9
13205 -1
13206 -1
13207 217
13208 84
13209 -1
13210 -1
13211 -1
13212 -1
13213 157
13214 0
13215 0
13216 87
13217 0
13218 138
13219 122
13220 122
13221 24
13222 24
13223 24
13224 133
13225 8
13226 24
13227 24
13228 8
13229 8
13230 0
13231 0
13232 -1
13233 207
13234 8
13235 -1
13236 -1
13237 -1
13238 -1
13239 189
13240 0
13241 159
13242 122
13243 -1
13244 87
13245 0
13246 0
13247 0
13248 87
13249 -1
13250 100
13251 -1
13252 87
13253 0
13254 0
13255 -1
13256 160
13257 57
13258 218
13259 -1
13260 117
13261 0
13262 133
13263 138
13264 45
13265 86
13266 86
13267 -1
13268 127
13269 53
13270 100
13271 -1
13272 200
13273 166
13274 122
13275 -1
13276 -1
13277 -1
13278 -1
13279 -1
13280 36
13281 -1
13282 87
13283 87
13284 87
13285 87
13286 87
13287 0
13288 -1
13289 110
13290 83
13291 83
13292 -1
13293 107
13294 159
13295 25
13296 -1
13297 162
13298 0
13299 218
13300 -1
13301 -1
13302 -1
13303 -1
13304 -1
13305 214
13306 -1
13307 0
13308 132
13309 -1
13310 129
13311 138
13312 159
13313 67
13314 185
13315 -1
13316 8
13317 -1
13318 159
13319 -1
13320 117
13321 117
13322 -1
13323 38
13324 -1
13325 38
13326 -1
13327 32
13328 -1
13329 7
13330 197
13331 197
13332 197
13333 197
13334 -1
13335 -1
13336 -1
13337 0
13338 127
13339 127
13340 127
13341 -1
13342 -1
13343 -1
13344 109
13345 130
13346 25
13347 -1
13348 127
13349 110
13350 131
13351 100
13352 -1
13353 -1
13354 157
13355 205
13356 8
13357 91
13358 0
13359 0
13360 55
13361 163
13362 -1
13363 66
13364 -1
13365 172
13366 -1
13367 -1
13368 218
13369 218
13370 -1
13371 -1
13372 72
13373 107
13374 -1
13375 72
13376 176
13377 100
13378 176
13379 176
13380 176
13381 176
13382 172
13383 159
13384 -1
13385 133
13386 -1
13387 25
13388 -1
13389 132
13390 -1
13391 48
13392 132
13393 132
13394 41
13395 -1
13396 7
13397 -1
13398 115
13399 -1
13400 -1
13401 17
13402 172
13403 -1
13404 172
13405 0
13406 127
13407 -1
13408 -1
13409 218
13410 8
13411 14
13412 -1
13413 8
13414 -1
13415 100
13416 -1
13417 193
13418 100
13419 -1
13420 146
13421 146
13422 -1
13423 -1
13424 -1
13425 32
13426 -1
13427 172
13428 82
13429 -1
13430 57
13431 -1
13432 0
13433 107
13434 -1
13435 133
13436 -1
13437 0
13438 -1
13439 0
13440 0
13441 0
13442 100
13443 -1
13444 25
13445 -1
13446 -1
13447 -1
13448 -1
13449 163
13450 -1
13451 8
13452 172
13453 177
13454 -1
13455 157
13456 157
13457 -1
13458 132
13459 -1
13460 -1
13461 -1
13462 0
13463 107
13464 -1
13465 -1
13466 -1
13467 -1
13468 117
13469 -1
13470 117
13471 172
13472 0
13473 0
13474 172
13475 -1
13476 -1
13477 9
13478 -1
13479 -1
13480 -1
13481 0
13482 -1
13483 84
13484 129
13485 -1
13486 59
13487 -1
13488 172
13489 214
13490 -1
13491 107
13492 107
13493 -1
13494 34
13495 0
13496 -1
13497 8
13498 107
13499 107
13500 0
13501 132
13502 132
13503 -1
13504 172
13505 17
13506 0
13507 132
13508 8
13509 132
13510 132
13511 59
13512 -1
13513 72
13514 -1
13515 -1
13516 -1
13517 -1
13518 -1
13521 -1
13522 189
13523 218
13524 -1
13525 -1
13526 57
13527 -1
13528 132
13529 133
13530 -1
13531 132
13532 132
13535 107
13537 107
13539 68
13541 -1
13542 157
13543 116
13544 -1
13545 45
13546 50
13547 50
13548 96
13552 -1
13553 -1
13555 217
13558 -1
13559 -1
13560 110
13561 107
13562 218
13563 -1
13564 25
13565 -1
13567 -1
13568 138
13570 91
13571 138
13572 96
13573 107
13575 133
13576 -1
13577 -1
13578 -1
13579 -1
13581 -1
13582 -1
13583 -1
13584 -1
13589 107
13590 -1
13591 146
13592 146
13593 157
13596 -1
13597 218
13598 208
13599 -1
13600 -1
13601 217
13602 166
13603 172
13604 -1
13605 25
13607 130
13608 172
13609 183
13610 114
13612 166
13613 133
13614 -1
13615 -1
13616 212
13617 -1
13618 192
13619 25
13620 -1
13623 -1
13624 218
13625 -1
13626 -1
13627 -1
13628 187
13629 133
13630 52
13631 25
13633 72
13634 -1
13635 75
13636 -1
13637 107
13638 -1
13639 79
13640 107
13641 85
13642 -1
13643 -1
13644 -1
13645 72
13646 100
13647 -1
13648 -1
13649 -1
13651 107
13652 151
13653 122
13654 -1
13655 172
13656 -1
13657 172
13658 127
13659 172
13660 172
13661 29
13662 -1
13663 57
13664 130
13665 -1
13666 130
13668 -1
13669 133
13670 -1
13671 -1
13672 218
13674 60
13678 112
13679 -1
13680 140
13682 86
13683 122
13684 113
13685 -1
13686 67
13687 -1
13688 -1
13689 -1
13690 172
13691 -1
13692 17
13693 -1
13694 -1
13695 -1
13696 -1
13697 117
13698 -1
13699 117
13700 117
13701 -1
13702 197
13703 -1
13704 37
13705 -1
13706 -1
13707 -1
13708 130
13709 218
13710 210
13711 -1
13712 57
13713 -1
13714 -1
13715 218
13716 67
13717 -1
13718 -1
13719 133
13720 -1
13721 113
13722 -1
13723 -1
13724 61
13725 61
13726 61
13727 61
13728 61
13729 -1
13730 -1
13732 -1
13733 -1
13734 -1
13735 -1
13736 -1
13737 61
13739 -1
13740 165
13741 172
13742 165
13743 71
13745 157
13746 -1
13747 -1
13748 119
13749 132
13750 -1
13751 -1
13752 133
13753 -1
13754 60
13755 60
13756 -1
13757 -1
13758 207
13759 -1
13760 95
13761 112
13762 -1
13763 -1
13764 114
13765 114
13766 -1
13767 -1
13769 127
13772 -1
13773 218
13774 207
13775 83
13777 172
13778 112
13779 165
13780 74
13781 79
13782 38
13783 59
13784 59
13785 59
13786 -1
13787 -1
13788 218
13789 -1
13790 -1
13791 -1
13792 207
13793 36
13794 -1
13795 133
13796 -1
13797 -1
13798 -1
13799 -1
13801 57
13802 207
13803 207
13804 -1
13805 147
13806 -1
13807 -1
13809 -1
13810 176
13811 100
13812 159
13813 79
13814 59
13815 141
13816 -1
13817 -1
13818 184
13819 -1
13820 -1
13821 -1
13822 217
13823 -1
13824 -1
13825 120
13826 218
13827 -1
13828 -1
13829 -1
13830 -1
13831 157
13832 157
13833 157
13834 185
13835 -1
13836 166
13837 -1
13838 149
13839 -1
13840 -1
13841 218
13842 -1
13843 -1
13844 -1
13845 147
13846 -1
13847 -1
13849 140
13850 -1
13851 -1
13852 37
13853 117
13854 117
13855 -1
13858 -1
13859 -1
13860 130
13861 130
13862 130
13863 218
13864 115
13865 115
13866 115
13867 115
13868 115
13869 115
13870 115
13871 158
13872 158
13873 158
13874 130
13877 197
13878 34
13879 -1
13880 218
13881 84
13882 217
13883 155
13884 -1
13885 170
13886 -1
13887 115
13888 133
13889 -1
13890 -1
13891 57
13892 57
13893 100
13894 -1
13895 66
13896 218
13897 -1
13898 100
13899 -1
13900 -1
13901 -1
13902 -1
13903 -1
13904 -1
13905 91
13906 197
13907 106
13908 -1
13909 83
13910 165
13911 -1
13912 59
13913 -1
13914 -1
13915 -1
13916 -1
13917 -1
13922 218
13923 -1
13924 -1
13925 185
13926 -1
13927 -1
13928 -1
13929 25
13930 133
13931 139
13932 -1
13933 85
13934 146
13935 157
13937 -1
13938 -1
13939 -1
13940 166
13941 -1
13942 -1
13943 27
13944 218
13945 192
13946 38
13947 133
13948 -1
13949 25
13950 141
13951 166
13952 -1
13953 -1
13954 -1
13956 -1
13957 -1
13958 -1
13959 57
13960 -1
13962 217
13963 130
13964 72
13965 168
13966 -1
13967 -1
13968 -1
13969 -1
13970 210
13971 59
13972 -1
13974 -1
13975 -1
13976 -1
13977 -1
13978 185
13980 -1
13981 32
13983 57
13984 -1
13985 170
13987 213
13988 63
13989 -1
13993 -1
13994 -1
13996 -1
13998 -1
13999 -1
14001 -1
14002 197
14005 -1
14006 79
14007 166
14008 -1
14009 -1
14010 -1
14011 -1
14012 -1
14013 158
14014 -1
14016 -1
14017 -1
14018 107
14019 -1
14020 117
14021 -1
14023 -1
14025 -1
14027 -1
14029 211
14030 130
14031 -1
14033 -1
14034 66
14035 57
14036 158
14037 158
14038 210
14039 147
14040 -1
14041 147
14042 147
14048 218
14050 -1
14052 100
14053 -1
14056 -1
14057 -1
14058 166
14059 166
14060 60
14062 60
14063 -1
14064 -1
14065 -1
14066 172
14067 -1
14068 25
14069 -1
14071 83
14072 -1
14073 27
14074 147
14075 -1
14076 -1
14077 -1
14078 -1
14079 84
14080 -1
14082 -1
14083 -1
14085 146
14086 -1
14087 -1
14088 57
14089 25
14090 -1
14091 166
14092 -1
14093 69
14094 69
14095 69
14096 -1
14097 81
14098 69
14099 69
14100 -1
14101 -1
14102 -1
14103 24
14104 -1
14105 122
14106 157
14107 133
14108 -1
14109 -1
14115 168
14116 168
14117 66
14118 -1
14119 74
14120 -1
14121 203
14122 -1
14123 146
14124 122
14125 122
14126 172
14127 146
14128 -1
14129 -1
14130 146
14131 84
14132 218
14133 -1
14134 68
14135 158
14136 158
14137 158
14138 -1
14141 120
14142 37
14143 73
14146 -1
14147 113
14148 74
14149 74
14150 -1
14151 87
14152 87
14153 84
14154 66
14156 113
14157 -1
14158 -1
14159 -1
14160 122
14161 -1
14162 -1
14164 117
14165 139
14166 205
14167 205
14168 205
14170 -1
14171 -1
14172 205
14173 -1
14175 64
14176 -1
14177 -1
14178 64
14179 64
14180 64
14181 64
14182 64
14185 64
14186 205
14187 205
14189 -1
14191 -1
14192 -1
14193 156
14194 -1
14195 185
14196 185
14197 91
14198 -1
14199 79
14200 170
14201 -1
14202 -1
14203 -1
14204 -1
14205 -1
14206 52
14207 -1
14208 -1
14209 -1
14210 25
14211 114
14212 -1
14213 -1
14214 159
14215 -1
14216 -1
14217 -1
14218 72
14219 192
14220 -1
14222 192
14223 166
14224 166
14225 166
14226 166
14227 166
14228 100
14229 100
14230 -1
14231 -1
14232 -1
14233 -1
14234 -1
14235 -1
14236 17
14237 17
14238 17
14239 17
14240 17
14241 17
14242 17
14243 17
14244 -1
14245 -1
14246 158
14247 158
14248 217
14249 218
14250 -1
14251 157
14252 157
14253 157
14254 117
14255 117
14256 117
14257 -1
14258 -1
14259 -1
14260 218
14261 -1
14262 79
14263 -1
14264 -1
14265 146
14268 -1
14269 -1
14270 157
14271 -1
14275 197
14276 -1
14277 157
14278 157
14281 217
14282 186
14283 186
14284 83
14287 -1
14288 192
14289 -1
14290 -1
14291 -1
14292 218
14293 31
14294 91
14295 132
14296 -1
14298 -1
14301 -1
14302 90
14303 125
14304 17
14305 205
14306 117
14307 117
14308 86
14310 -1
14311 119
14312 -1
14313 -1
14314 57
14315 -1
14316 90
14317 90
14318 -1
14319 207
14320 159
14321 84
14323 166
14326 -1
14327 100
14328 59
14329 218
14330 61
14331 38
14334 -1
14335 -1
14336 -1
14337 -1
14343 184
14346 158
14347 158
14348 -1
14349 -1
14350 -1
14351 -1
14352 100
14353 17
14354 158
14355 167
14356 -1
14360 95
14361 218
14362 -1
14363 -1
14365 -1
14367 36
14368 -1
14369 -1
14370 -1
14374 158
14375 158
14376 188
14377 -1
14378 167
14379 59
14381 -1
14382 -1
14383 115
14384 -1
14385 -1
14386 21
14387 122
14388 218
14389 -1
14390 -1
14391 59
14392 -1
14393 197
14394 -1
14395 212
14396 -1
14397 -1
14398 -1
14399 -1
14400 -1
14402 17
14403 17
14404 218
14405 17
14406 17
14407 218
14408 165
14409 -1
14410 -1
14411 -1
14412 167
14413 -1
14414 -1
14415 141
14416 85
14417 141
14418 -1
14419 -1
14421 45
14422 84
14423 -1
14424 -1
14425 65
14426 65
14427 -1
14428 146
14431 158
14433 59
14435 117
14437 -1
14439 117
14440 117
14442 165
14443 26
14444 -1
14445 37
14446 -1
14447 74
14448 -1
14449 -1
14450 130
14451 -1
14452 -1
14453 -1
14454 -1
14455 -1
14456 -1
14457 -1
14458 -1
14459 -1
14460 -1
14461 -1
14462 -1
14463 -1
14465 -1
14466 130
14467 130
14468 166
14469 79
14470 -1
14472 -1
14473 -1
14474 187
14475 218
14476 -1
14477 -1
14481 166
14483 -1
14484 -1
14485 -1
14486 158
14487 84
14488 -1
14489 -1
14490 189
14491 166
14492 166
14493 166
14494 -1
14495 -1
14496 -1
14497 -1
14498 57
14499 17
14500 -1
14502 -1
14503 -1
14504 -1
14505 45
14506 207
14507 -1
14508 146
14511 58
14512 57
14513 -1
14515 -1
14516 177
14517 72
14518 207
14519 172
14520 -1
14521 17
14522 218
14525 -1
14527 167
14528 -1
14529 207
14530 207
14533 -1
14534 38
14537 90
14538 90
14540 -1
14543 -1
14545 -1
14546 191
14547 199
14549 117
14550 -1
14551 130
14553 -1
14554 -1
14555 217
14556 -1
14559 -1
14560 -1
14564 -1
14565 -1
14567 -1
14568 -1
14569 -1
14570 -1
14571 168
14572 158
14573 158
14574 158
14575 158
14576 158
14578 158
14579 -1
14580 -1
14581 158
14582 -1
14583 158
14586 217
14587 146
14588 146
14589 207
14590 -1
14592 -1
14596 -1
14598 -1
14599 159
14600 -1
14603 -1
14605 207
14606 -1
14607 -1
14611 -1
14614 -1
14615 -1
14617 -1
14618 110
14619 -1
14620 166
14621 -1
14622 -1
14623 -1
14624 172
14625 114
14627 -1
14629 -1
14632 -1
14634 75
14635 218
14638 100
14639 218
14640 -1
14641 -1
14642 -1
14643 207
14644 -1
14645 83
14646 143
14647 95
14648 131
14649 -1
14650 -1
14651 17
14652 17
14653 -1
14654 185
14655 -1
14656 -1
14657 218
14659 112
14661 218
14662 117
14663 -1
14664 17
14665 -1
14666 141
14667 83
14668 196
14670 -1
14671 -1
14672 -1
14675 172
14676 144
14678 172
14685 119
14688 -1
14689 -1
14691 -1
14692 -1
14693 144
14694 144
14695 144
14696 144
14697 144
14698 25
14701 -1
14702 83
14703 -1
14706 -1
14708 157
14709 157
14710 157
14711 -1
14712 144
14713 -1
14714 -1
14715 107
14717 -1
14718 -1
14719 66
14720 -1
14721 -1
14722 -1
14723 85
14724 162
14725 -1
14726 -1
14727 -1
14728 146
14729 -1
14730 17
14731 209
14732 -1
14733 209
14734 131
14735 85
14736 -1
14737 -1
14740 100
14741 -1
14742 218
14743 -1
14744 -1
14745 158
14746 -1
14747 57
14748 25
14749 -1
14752 -1
14754 -1
14756 57
14757 -1
14758 -1
14759 -1
14760 -1
14761 -1
14763 122
14764 31
14765 17
14766 84
14767 117
14768 -1
14769 -1
14770 172
14771 -1
14772 122
14773 141
14774 31
14775 37
14777 -1
14779 -1
14780 166
14782 197
14783 134
14785 -1
14786 -1
14788 -1
14789 -1
14790 -1
14791 -1
14795 -1
14796 -1
14797 172
14798 -1
14799 17
14800 76
14801 146
14802 172
14803 -1
14804 -1
14805 159
14807 -1
14808 -1
14809 -1
14810 -1
14811 -1
14812 208
14813 -1
14814 189
14815 -1
14816 -1
14817 -1
14818 -1
14819 -1
14820 -1
14821 -1
14822 172
14823 -1
14824 17
14827 100
14828 -1
14830 -1
14831 218
14832 -1
14834 -1
14836 -1
14837 85
14838 141
14839 59
14840 155
14841 -1
14842 -1
14843 -1
14844 -1
14845 -1
14846 50
14847 -1
14848 -1
14849 50
14850 -1
14851 -1
14852 -1
14853 43
14854 36
14857 -1
14858 84
14859 -1
14860 117
14861 144
14863 217
14864 159
14865 -1
14866 -1
14867 -1
14868 -1
14869 -1
14871 84
14872 -1
14874 -1
14875 -1
14876 -1
14877 -1
14878 -1
14879 -1
14880 162
14881 -1
14882 204
14883 -1
14885 217
14886 72
14887 59
14888 -1
14889 144
14890 33
14891 -1
14892 -1
14893 57
14894 113
14895 -1
14896 -1
14897 38
14898 -1
14899 -1
14900 173
14901 144
14902 17
14903 17
14904 -1
14905 25
14906 -1
14907 -1
14908 -1
14909 -1
14910 218
14911 -1
14912 113
14913 -1
14914 196
14915 -1
14916 164
14917 -1
14918 -1
14919 -1
14920 -1
14921 -1
14922 -1
14923 137
14924 -1
14925 -1
14926 -1
14927 67
14928 217
14929 -1
14930 100
14931 -1
14932 -1
14933 17
14934 -1
14935 -1
14936 137
14937 52
14938 17
14939 17
14941 -1
14942 17
14943 -1
14946 -1
14947 133
14948 53
14949 59
14950 -1
14951 110
14957 -1
14958 -1
14959 -1
14960 119
14961 -1
14962 218
14963 -1
14965 -1
14966 131
14967 -1
14968 -1
14969 70
14970 172
14971 194
14972 -1
14973 65
14974 65
14975 -1
14976 204
14977 204
14978 204
14979 204
14980 204
14981 204
14982 204
14983 204
14984 204
14985 204
14986 -1
14987 -1
14988 -1
14989 -1
14990 173
14991 173
14992 173
14993 173
14994 173
14995 173
14996 173
14997 173
14998 -1
14999 173
15000 173
15001 -1
15002 -1
15003 -1
15004 48
15005 -1
15006 -1
15007 -1
15008 -1
15009 -1
15010 -1
15011 137
15012 137
15014 -1
15015 137
15016 -1
15017 -1
15018 36
15019 -1
15020 -1
15021 -1
15022 -1
15023 57
15024 17
15025 54
15026 37
15027 -1
15028 218
15029 172
15030 -1
15031 -1
15032 17
15033 -1
15034 84
15035 -1
15036 57
15037 37
15038 133
15039 -1
15040 -1
15041 -1
15042 166
15043 133
15044 217
15045 197
15046 57
15047 57
15048 -1
15049 -1
15051 -1
15052 -1
15053 172
15054 165
15055 172
15056 -1
15057 -1
15058 25
15059 25
15062 172
15063 114
15064 -1
15065 -1
15066 -1
15067 218
15068 156
15069 172
15070 -1
15071 -1
15072 -1
15073 -1
15074 -1
15075 -1
15076 -1
15077 100
15078 100
15081 21
15082 21
15083 -1
15084 52
15085 -1
15086 156
15087 -1
15088 -1
15089 59
15090 156
15091 -1
15092 -1
15093 -1
15094 -1
15095 -1
15096 -1
15097 218
15098 -1
15099 -1
15102 -1
15103 -1
15104 218
15105 67
15106 -1
15107 -1
15108 189
15110 -1
15111 -1
15112 25
15113 -1
15114 91
15117 141
15118 141
15119 46
15120 137
15121 208
15122 208
15123 -1
15124 -1
15125 41
15126 172
15127 112
15128 72
15129 72
15130 72
15133 -1
15134 131
15135 72
15136 -1
15138 -1
15139 -1
15140 125
15141 164
15142 -1
15145 -1
15146 -1
15147 172
15148 17
15149 172
15150 32
15151 36
15152 170
15157 -1
15160 165
15161 -1
15162 -1
15164 -1
15165 -1
15167 -1
15168 147
15169 -1
15170 -1
15171 -1
15172 -1
15173 -1
15174 -1
15175 -1
15176 -1
15177 -1
15178 -1
15179 -1
15180 -1
15181 -1
15182 -1
15184 -1
15185 -1
15186 -1
15187 -1
15188 -1
15189 -1
15190 158
15191 -1
15192 46
15193 158
15194 158
15195 158
15197 158
15198 -1
15199 46
15200 158
15201 158
15203 108
15204 46
15205 46
15207 46
15208 46
15211 46
15212 146
15213 -1
15214 101
15215 -1
15216 -1
15217 -1
15218 -1
15219 52
15220 -1
15221 -1
15222 57
15223 57
15224 -1
15226 -1
15227 59
15228 57
15229 -1
15230 158
15231 -1
15232 158
15233 -1
15234 158
15235 -1
15236 218
15237 131
15238 22
15239 -1
15240 -1
15241 -1
15242 52
15243 -1
15244 137
15245 -1
15246 17
15247 113
15248 137
15249 108
15250 46
15251 -1
15252 133
15253 -1
15254 -1
15255 -1
15257 192
15258 -1
15259 -1
15260 158
15261 115
15262 -1
15263 -1
15264 -1
15265 17
15266 -1
15267 -1
15268 -1
15269 -1
15270 39
15271 -1
15273 -1
15274 -1
15275 -1
15277 137
15279 -1
15280 -1
15281 52
15282 -1
15283 -1
15285 -1
15287 196
15288 196
15289 -1
15290 -1
15291 66
15292 -1
15293 -1
15294 -1
15298 -1
15299 53
15301 -1
15302 -1
15303 -1
15304 -1
15305 52
15307 -1
15308 -1
15309 -1
15310 127
15311 -1
15312 -1
15313 -1
15314 218
15315 -1
15316 -1
15319 -1
15320 -1
15321 -1
15322 -1
15323 204
15324 204
15325 204
15326 -1
15327 -1
15328 204
15331 -1
15332 -1
15333 25
15334 -1
15335 46
15336 -1
15337 -1
15338 137
15339 -1
15340 52
15342 52
15343 52
15344 -1
15345 137
15347 -1
15351 -1
15352 -1
15353 41
15354 25
15355 52
15356 65
15357 131
15359 146
15360 143
15361 -1
15362 -1
15363 57
15364 183
15365 -1
15366 100
15367 -1
15368 57
15369 57
15370 -1
15371 -1
15372 -1
15373 -1
15374 -1
15375 -1
15376 -1
15377 -1
15379 52
15380 100
15382 -1
15383 46
15384 -1
15385 -1
15386 -1
15387 -1
15389 52
15390 -1
15391 -1
15392 -1
15393 217
15394 -1
15395 -1
15396 -1
15397 -1
15398 -1
15399 -1
15400 -1
15401 -1
15402 -1
15403 -1
15404 52
15405 -1
15406 76
15407 -1
15408 -1
15411 -1
15412 207
15413 57
15414 100
15415 85
15416 -1
15417 172
15418 -1
15419 83
15422 133
15426 57
15427 218
15428 -1
15429 -1
15430 208
15431 -1
15432 -1
15434 -1
15435 -1
15436 -1
15437 -1
15438 -1
15439 -1
15440 137
15442 137
15443 137
15444 137
15446 -1
15447 -1
15448 57
15449 189
15450 218
15451 -1
15452 -1
15454 43
15455 -1
15456 -1
15457 75
15458 -1
15459 53
15460 207
15461 25
15462 110
15463 207
15464 208
15465 40
15466 26
15467 -1
15468 165
15469 207
15471 59
15472 59
15473 160
15474 -1
15475 -1
15478 -1
15479 57
15480 120
15481 -1
15482 -1
15483 89
15484 185
15485 133
15486 -1
15487 192
15488 -1
15489 -1
15490 185
15491 172
15492 -1
15493 -1
15494 -1
15495 -1
15496 -1
15497 -1
15498 -1
15499 -1
15500 -1
15501 84
15503 61
15504 185
15506 213
15507 159
15508 37
15510 129
15511 183
15512 41
15513 131
15514 -1
15515 59
15516 141
15517 91
15518 17
15519 100
15520 -1
15521 59
15523 -1
15524 -1
15525 84
15526 -1
15527 57
15528 34
15529 83
15530 -1
15531 -1
15532 -1
15533 -1
15534 143
15535 192
15536 133
15537 -1
15538 183
15539 207
15540 84
15541 21
15542 -1
15543 -1
15544 20
15545 -1
15546 217
15547 91
15548 156
15549 -1
15550 -1
15551 -1
15552 -1
15553 25
15554 -1
15557 127
15558 130
15559 131
15561 17
15562 -1
15563 113
15564 110
15565 -1
15566 -1
15567 187
15568 84
15569 -1
15570 -1
15571 -1
15572 141
15573 120
15574 -1
15575 176
15576 -1
15577 -1
15578 205
15580 -1
15581 84
15583 57
15584 -1
15585 52
15586 -1
15587 52
15588 -1
15589 -1
15591 162
15592 155
15593 57
15594 17
15595 110
15596 84
15597 155
15598 -1
15599 -1
15600 -1
15601 -1
15602 52
15603 -1
15604 -1
15605 -1
15606 66
15607 -1
15608 -1
15609 -1
15610 140
15611 25
15612 59
15613 -1
15614 52
15615 -1
15616 91
15617 164
15618 84
15619 -1
15620 -1
15621 85
15622 -1
15624 -1
15625 -1
15626 45
15627 59
15628 59
15629 -1
15630 194
15631 17
15632 57
15633 -1
15634 -1
15635 -1
15637 -1
15638 -1
15639 -1
15640 -1
15641 58
15642 -1
15643 -1
15644 195
15645 195
15648 -1
15649 140
15650 157
15651 100
15652 85
15653 85
15654 85
15655 -1
15656 218
15657 217
15658 158
15659 -1
15660 -1
15661 -1
15662 137
15663 137
15664 137
15665 137
15666 137
15667 137
15668 -1
15669 137
15670 137
15671 137
15672 137
15673 137
15674 114
15675 172
15676 172
15677 -1
15678 -1
15679 -1
15680 133
15681 -1
15683 -1
15684 17
15685 176
15686 47
15687 47
15688 47
15689 47
15690 47
15691 47
15692 47
15693 -1
15694 57
15696 -1
15697 -1
15698 -1
15699 59
15701 57
15702 146
15703 40
15704 -1
15705 137
15706 -1
15707 -1
15720 59
15721 131
15722 41
15723 -1
15724 89
15725 -1
15727 89
15728 -1
15729 89
15730 89
15731 89
15732 100
15734 -1
15735 -1
15737 -1
15738 -1
15739 -1
15740 100
15741 -1
15742 205
15744 137
15745 205
15746 -1
15747 -1
15749 -1
15751 157
15752 195
15753 -1
15754 -1
15756 -1
15758 59
15759 25
15760 -1
15761 -1
15762 -1
15763 -1
15764 17
15765 -1
15766 36
15767 -1
15768 185
15769 133
15770 205
15771 172
15772 188
15773 185
15774 183
15775 108
15776 -1
15777 -1
15778 137
15779 37
15780 59
15781 164
15783 86
15784 113
15785 -1
15786 -1
15787 -1
15788 112
15789 129
15790 -1
15791 25
15792 101
15793 -1
15794 57
15795 159
15796 133
15797 57
15798 186
15800 -1
15801 186
15802 57
15803 59
15804 172
15805 172
15806 84
15807 -1
15808 -1
15809 129
15810 -1
15811 157
15812 170
15813 170
15814 162
15815 108
15816 -1
15818 -1
15819 -1
15820 108
15821 -1
15822 83
15823 172
15824 108
15825 108
15826 108
15827 108
15828 108
15829 108
15830 129
15831 34
15832 -1
15833 141
15834 -1
15835 -1
15836 202
15837 -1
15838 170
15840 -1
15841 -1
15842 -1
15843 52
15844 -1
15845 -1
15846 133
15847 -1
15848 -1
15849 -1
15850 83
15851 -1
15852 -1
15853 75
15855 -1
15856 -1
15857 -1
15858 -1
15859 -1
15860 89
15863 89
15866 155
15867 -1
15872 -1
15873 -1
15875 172
15876 172
15877 133
15878 -1
15879 112
15880 -1
15881 -1
15882 205
15883 -1
15884 -1
15885 59
15888 85
15889 -1
15891 89
15892 46
15893 46
15894 -1
15895 -1
15896 137
15901 89
15902 -1
15903 89
15904 89
15905 89
15906 -1
15907 -1
15908 -1
15909 -1
15910 89
15911 52
15913 52
15914 52
15915 -1
15916 -1
15917 162
15918 -1
15919 85
15920 85
15921 85
15922 157
15923 -1
15924 -1
15925 17
15926 129
15928 129
15930 207
15931 -1
15932 -1
15933 -1
15934 -1
15935 76
15936 -1
15937 172
15939 172
15940 -1
15941 214
15942 -1
15943 -1
15944 -1
15945 -1
15946 -1
15947 -1
15948 25
15949 76
15950 -1
15952 89
15953 131
15954 113
15955 100
15956 -1
15957 155
15958 -1
15959 172
15960 -1
15961 120
15962 143
15963 66
15964 85
15965 39
15966 163
15967 112
15968 90
15971 -1
15972 113
15973 -1
15974 80
15975 177
15976 113
15977 -1
15978 -1
15979 158
15980 156
15981 32
15982 168
15984 -1
15988 84
15989 129
15990 -1
15991 112
15992 -1
15993 -1
15994 -1
15995 -1
15997 -1
16000 218
16001 -1
16002 129
16003 172
16004 127
16005 172
16006 122
16007 172
16008 172
16009 172
16010 172
16011 172
16012 172
16013 127
16014 -1
16015 172
16016 172
16017 172
16018 172
16019 -1
16020 83
16021 138
16025 17
16026 -1
16027 131
16028 172
16029 159
16030 183
16031 85
16032 116
16033 159
16034 159
16035 207
16036 -1
16037 -1
16038 39
16039 -1
16040 -1
16041 -1
16042 17
16043 57
16044 -1
16045 138
16046 159
16047 -1
16048 57
16049 31
16050 -1
16051 67
16052 -1
16053 -1
16054 91
16055 57
16056 -1
16057 76
16058 83
16059 208
16060 84
16061 -1
16062 -1
16063 156
16064 -1
16065 -1
16066 -1
16067 -1
16068 -1
16070 -1
16071 -1
16072 -1
16073 138
16074 130
16075 -1
16076 180
16077 131
16078 19
16079 22
16080 22
16082 22
16083 22
16084 19
16085 19
16086 19
16087 108
16088 108
16089 -1
16090 19
16091 22
16092 22
16093 22
16094 22
16096 22
16097 22
16100 -1
16101 22
16102 22
16103 22
16104 22
16106 19
16107 19
16108 19
16109 19
16110 19
16111 19
16112 19
16113 19
16114 19
16115 22
16116 22
16117 22
16118 22
16119 22
16120 22
16121 22
16122 108
16123 108
16124 108
16125 108
16126 108
16127 108
16128 108
16129 108
16130 108
16133 108
16134 108
16135 108
16138 22
16139 22
16140 22
16143 -1
16144 -1
16145 -1
16146 -1
16147 131
16148 61
16150 17
16151 -1
16152 -1
16155 91
16156 138
16157 100
16158 209
16159 10
16162 143
16163 129
16164 -1
16165 -1
16168 209
16170 54
16171 -1
16172 114
16173 122
16174 197
16175 -1
16176 218
16177 -1
16178 207
16179 -1
16180 172
16181 208
16182 -1
16183 65
16184 -1
16190 -1
16191 172
16193 -1
16194 17
16197 133
16202 209
16203 158
16204 189
16205 6
16206 15
16207 -1
16208 -1
16209 -1
16210 -1
16211 -1
16212 52
16213 -1
16214 -1
16215 -1
16216 -1
16217 52
16218 -1
16219 52
16220 -1
16221 52
16222 52
16224 -1
16225 130
16226 193
16227 218
16228 91
16229 -1
16230 -1
16231 -1
16232 172
16233 -1
16234 -1
16235 120
16236 100
16237 -1
16238 83
16239 -1
16240 -1
16241 218
16242 -1
16243 57
16244 -1
16245 -1
16246 15
16247 207
16248 15
16249 39
16251 16
16252 -1
16253 -1
16254 -1
16255 16
16256 133
16257 -1
16258 207
16259 141
16260 37
16261 -1
16262 -1
16263 210
16264 57
16265 -1
16266 17
16267 218
16268 -1
16269 -1
16270 -1
16271 205
16272 205
16273 143
16274 114
16275 -1
16276 -1
16277 107
16278 -1
16279 -1
16280 -1
16281 122
16282 39
16283 -1
16284 133
16285 109
16286 -1
16287 133
16288 -1
16289 128
16290 -1
16291 112
16292 112
16293 112
16294 133
16295 208
16296 208
16297 205
16298 101
16299 -1
16300 214
16301 -1
16302 129
16303 112
16304 112
16305 112
16306 112
16307 112
16310 -1
16311 -1
16312 112
16313 126
16314 126
16315 -1
16316 -1
16317 112
16318 112
16319 15
16320 112
16321 -1
16322 141
16323 -1
16324 -1
16325 133
16326 207
16327 -1
16328 112
16329 -1
16330 -1
16331 -1
16332 -1
16333 162
16334 158
16335 54
16338 -1
16339 196
16340 163
16341 -1
16342 163
16343 -1
16344 17
16345 25
16346 -1
16347 -1
16348 176
16349 157
16350 133
16351 -1
16352 97
16353 -1
16354 -1
16355 197
16356 -1
16357 146
16358 129
16359 205
16360 84
16361 -1
16362 57
16363 -1
16364 -1
16365 -1
16366 133
16367 -1
16368 -1
16369 21
16370 141
16371 -1
16373 -1
16374 -1
16375 -1
16376 -1
16377 129
16378 -1
16379 113
16380 -1
16381 214
16382 212
16383 151
16384 -1
16385 -1
16386 214
16389 -1
16390 -1
16391 -1
16392 -1
16393 -1
16394 146
16395 63
16396 217
16397 -1
16398 -1
16399 -1
16400 63
16401 -1
16402 -1
16403 -1
16405 151
16407 168
16408 -1
16409 217
16410 146
16411 207
16412 81
16413 146
16414 -1
16415 -1
16416 147
16417 -1
16418 -1
16419 -1
16420 -1
16421 79
16422 -1
16423 -1
16424 -1
16425 -1
16426 -1
16427 119
16428 129
16429 -1
16430 -1
16431 217
16432 207
16433 -1
16434 -1
16435 170
16436 214
16437 -1
16438 207
16439 214
16440 -1
16441 -1
16442 -1
16443 -1
16444 -1
16445 214
16446 214
16447 -1
16448 151
16449 143
16450 -1
16451 -1
16452 158
16453 170
16454 124
16455 59
16456 81
16457 -1
16458 133
16459 133
16460 116
16461 -1
16462 -1
16463 116
16464 170
16465 170
16466 170
16467 -1
16468 15
16469 -1
16470 -1
16471 -1
16472 81
16473 -1
16474 158
16475 217
16476 -1
16477 81
16478 -1
16479 -1
16480 158
16481 -1
16482 -1
16483 205
16484 205
16485 -1
16486 129
16487 146
16488 147
16489 81
16490 15
16491 -1
16492 -1
16493 -1
16494 -1
16495 -1
16496 -1
16497 217
16498 130
16499 -1
16500 -1
16501 59
16502 -1
16503 170
16504 217
16505 164
16506 -1
16507 217
16508 170
16509 -1
16510 -1
16511 -1
16512 -1
16513 129
16514 205
16515 -1
16516 133
16517 57
16518 185
16519 -1
16520 138
16521 195
16522 16
16523 59
16524 170
16525 -1
16526 -1
16527 16
16528 17
16529 -1
16530 116
16531 -1
16532 -1
16533 -1
16534 133
16535 -1
16536 16
16537 -1
16538 211
16539 -1
16540 26
16541 170
16542 25
16543 170
16545 98
16546 25
16547 172
16548 170
16549 -1
16551 25
16552 128
16554 -1
16555 98
16557 -1
16558 57
16559 133
16560 -1
16561 83
16562 6
16563 6
16564 6
16565 6
16566 6
16567 6
16568 6
16569 6
16570 6
16571 6
16572 6
16573 6
16574 6
16575 6
16576 6
16577 6
16578 6
16579 6
16580 6
16581 170
16582 16
16583 98
16584 25
16585 172
16586 170
16587 -1
16588 16
16589 16
16590 128
16591 16
16592 -1
16593 98
16594 16
16595 -1
16596 57
16597 133
16598 -1
16599 83
16600 -1
16601 217
16602 214
16603 -1
16604 168
16605 -1
16606 147
16607 -1
16608 113
16609 -1
16610 -1
16611 146
16612 -1
16613 -1
16614 133
16615 -1
16616 57
16617 -1
16618 -1
16619 75
16620 -1
16621 45
16622 207
16623 90
16624 168
16625 146
16626 25
16627 -1
16628 -1
16629 157
16630 -1
16631 -1
16632 151
16633 -1
16634 -1
16635 -1
16636 -1
16637 115
16638 -1
16639 130
16640 -1
16641 -1
16642 -1
16644 -1
16645 -1
16646 146
16647 168
16648 -1
16649 42
16650 58
16651 170
16652 146
16653 -1
16654 -1
16655 -1
16656 -1
16657 -1
16658 -1
16659 214
16660 181
16661 -1
16662 53
16663 -1
16664 53
16665 -1
16666 195
16667 195
16668 133
16669 133
16670 138
16671 100
16672 -1
16673 41
16674 209
16676 -1
16677 -1
16678 164
16679 17
16680 83
16682 189
16684 133
16685 138
16686 100
16687 133
16688 138
16689 100
16690 -1
16691 41
16692 209
16693 -1
16694 41
16695 -1
16696 164
16697 -1
16698 -1
16699 164
16700 -1
16701 -1
16702 164
16703 17
16705 164
16706 17
16708 -1
16709 189
16710 -1
16711 131
16712 174
16713 189
16714 -1
16715 131
16716 -1
16717 -1
16718 41
16719 -1
16720 164
16721 112
16722 125
16723 129
16724 -1
16725 172
16726 130
16727 57
16728 -1
16729 -1
16730 -1
16731 -1
16732 170
16733 217
16734 -1
16735 125
16736 150
16737 57
16738 -1
16739 146
16740 -1
16741 170
16742 217
16743 -1
16744 125
16745 150
16746 57
16747 -1
16748 -1
16749 146
16750 -1
16751 170
16752 -1
16753 -1
16754 125
16755 150
16756 78
16757 57
16758 -1
16759 143
16760 16
16761 143
16762 143
16763 214
16764 154
16765 -1
16766 214
16767 154
16768 -1
16769 -1
16770 -1
16771 113
16772 166
16773 -1
16774 -1
16775 166
16776 6
16777 16
16778 89
16779 89
16780 -1
16781 168
16782 -1
16783 57
16784 141
16785 168
16786 -1
16787 -1
16788 130
16789 -1
16790 -1
16791 170
16792 130
16793 15
16794 15
16795 15
16796 15
16797 -1
16798 -1
16799 81
16800 -1
16801 37
16802 -1
16803 210
16804 84
16805 57
16806 33
16807 214
16808 214
16809 214
16810 141
16811 61
16812 45
16813 134
16814 18
16815 37
16816 217
16817 -1
16818 210
16819 -1
16820 -1
16821 -1
16822 -1
16823 -1
16824 -1
16825 125
16826 36
16827 -1
16828 -1
16829 17
16830 17
16831 158
16832 -1
16833 -1
16834 -1
16835 150
16836 -1
16837 53
16838 17
16839 -1
16840 -1
16841 214
16842 -1
16843 -1
16844 179
16845 179
16846 179
16847 54
16848 54
16849 54
16850 54
16851 54
16852 54
16853 54
16854 54
16855 54
16856 54
16857 54
16858 54
16859 54
16860 54
16861 54
16862 54
16863 54
16864 54
16865 54
16866 54
16867 54
16868 54
16869 54
16870 54
16871 54
16872 54
16873 54
16874 54
16875 54
16876 54
16877 54
16878 54
16879 54
16880 54
16881 54
16882 54
16883 54
16884 54
16885 54
16886 54
16887 54
16888 54
16889 54
16890 54
16891 54
16892 54
16893 54
16894 54
16895 54
16896 54
16897 54
16898 54
16899 54
16900 54
16901 54
16902 54
16903 54
16904 54
16905 54
16906 54
16907 54
16908 54
16909 54
16910 54
16911 54
16912 54
16913 54
16914 164
16915 17
16916 62
16917 81
16918 -1
16919 -1
16920 -1
16921 -1
16922 -1
16923 -1
16924 -1
16925 17
16926 133
16927 -1
16928 118
16929 107
16930 118
16931 118
16932 -1
16933 118
16934 118
16935 118
16936 118
16937 118
16938 118
16939 118
16940 118
16941 118
16942 118
16943 118
16944 -1
16945 118
16946 118
16947 118
16949 118
16951 118
16952 118
16953 118
16954 118
16955 118
16956 118
16957 118
16958 118
16959 118
16960 118
16961 118
16962 118
16963 118
16964 118
16965 -1
16966 118
16967 118
16968 118
16969 118
16970 118
16971 118
16972 118
16973 118
16974 118
16975 118
16976 118
16977 118
16978 -1
16979 118
16980 6
16981 118
16982 118
16983 118
16984 118
16985 118
16986 118
16987 118
16988 118
16989 118
16990 118
16991 118
16992 118
16993 177
16994 16
16995 -1
16996 -1
16997 -1
16998 -1
16999 125
17000 27
17001 -1
17002 57
17003 16
17004 203
17005 16
17006 207
17007 25
17008 -1
17009 -1
17010 -1
17011 -1
17012 22
17013 16
17014 130
17015 31
17016 197
17017 62
17018 25
17019 -1
17020 -1
17021 -1
17022 217
17023 60
17024 217
17025 185
17026 -1
17027 -1
17028 -1
17029 -1
17030 36
17031 -1
17032 -1
17033 -1
17034 -1
17035 59
17036 -1
17037 133
17038 129
17039 -1
17040 -1
17041 -1
17042 214
17043 207
17044 -1
17045 -1
17046 212
17047 94
17048 17
17049 -1
17050 216
17051 214
17052 217
17053 -1
17054 60
17055 -1
17056 214
17057 -1
17058 16
17059 -1
17060 -1
17061 138
17062 -1
17063 162
17064 -1
17065 -1
17066 -1
17067 -1
17068 111
17069 111
17070 214
17071 151
17072 -1
17073 -1
17074 133
17075 -1
17076 57
17077 212
17078 -1
17079 25
17080 194
17081 110
17082 22
17083 -1
17084 85
17085 40
17086 -1
17087 -1
17088 -1
17089 -1
17090 -1
17091 146
17092 -1
17093 59
17094 -1
17095 183
17096 -1
17097 -1
17098 154
17099 154
17100 -1
17101 75
17102 -1
17103 -1
17104 -1
17106 40
17107 -1
17108 -1
17109 214
17110 217
17111 217
17112 -1
17113 75
17114 -1
17115 156
17116 -1
17117 124
17118 32
17119 37
17120 -1
17121 32
17122 130
17123 -1
17124 218
17125 -1
17126 84
17127 -1
17128 -1
17129 59
17132 -1
17133 -1
17134 37
17135 -1
17136 -1
17137 -1
17138 -1
17139 123
17140 -1
17141 -1
17142 171
17143 -1
17144 78
17145 123
17146 -1
17147 43
17148 -1
17149 123
17150 -1
17151 123
17152 123
17153 -1
17154 -1
17155 -1
17156 135
17157 207
17158 -1
17159 185
17160 -1
17161 -1
17162 123
17163 123
17164 -1
17165 207
17166 59
17167 -1
17168 -1
17169 -1
17170 -1
17171 -1
17172 -1
17173 -1
17174 -1
17175 123
17176 -1
17177 -1
17178 -1
17179 123
17180 123
17181 -1
17182 -1
17183 59
17184 59
17185 123
17186 125
17187 -1
17188 -1
17189 59
17190 146
17191 202
17192 -1
17193 -1
17194 -1
17195 119
17196 182
17197 -1
17198 216
17199 215
17200 -1
17201 -1
17202 28
17203 28
17204 28
17205 28
17206 28
17207 28
17208 28
17209 28
17210 28
17211 28
17212 28
17213 28
17214 28
17215 28
17216 28
17217 28
17218 28
17219 28
17220 28
17221 28
17222 28
17223 28
17224 28
17225 28
17226 -1
17227 39
17228 27
17229 -1
17230 101
17231 216
17232 216
17233 78
17234 133
17235 59
17236 -1
17237 207
17238 -1
17239 -1
17240 -1
17241 116
17242 217
17243 59
17244 78
17245 206
17246 16
17247 -1
17248 -1
17249 -1
17250 15
17251 59
17252 16
17253 -1
17254 183
17255 209
17256 159
17257 159
17258 199
17259 199
17260 -1
17261 159
17262 -1
17263 -1
17264 -1
17265 -1
17266 79
17267 -1
17268 -1
17269 -1
17270 110
17271 172
17272 133
17273 -1
17274 92
17275 92
17276 -1
17277 133
17278 -1
17279 187
17280 40
17281 59
17282 -1
17283 216
17284 146
17286 -1
17287 -1
17288 16
17289 171
17290 -1
17291 -1
17292 -1
17293 -1
17294 -1
17295 -1
17296 92
17297 92
17298 -1
17299 119
17300 32
17301 -1
17302 125
17303 -1
17304 192
17305 100
17306 130
17307 -1
17308 84
17309 -1
17310 57
17311 -1
17312 -1
17313 63
17314 -1
17315 -1
17316 -1
17317 -1
17318 5
17319 -1
17320 -1
17321 59
17322 -1
17323 200
17324 83
17325 -1
17326 -1
17327 172
17328 43
17329 17
17330 -1
17331 -1
17332 25
17333 -1
17334 158
17335 -1
17336 -1
17337 -1
17338 172
17339 168
17340 -1
17341 203
17342 -1
17343 83
17344 5
17345 -1
17346 183
17347 -1
17348 174
17349 57
17350 22
17351 36
17352 -1
17353 -1
17354 -1
17355 -1
17356 -1
17357 177
17358 17
17359 138
17360 17
17361 92
17362 162
17363 -1
17364 146
17365 -1
17366 -1
17367 -1
17368 216
17369 -1
17370 158
17371 5
17372 -1
17373 153
17374 -1
17375 162
17376 -1
17377 -1
17378 5
17379 5
17380 170
17381 -1
17382 168
17383 129
17384 5
17385 5
17386 5
17387 5
17388 5
17389 5
17390 5
17391 5
17392 5
17393 5
17394 5
17395 5
17396 5
17397 5
17398 5
17399 5
17400 5
17401 5
17402 5
17403 5
17404 5
17405 5
17406 5
17407 5
17408 5
17409 5
17410 5
17411 5
17412 5
17413 5
17414 5
17415 5
17416 5
17417 5
17418 5
17419 5
17420 5
17421 5
17422 5
17423 5
17424 5
17425 5
17426 5
17427 5
17428 5
17429 5
17430 5
17431 5
17432 5
17433 5
17434 5
17435 5
17436 -1
17437 -1
17438 -1
17439 -1
17440 171
17441 216
17442 -1
17443 -1
17444 -1
17445 146
17446 5
17447 5
17448 5
17449 5
17450 5
17451 5
17452 -1
17453 -1
17454 -1
17455 138
17456 31
17457 162
17458 -1
17459 43
17460 -1
17461 -1
17462 -1
17463 83
17464 113
17465 -1
17466 -1
17467 -1
17468 216
17469 216
17470 -1
17471 63
17472 -1
17473 -1
17474 216
17475 78
17476 -1
17477 -1
17478 58
17479 77
17480 146
17481 58
17482 58
17483 58
17484 -1
17485 58
17486 58
17487 58
17488 58
17489 216
17490 216
17491 -1
17492 -1
17493 -1
17494 -1
17495 217
17496 -1
17497 -1
17499 -1
17500 151
17501 158
17502 158
17503 77
17504 77
17505 -1
17506 205
17507 -1
17508 -1
17509 -1
17510 -1
17511 -1
17512 -1
17513 -1
17514 -1
17515 -1
17516 215
17517 -1
17518 171
17519 -1
17520 146
17521 -1
17522 92
17523 214
17524 206
17526 214
17527 59
17528 207
17529 -1
17530 79
17531 -1
17532 -1
17534 -1
17535 -1
17538 -1
17539 -1
17542 -1
17543 -1
17544 -1
17545 -1
17546 59
17547 -1
17548 -1
17549 -1
17550 -1
17551 -1
17552 59
17554 194
17556 -1
17557 39
17558 39
17559 -1
17560 -1
17561 216
17562 -1
17563 -1
17564 -1
17565 75
17566 -1
17567 -1
17568 -1
17569 -1
17570 77
17571 -1
17572 -1
17576 -1
17577 -1
17578 17
17579 -1
17580 -1
17581 126
17582 -1
17583 37
17584 160
17585 91
17586 -1
17587 63
17589 15
17591 216
17593 171
17594 146
17595 -1
17596 -1
17597 78
17599 212
17601 215
17602 16
17603 -1
17604 -1
17605 -1
17606 207
17607 -1
17608 207
17609 207
17610 -1
17611 -1
17612 -1
17613 170
17614 25
17615 214
17617 92
17618 168
17619 133
17620 -1
17621 16
17623 -1
17624 -1
17625 216
17628 168
17629 -1
17631 -1
17632 48
17633 -1
17634 75
17635 -1
17636 124
17637 124
17638 -1
17639 83
17640 -1
17641 -1
17642 -1
17643 -1
17645 100
17646 -1
17647 -1
17648 -1
17649 -1
17650 16
17651 -1
17652 16
17653 120
17655 -1
17656 193
17657 -1
17659 16
17660 25
17661 140
17662 128
17663 214
17664 113
17665 138
17666 131
17667 57
17668 -1
17669 -1
17673 -1
17674 -1
17675 17
17676 179
17677 -1
17678 -1
17679 -1
17680 -1
17681 -1
17682 -1
17683 -1
17684 -1
17685 -1
17686 -1
17687 -1
17688 61
17689 -1
17690 119
17691 119
17692 -1
17693 25
17694 57
17695 -1
17696 59
17697 16
17698 -1
17699 -1
17700 116
17701 192
17702 -1
17703 128
17704 -1
17705 -1
17706 61
17707 16
17708 -1
17709 189
17710 -1
17711 -1
17712 -1
17713 -1
17714 215
17715 168
17716 134
17717 205
17718 -1
17721 -1
17722 134
17723 -1
17724 92
17725 58
17726 58
17727 -1
17728 125
17729 -1
17730 50
17732 203
17733 101
17734 -1
17735 -1
17736 -1
17737 -1
17738 158
17740 195
17741 94
17742 172
17743 214
17744 216
17745 -1
17746 36
17747 133
17748 -1
17749 143
17750 -1
17751 158
17752 -1
17753 -1
17755 -1
17757 16
17758 16
17759 189
17760 22
17761 16
17762 22
17763 22
17764 -1
17765 -1
17766 -1
17767 5
17768 5
17769 -1
17770 5
17772 200
17773 200
17774 -1
17775 -1
17777 -1
17778 -1
17779 70
17780 83
17781 -1
17782 138
17789 163
17790 -1
17791 -1
17792 -1
17793 157
17794 146
17795 170
17796 163
17797 -1
17799 200
17800 200
17801 200
17802 200
17803 -1
17804 200
17805 200
17806 200
17807 -1
17810 -1
17811 -1
17813 39
17814 -1
17815 170
17816 -1
17820 81
17821 207
17822 -1
17823 81
17824 -1
17825 -1
17826 -1
17827 183
17829 -1
17830 -1
17831 215
17832 -1
17833 -1
17834 -1
17835 -1
17836 185
17837 200
17838 -1
17839 -1
17840 215
17841 -1
17842 -1
17844 138
17845 -1
17846 -1
17847 -1
17848 57
17849 -1
17852 -1
17853 -1
17854 -1
17855 -1
17856 17
17857 -1
17858 84
17859 100
17860 -1
17861 -1
17862 -1
17863 57
17864 -1
17865 -1
17866 -1
17867 -1
17868 -1
17869 -1
17870 -1
17871 -1
17872 -1
17873 74
17874 -1
17875 92
17876 92
17877 92
17878 92
17879 -1
17881 157
17882 116
17884 15
17886 146
17887 157
17888 -1
17889 -1
17890 15
17892 -1
17893 157
17894 -1
17895 -1
17896 216
17897 32
17898 83
17899 146
17900 -1
17901 -1
17902 125
17903 215
17904 -1
17905 -1
17906 125
17907 -1
17908 -1
17909 146
17910 -1
17911 53
17912 124
17913 -1
17914 22
17915 -1
17916 134
17917 -1
17918 -1
17919 17
17920 -1
17921 209
17922 124
17923 146
17924 216
17925 -1
17926 -1
17927 59
17928 -1
17929 -1
17930 216
17932 93
17933 53
17934 53
17935 117
17936 133
17937 93
17938 93
17939 93
17940 93
17941 93
17942 93
17943 93
17944 93
17945 93
17948 200
17949 200
17950 11
17951 11
17952 125
17954 207
17955 217
17956 200
17957 189
17959 24
17960 11
17961 200
17962 -1
17963 -1
17964 216
17965 200
17966 28
17967 28
17968 -1
17970 16
17971 -1
17972 -1
17973 -1
17974 -1
17975 16
17977 -1
17978 16
17979 75
17980 128
17981 128
17982 16
17983 -1
17984 -1
17985 83
17986 -1
17987 -1
17988 16
17989 -1
17990 164
17991 169
17992 94
17994 -1
17995 -1
17997 112
17998 -1
17999 216
18001 146
18002 -1
18003 60
18004 -1
18005 -1
18006 202
18007 75
18008 164
18009 58
18010 202
18011 202
18012 202
18013 202
18014 202
18015 -1
18016 -1
18017 179
18018 -1
18019 202
18020 202
18021 202
18022 202
18023 202
18024 202
18025 -1
18026 -1
18027 -1
18028 -1
18029 202
18030 43
18031 43
18032 -1
18033 216
18034 60
18035 -1
18036 146
18037 -1
18038 -1
18039 -1
18040 -1
18041 -1
18042 26
18043 57
18044 58
18045 -1
18046 124
18047 166
18048 17
18049 -1
18050 59
18051 -1
18052 5
18053 36
18054 172
18055 25
18056 25
18058 2
18059 2
18060 91
18061 91
18062 -1
18063 -1
18064 16
18065 16
18066 -1
18067 -1
18068 83
18069 83
18070 -1
18071 114
18072 216
18073 -1
18074 186
18075 195
18076 195
18077 122
18078 22
18079 79
18080 -1
18081 -1
18082 -1
18084 -1
18085 -1
18087 -1
18089 92
18090 92
18093 37
18094 43
18095 37
18096 92
18097 92
18098 92
18099 92
18100 92
18101 92
18102 92
18103 92
18104 92
18105 25
18106 17
18107 77
18108 158
18109 57
18110 57
18111 -1
18112 16
18113 158
18114 -1
18115 133
18116 -1
18118 -1
18119 216
18120 216
18121 5
18122 -1
18123 -1
18124 206
18125 57
18126 84
18127 84
18128 84
18129 -1
18130 83
18131 200
18132 92
18133 -1
18134 200
18135 200
18136 200
18137 200
18138 200
18139 200
18140 200
18141 -1
18142 -1
18143 216
18144 16
18145 16
18146 91
18147 91
18148 127
18149 -1
18150 157
18151 -1
18152 216
18153 -1
18154 63
18155 -1
18156 -1
18157 -1
18158 -1
18159 -1
18160 -1
18161 -1
18162 -1
18163 168
18164 -1
18165 168
18166 83
18167 17
18168 -1
18169 -1
18170 -1
18171 215
18172 -1
18173 -1
18174 206
18175 -1
18176 -1
18177 59
18178 15
18179 59
18180 -1
18184 101
18186 216
18187 168
18188 146
18189 -1
18190 -1
18191 209
18192 -1
18193 27
18194 179
18195 -1
18196 -1
18197 -1
18198 16
18199 133
18200 163
18201 -1
18202 94
18203 162
18204 162
18205 216
18206 33
18207 172
18208 140
18209 -1
18210 92
18211 92
18212 15
18213 133
18214 215
18217 -1
18219 138
18220 138
18221 138
18222 89
18224 189
18225 -1
18226 -1
18227 -1
18228 -1
18229 154
18230 -1
18231 -1
18232 -1
18233 -1
18234 154
18235 -1
18236 -1
18237 -1
18238 -1
18239 59
18240 128
18243 128
18244 15
18245 59
18246 189
18247 59
18248 -1
18249 17
18250 112
18251 -1
18252 -1
18253 -1
18254 -1
18255 216
18256 -1
18257 -1
18258 78
18259 168
18260 146
18261 63
18262 -1
18263 216
18264 -1
18265 -1
18266 125
18267 59
18268 -1
18269 -1
18270 -1
18271 125
18272 -1
18273 125
18274 168
18275 -1
18277 -1
18278 -1
18281 -1
18282 -1
18283 -1
18284 15
18285 -1
18286 -1
18287 185
18288 -1
18289 202
18290 202
18291 76
18292 -1
18293 -1
18294 -1
18295 215
18297 -1
18298 -1
18299 150
18300 -1
18302 -1
18303 146
18306 15
18307 15
18309 -1
18310 16
18311 16
18312 -1
18313 15
18314 -1
18315 105
18316 -1
18317 -1
18319 151
18321 16
18323 -1
18324 -1
18325 -1
18326 -1
18328 157
18329 -1
18330 151
18331 -1
18332 146
18333 -1
18334 -1
18335 146
18337 146
18338 -1
18339 146
18340 -1
18346 -1
18348 100
18349 146
18350 100
18352 -1
18358 78
18359 -1
18360 -1
18361 -1
18362 185
18368 -1
18369 -1
18370 -1
18371 146
18372 -1
18373 78
18374 -1
18375 -1
18376 -1
18377 138
18378 -1
18379 146
18380 -1
18381 -1
18382 -1
18383 -1
18384 -1
18385 -1
18386 16
18387 16
18388 16
18389 16
18390 16
18391 16
18392 16
18393 16
18394 16
18395 16
18396 16
18397 16
18398 16
18399 16
18400 16
18401 16
18402 16
18403 16
18404 16
18405 16
18406 16
18407 16
18408 16
18409 16
18410 16
18411 16
18412 54
18413 16
18414 -1
18415 16
18416 185
18417 -1
18418 83
18419 83
18420 141
18421 16
18422 -1
18423 197
18424 57
18425 206
18426 206
18427 172
18428 113
18429 22
18430 -1
18431 -1
18432 -1
18433 -1
18434 -1
18436 59
18437 165
18438 130
18439 118
18440 214
18442 184
18443 214
18444 206
18445 -1
18446 -1
18447 216
18448 146
18449 206
18450 -1
18451 146
18452 146
18453 -1
18454 -1
18456 206
18457 92
18458 92
18459 92
18461 216
18462 -1
18464 -1
18465 16
18467 214
18468 -1
18469 189
18470 113
18471 -1
18472 174
18473 133
18474 216
18475 215
18476 -1
18477 -1
18479 133
18480 -1
18481 -1
18483 -1
18484 -1
18485 -1
18486 -1
18487 16
18488 -1
18489 -1
18490 215
18491 93
18492 -1
18493 -1
18495 216
18496 -1
18497 -1
18498 -1
18499 -1
18500 -1
18502 -1
18503 -1
18504 -1
18505 -1
18521 -1
18522 215
18523 100
18524 -1
18525 -1
18526 -1
18527 146
18528 43
18529 171
18530 -1
18531 168
18532 -1
18533 -1
18534 -1
18535 -1
18536 151
18537 -1
18540 92
18541 92
18542 -1
18543 59
18544 -1
18546 25
18548 17
18550 -1
18551 123
18553 -1
18554 -1
18556 179
18559 -1
18561 197
18565 172
18568 -1
18591 -1
18592 -1
18593 197
18594 46
18595 -1
18596 57
18597 172
18598 -1
18599 83
18600 -1
18601 -1
18602 -1
18603 206
18604 -1
18605 -1
18606 -1
18607 22
18608 -1
18609 185
18610 54
18611 -1
18612 113
18615 -1
18617 -1
18618 206
18619 -1
18620 113
18621 83
18622 -1
18623 146
18624 171
18625 216
18627 216
18629 -1
18630 151
18631 215
18633 -1
18634 -1
18636 216
18637 125
18638 125
18639 -1
18640 -1
18641 53
18642 171
18643 -1
18644 -1
18645 -1
18646 -1
18647 168
18648 151
18649 -1
18650 -1
18651 57
18652 -1
18653 57
18654 146
18655 146
18656 157
18657 157
18658 171
18659 -1
18660 63
18661 -1
18662 146
18663 -1
18664 112
18665 -1
18666 129
18667 -1
18668 17
18669 -1
18670 25
18671 -1
18672 -1
18673 208
18674 58
18675 40
18676 92
18678 183
18679 45
18680 61
18681 113
18682 -1
18683 17
18684 83
18685 25
18686 25
18687 168
18688 -1
18689 -1
18690 172
18691 -1
18692 -1
18693 -1
18694 59
18695 75
18696 -1
18697 83
18698 75
18699 -1
18700 -1
18701 -1
18702 146
18703 -1
18704 157
18705 -1
18706 -1
18707 -1
18708 -1
18709 -1
18710 146
18711 -1
18712 -1
18713 151
18714 -1
18715 146
18716 -1
18718 146
18719 215
18720 17
18721 -1
18722 -1
18723 -1
18724 152
18725 22
18726 -1
18727 -1
18728 185
18729 -1
18730 -1
18731 -1
18732 60
18733 215
18734 -1
18736 146
18737 158
18740 -1
18741 -1
18742 146
18743 -1
18744 216
18745 146
18749 146
18750 -1
18751 -1
18752 -1
18753 -1
18754 151
18755 -1
18756 53
18757 -1
18764 -1
18765 216
18766 -1
18767 -1
18768 216
18769 -1
18770 151
18771 151
18772 -1
18773 168
18774 168
18775 -1
18776 195
18777 -1
18778 -1
18779 -1
18780 -1
18781 215
18782 -1
18783 -1
18784 158
18785 158
18786 158
18787 171
18788 -1
18789 -1
18790 -1
18791 -1
18792 -1
18794 195
18796 77
18797 77
18798 77
18799 78
18802 77
18803 -1
18804 -1
18818 216
18819 -1
18820 113
18821 -1
18822 77
18823 77
18824 -1
18825 -1
18826 -1
18827 77
18828 146
18829 -1
18830 -1
18831 168
18832 110
18833 -1
18834 168
18865 168
18866 168
18921 85
18922 85
18924 206
18925 216
18927 -1
18929 -1
18930 187
18933 -1
18935 -1
18936 215
18937 212
18938 -1
18939 -1
18940 -1
18941 -1
18942 -1
18943 -1
18944 189
18945 -1
18946 138
18947 83
18952 183
18953 100
18954 -1
18955 146
18956 -1
18957 17
18958 -1
18959 63
18960 -1
18961 -1
18962 77
18963 171
18964 171
18965 146
18966 -1
18967 171
18968 146
18971 -1
18972 -1
18973 -1
18975 -1
18977 172
18978 58
18980 107
18983 146
18990 162
18991 157
18992 -1
18993 197
18994 146
18995 197
18996 -1
18997 -1
18998 -1
18999 83
19000 146
19001 75
19002 -1
19003 -1
19004 75
19005 -1
19006 146
19007 -1
19008 -1
19009 146
19010 146
19011 83
19012 83
19013 -1
19014 -1
19015 83
19016 -1
19017 63
19018 83
19019 -1
19020 146
19021 157
19022 157
19023 -1
19024 146
19025 75
19026 146
19027 162
19028 -1
19029 146
19030 146
19031 -1
19032 146
19033 83
19034 -1
19035 146
19036 157
19037 -1
19038 -1
19039 -1
19040 -1
19041 146
19042 -1
19043 83
19044 75
19045 -1
19046 146
19047 146
19048 -1
19049 -1
19050 57
19051 -1
19052 101
19053 146
19054 124
19055 101
19056 83
19058 -1
19061 101
19063 -1
19065 -1
19066 130
19067 -1
19068 -1
19070 57
19071 57
19072 57
19073 57
19074 75
19075 75
19076 -1
19077 77
19078 177
19080 -1
19081 -1
19082 178
19083 -1
19084 178
19085 181
19086 168
19090 17
19093 17
19094 17
19097 133
19098 206
19099 171
19100 -1
19101 -1
19102 135
19104 -1
19105 135
19106 135
19107 135
19108 135
19109 135
19110 -1
19111 135
19112 135
19113 135
19114 135
19115 135
19116 135
19117 135
19118 135
19119 135
19120 -1
19121 135
19122 -1
19123 135
19124 -1
19127 135
19129 135
19132 135
19133 135
19134 -1
19137 -1
19141 135
19142 135
19143 -1
19144 209
19145 138
19146 -1
19147 216
19148 214
19149 58
19150 151
19151 151
19152 -1
19153 152
19154 -1
19155 -1
19156 152
19157 -1
19158 146
19159 192
19160 -1
19161 172
19162 172
19163 172
19164 -1
19165 135
19166 135
19167 135
19168 135
19169 135
19170 135
19171 135
19172 -1
19173 135
19174 135
19175 135
19176 135
19177 135
19178 135
19179 135
19180 135
19181 -1
19182 135
19183 135
19184 -1
19185 135
19186 135
19187 135
19188 135
19190 135
19191 135
19192 135
19197 135
19200 -1
19204 135
19206 135
19208 135
19210 41
19211 41
19212 -1
19214 135
19215 138
19216 57
19217 112
19219 -1
19222 78
19223 78
19224 138
19225 138
19226 138
19227 203
19228 157
19229 17
19230 -1
19231 -1
19232 -1
19233 151
19234 85
19235 -1
19236 22
19237 22
19238 58
19239 172
19241 -1
19242 200
19245 -1
19246 195
19247 195
19248 -1
19249 -1
19251 216
19254 181
19255 -1
19256 -1
19257 216
19258 -1
19259 -1
19260 138
19261 216
19262 208
19263 -1
19265 -1
19266 -1
19267 216
19268 -1
19270 206
19271 -1
19272 -1
19273 -1
19274 -1
19275 -1
19285 -1
19286 -1
19287 -1
19288 -1
19289 113
19291 171
19292 32
19293 146
