identifier,cluster
1 122
2 122
3 122
4 122
5 -1
6 -1
7 -1
8 10
9 117
10 -1
11 120
12 -1
13 115
14 115
15 115
16 32
17 133
18 50
19 133
20 133
21 133
22 133
23 0
25 58
26 58
28 58
29 0
31 -1
34 118
35 118
36 118
37 118
38 83
39 72
40 72
41 72
42 0
43 72
44 0
45 72
46 -1
47 62
48 133
49 98
50 -1
51 -1
52 10
53 0
54 -1
55 163
56 -1
58 -1
59 151
60 62
61 27
62 27
63 25
64 133
65 133
66 70
67 -1
68 105
69 0
70 -1
71 -1
72 95
73 -1
74 25
75 -1
76 165
77 144
78 133
79 -1
80 154
81 154
82 154
83 118
84 118
85 -1
86 102
87 166
88 150
89 -1
90 15
91 15
92 118
93 -1
94 -1
95 -1
96 -1
97 153
98 153
99 10
100 0
101 52
102 52
103 -1
104 166
105 144
106 163
107 134
108 -1
109 53
110 33
111 52
112 -1
113 157
114 166
115 -1
116 129
117 143
118 -1
119 -1
120 115
121 -1
122 56
123 -1
124 156
125 122
126 122
127 -1
129 52
130 95
131 95
132 95
133 120
134 154
135 -1
136 -1
137 53
138 -1
139 27
140 27
141 -1
142 -1
143 -1
144 31
145 0
146 0
148 139
149 139
150 95
151 97
152 -1
153 161
154 161
155 161
156 70
157 -1
159 -1
160 24
161 24
162 52
163 156
164 0
165 156
166 -1
167 -1
168 -1
169 -1
170 -1
171 -1
172 32
173 32
174 115
175 115
176 163
177 -1
178 -1
179 127
180 97
181 97
182 -1
183 -1
184 33
185 -1
186 -1
187 25
188 153
189 24
190 24
191 63
192 -1
193 101
194 100
195 -1
196 52
197 -1
198 157
199 52
200 52
201 15
202 -1
203 125
204 -1
205 -1
206 0
207 -1
208 55
209 154
210 154
211 -1
212 -1
213 38
214 32
215 83
216 139
217 139
218 -1
219 114
220 114
221 114
222 114
223 -1
224 -1
225 -1
226 -1
228 -1
229 -1
230 15
231 15
232 15
233 15
234 15
235 33
236 33
237 -1
238 -1
239 -1
240 -1
241 166
242 -1
243 -1
244 -1
245 82
246 126
247 126
248 117
249 -1
250 -1
251 126
252 -1
253 -1
254 141
255 -1
256 136
257 -1
258 -1
259 140
260 95
261 -1
262 95
263 -1
264 91
265 -1
266 -1
267 155
268 140
269 133
270 89
271 162
272 15
273 94
274 52
275 -1
276 154
277 139
278 139
279 52
280 -1
281 -1
282 161
283 161
284 154
285 114
286 83
287 139
288 77
289 70
290 27
291 55
292 165
293 -1
294 55
295 -1
296 25
297 154
298 -1
299 33
300 -1
301 33
302 115
303 138
304 139
305 118
306 139
307 -1
308 -1
309 59
310 26
311 -1
312 136
313 153
314 144
315 62
316 95
317 -1
318 118
319 -1
320 163
321 139
322 -1
323 52
324 -1
325 -1
326 -1
327 145
330 154
331 -1
332 155
333 55
334 55
335 -1
336 -1
337 -1
338 24
339 -1
340 110
341 -1
342 -1
345 0
346 0
348 154
349 154
350 154
352 -1
353 -1
354 -1
355 -1
356 -1
357 -1
358 128
359 52
360 163
361 139
362 -1
363 162
364 -1
365 105
366 144
367 126
368 -1
369 -1
370 -1
371 -1
372 -1
373 -1
374 154
375 162
376 -1
377 -1
378 127
379 128
380 68
381 68
382 118
384 165
385 165
386 -1
387 153
388 -1
389 57
390 109
391 -1
392 -1
393 -1
394 133
395 -1
396 -1
397 120
398 163
399 24
400 24
401 138
402 24
403 -1
404 136
405 131
406 -1
407 -1
408 24
409 83
410 -1
411 -1
412 -1
413 144
414 -1
415 122
416 -1
417 -1
418 66
419 -1
420 -1
421 138
422 123
423 -1
424 -1
425 -1
426 -1
427 143
428 83
429 52
430 158
431 68
432 144
433 -1
434 51
435 27
438 154
439 154
440 66
441 66
442 0
444 86
446 136
447 65
448 137
449 118
450 154
451 -1
452 -1
453 -1
454 77
455 134
456 32
457 52
458 18
459 18
460 -1
461 18
462 126
463 83
464 153
465 18
466 18
467 139
468 18
469 18
470 18
471 131
472 120
473 149
474 82
475 82
476 -1
477 -1
478 40
479 40
480 -1
481 -1
482 114
483 18
484 -1
485 -1
486 126
487 -1
488 148
489 149
490 -1
491 149
492 -1
493 -1
494 82
495 138
496 18
497 18
498 -1
499 148
500 -1
501 82
502 83
503 -1
504 149
506 33
507 33
508 67
509 67
510 -1
511 -1
512 -1
513 -1
514 136
515 136
516 65
520 -1
522 -1
523 -1
524 145
525 145
526 -1
527 26
528 114
529 74
532 74
533 -1
534 -1
538 77
539 24
542 32
546 52
547 -1
549 133
550 133
551 0
557 -1
558 115
560 0
561 149
562 -1
563 -1
564 144
566 102
567 -1
568 -1
569 97
570 95
572 95
574 53
577 56
578 83
579 18
580 86
581 18
582 18
583 18
584 18
585 18
586 18
587 18
588 -1
589 -1
590 52
591 52
592 -1
593 -1
594 89
595 -1
596 -1
597 -1
598 -1
599 149
600 -1
601 -1
602 31
603 25
604 -1
605 -1
606 148
607 148
608 148
609 149
610 118
612 118
613 149
614 159
615 -1
616 159
617 148
618 148
619 148
620 -1
621 63
622 -1
623 -1
624 -1
625 126
626 -1
627 -1
628 155
629 155
630 89
631 55
632 -1
634 -1
637 -1
638 52
639 143
640 143
642 -1
643 52
644 117
645 117
646 117
649 117
650 -1
651 -1
652 -1
655 133
656 133
657 133
658 117
660 118
661 83
662 115
663 -1
664 -1
665 -1
666 -1
667 144
668 -1
669 136
670 133
671 25
672 30
673 145
674 27
675 144
676 83
677 95
678 -1
679 68
680 68
681 -1
682 -1
683 133
684 -1
685 133
686 133
687 133
688 133
689 133
690 52
691 52
692 59
693 52
694 -1
695 -1
696 15
697 118
698 -1
699 95
700 25
701 95
702 95
703 -1
704 95
705 -1
706 -1
707 66
708 -1
709 102
710 120
711 83
712 -1
713 33
714 10
715 136
716 95
717 95
718 140
719 166
720 -1
721 -1
722 -1
723 -1
724 -1
728 -1
731 -1
732 83
733 52
734 138
735 124
736 -1
737 -1
738 138
739 -1
740 137
741 -1
742 -1
743 95
744 95
745 95
746 -1
747 -1
748 -1
749 -1
750 -1
751 -1
752 67
753 -1
754 -1
756 31
760 -1
762 -1
763 -1
764 127
765 127
766 127
767 -1
768 115
769 -1
770 118
771 95
772 95
773 95
774 95
776 -1
777 94
778 155
779 83
780 59
781 38
782 94
783 -1
784 55
785 24
786 67
787 -1
788 67
789 -1
790 127
791 48
792 -1
793 -1
794 -1
795 -1
796 -1
797 -1
800 62
801 144
802 144
803 15
804 166
805 166
806 -1
807 -1
809 -1
811 -1
812 130
813 -1
814 120
815 -1
816 -1
817 77
818 77
819 -1
820 -1
821 166
822 163
823 -1
824 52
825 105
826 156
827 -1
828 149
829 -1
830 82
831 118
832 133
833 -1
834 143
835 166
836 -1
837 89
838 62
839 153
840 -1
841 31
842 -1
843 -1
844 95
845 95
846 -1
847 140
848 135
849 56
850 94
851 -1
852 118
853 118
854 144
855 144
856 -1
857 83
858 -1
859 52
860 -1
861 -1
862 160
863 160
864 160
865 114
866 95
870 -1
871 118
872 91
874 67
875 10
876 10
877 67
879 67
880 0
881 0
882 0
884 154
885 154
887 67
891 -1
892 0
893 0
894 0
897 154
898 0
899 -1
900 -1
901 77
902 35
905 52
908 -1
909 -1
910 -1
911 -1
912 -1
913 -1
914 0
916 55
917 89
918 89
919 0
923 115
924 0
926 115
927 15
928 -1
929 101
930 101
931 101
933 -1
935 0
936 0
937 138
938 0
939 155
940 155
941 0
942 0
943 115
944 55
945 59
946 -1
947 0
950 0
951 0
952 126
953 126
955 -1
956 0
957 0
958 0
961 133
963 0
965 31
966 150
967 122
969 122
970 122
971 122
972 122
974 24
975 -1
976 0
978 0
979 118
980 160
981 0
983 122
986 0
987 -1
989 -1
990 154
991 -1
992 0
993 31
994 25
995 -1
996 83
997 -1
998 31
999 -1
1000 -1
1001 -1
1002 67
1003 51
1004 -1
1005 -1
1006 131
1007 52
1008 -1
1009 0
1010 57
1011 117
1012 -1
1013 -1
1014 -1
1015 -1
1016 -1
1017 52
1018 143
1019 166
1020 0
1021 0
1022 0
1023 122
1024 122
1025 57
1026 -1
1027 131
1028 -1
1029 -1
1030 27
1031 -1
1032 -1
1033 -1
1034 153
1035 -1
1036 -1
1037 53
1038 -1
1039 24
1040 62
1041 62
1042 67
1043 -1
1044 67
1045 -1
1046 127
1047 97
1048 -1
1049 52
1050 165
1051 -1
1052 133
1053 133
1054 -1
1055 83
1056 83
1057 83
1058 153
1059 -1
1060 151
1061 -1
1062 -1
1063 151
1064 151
1067 15
1068 -1
1069 131
1070 -1
1071 115
1072 115
1073 115
1074 115
1075 -1
1076 115
1077 115
1078 115
1079 115
1080 115
1081 115
1083 0
1084 -1
1085 120
1086 -1
1087 -1
1088 -1
1089 31
1090 -1
1091 24
1092 -1
1093 -1
1094 -1
1095 31
1096 87
1097 86
1098 86
1099 87
1100 87
1101 0
1102 159
1103 -1
1104 0
1105 -1
1106 -1
1107 -1
1108 -1
1109 85
1110 -1
1111 -1
1112 15
1113 -1
1114 -1
1115 25
1116 35
1117 127
1118 127
1119 82
1120 -1
1121 -1
1122 -1
1123 62
1124 166
1125 -1
1126 0
1127 52
1128 52
1130 165
1131 133
1132 69
1133 127
1134 101
1135 0
1136 0
1137 0
1138 -1
1139 -1
1140 140
1141 140
1142 140
1143 -1
1144 146
1145 -1
1146 -1
1147 115
1148 -1
1149 0
1150 115
1151 0
1152 133
1153 133
1154 -1
1155 32
1156 126
1157 126
1158 126
1159 55
1160 0
1161 101
1162 -1
1163 -1
1164 117
1165 0
1166 -1
1167 83
1168 0
1169 58
1170 0
1171 33
1172 138
1173 138
1174 -1
1175 0
1176 91
1177 91
1178 -1
1179 87
1180 157
1181 133
1182 133
1183 133
1184 29
1185 -1
1186 87
1187 154
1188 -1
1189 100
1190 144
1191 29
1192 29
1193 94
1194 -1
1195 26
1196 120
1197 87
1198 66
1199 111
1200 45
1201 66
1202 66
1203 66
1204 87
1205 31
1206 -1
1207 0
1208 -1
1209 0
1210 0
1211 -1
1212 -1
1213 87
1214 87
1215 0
1216 31
1217 -1
1218 15
1219 32
1220 -1
1221 87
1222 87
1223 87
1224 87
1225 -1
1226 87
1227 128
1228 0
1229 115
1230 -1
1231 -1
1232 159
1233 87
1234 -1
1235 32
1236 32
1237 31
1238 0
1239 31
1240 -1
1241 -1
1242 -1
1243 159
1244 -1
1245 -1
1246 0
1247 0
1248 -1
1249 132
1250 -1
1251 -1
1252 157
1253 -1
1254 -1
1255 -1
1256 -1
1257 -1
1258 95
1259 95
1260 95
1261 95
1262 95
1263 95
1264 95
1265 -1
1266 -1
1267 -1
1268 -1
1269 -1
1270 94
1271 -1
1272 -1
1273 -1
1274 -1
1275 -1
1276 -1
1277 87
1278 0
1279 87
1280 -1
1281 -1
1282 -1
1283 0
1284 0
1285 -1
1286 39
1287 -1
1288 -1
1289 -1
1290 87
1291 -1
1292 -1
1293 0
1294 -1
1295 -1
1296 87
1297 87
1298 87
1299 87
1301 27
1302 128
1303 0
1304 -1
1305 150
1306 15
1307 89
1308 -1
1309 95
1310 100
1311 -1
1312 -1
1313 144
1314 138
1315 83
1316 83
1317 83
1318 -1
1319 66
1320 -1
1321 68
1322 159
1323 53
1324 -1
1325 118
1326 135
1327 136
1328 66
1329 -1
1330 87
1331 -1
1332 -1
1333 133
1334 133
1335 133
1336 118
1337 120
1338 53
1339 -1
1340 -1
1341 -1
1342 -1
1343 -1
1344 -1
1345 0
1346 -1
1347 -1
1348 15
1349 -1
1350 133
1351 133
1352 101
1353 166
1354 52
1355 -1
1356 83
1357 133
1358 52
1359 52
1360 83
1361 68
1362 63
1363 87
1364 87
1365 87
1366 115
1367 115
1368 115
1369 -1
1370 -1
1371 -1
1372 -1
1373 83
1374 -1
1375 -1
1376 -1
1377 -1
1378 -1
1379 52
1380 0
1381 75
1382 75
1383 75
1384 100
1385 52
1386 52
1387 -1
1388 87
1389 -1
1390 165
1391 141
1392 -1
1393 0
1394 0
1395 95
1396 95
1397 32
1398 0
1399 -1
1400 133
1401 133
1402 -1
1403 131
1404 31
1405 148
1406 53
1407 -1
1408 -1
1409 149
1410 29
1411 29
1412 -1
1413 0
1414 -1
1415 -1
1416 70
1417 -1
1418 87
1419 87
1420 -1
1421 78
1422 -1
1423 83
1424 0
1425 0
1426 83
1427 -1
1428 -1
1429 15
1430 15
1431 42
1432 42
1433 42
1435 42
1436 -1
1437 -1
1438 -1
1440 -1
1441 100
1442 -1
1443 -1
1444 55
1445 -1
1446 0
1447 118
1448 118
1449 -1
1450 133
1451 0
1452 -1
1453 133
1454 52
1455 133
1456 55
1457 92
1458 -1
1459 -1
1460 0
1461 157
1462 -1
1463 55
1464 -1
1465 -1
1466 32
1467 61
1468 144
1469 -1
1470 -1
1471 0
1472 89
1473 -1
1474 83
1475 -1
1476 82
1477 -1
1478 -1
1479 -1
1480 -1
1481 -1
1482 29
1483 166
1484 133
1485 133
1486 -1
1487 138
1488 -1
1489 166
1490 -1
1491 159
1492 57
1493 57
1494 89
1495 132
1496 83
1497 100
1498 -1
1499 31
1500 -1
1501 -1
1502 -1
1503 0
1504 -1
1505 133
1506 28
1507 27
1508 133
1509 133
1510 69
1511 -1
1512 -1
1513 66
1514 52
1515 115
1516 -1
1517 -1
1518 38
1519 -1
1520 136
1521 -1
1522 -1
1523 -1
1524 33
1525 -1
1526 -1
1527 -1
1528 -1
1529 -1
1530 144
1531 143
1532 26
1533 153
1534 -1
1535 102
1536 159
1537 89
1538 89
1539 -1
1540 -1
1541 86
1542 78
1543 -1
1544 -1
1545 53
1546 31
1547 -1
1548 -1
1549 -1
1550 -1
1551 -1
1552 143
1553 97
1554 34
1555 34
1556 52
1557 24
1558 24
1559 78
1560 -1
1561 -1
1562 -1
1563 24
1564 61
1565 -1
1566 66
1567 115
1568 150
1569 62
1570 117
1571 -1
1572 118
1573 91
1574 -1
1575 -1
1576 -1
1577 133
1578 -1
1579 -1
1580 -1
1581 -1
1582 24
1583 56
1584 109
1585 83
1586 32
1587 136
1588 -1
1589 89
1590 -1
1591 -1
1592 55
1593 24
1594 -1
1595 -1
1596 157
1597 153
1598 -1
1599 -1
1600 166
1601 52
1602 118
1603 -1
1604 118
1605 126
1606 -1
1607 114
1608 59
1609 -1
1610 31
1611 166
1612 33
1613 -1
1614 -1
1615 152
1616 -1
1617 -1
1618 -1
1619 -1
1620 77
1621 66
1622 66
1623 -1
1625 77
1626 77
1627 -1
1628 16
1629 -1
1630 52
1631 29
1632 56
1633 117
1634 -1
1635 -1
1636 -1
1637 -1
1638 -1
1639 -1
1640 -1
1641 -1
1642 -1
1643 118
1644 38
1645 86
1646 38
1647 36
1648 -1
1649 78
1650 150
1651 -1
1652 -1
1653 10
1654 157
1655 83
1656 83
1657 70
1658 66
1659 66
1660 27
1661 -1
1662 -1
1663 -1
1664 -1
1665 134
1666 -1
1667 115
1668 62
1669 -1
1670 -1
1671 -1
1672 118
1673 114
1674 -1
1675 -1
1676 -1
1677 -1
1678 -1
1679 52
1680 145
1681 -1
1682 -1
1683 45
1684 102
1685 -1
1686 0
1687 -1
1688 -1
1689 133
1690 -1
1691 -1
1692 63
1693 -1
1694 -1
1695 0
1696 83
1697 115
1698 135
1699 -1
1700 -1
1701 95
1702 -1
1703 0
1704 -1
1705 83
1706 -1
1707 -1
1708 -1
1709 -1
1710 -1
1711 -1
1712 -1
1713 -1
1714 34
1715 24
1716 31
1717 72
1718 72
1719 72
1720 72
1721 72
1722 72
1723 72
1724 72
1725 72
1726 -1
1727 78
1728 -1
1729 154
1730 154
1731 -1
1732 -1
1733 72
1734 55
1735 38
1736 38
1737 31
1738 31
1739 38
1740 38
1741 115
1742 150
1743 -1
1744 149
1745 83
1746 83
1747 14
1748 14
1749 14
1750 14
1751 14
1752 14
1753 14
1754 14
1755 14
1756 14
1757 14
1758 14
1759 14
1760 65
1761 65
1762 83
1763 -1
1764 -1
1765 92
1766 101
1767 -1
1768 66
1769 -1
1770 -1
1771 66
1772 83
1773 114
1774 29
1775 32
1776 32
1777 -1
1778 38
1779 -1
1780 120
1781 -1
1782 15
1783 15
1784 -1
1785 144
1786 122
1787 159
1788 31
1789 24
1790 24
1791 -1
1792 24
1793 24
1794 145
1795 -1
1796 145
1797 83
1798 83
1799 -1
1800 -1
1802 77
1803 77
1804 -1
1805 -1
1806 -1
1807 -1
1808 -1
1809 -1
1810 -1
1811 -1
1812 -1
1813 -1
1814 -1
1815 129
1816 129
1817 -1
1818 31
1819 133
1820 133
1821 83
1822 144
1823 156
1824 118
1825 118
1826 -1
1827 71
1828 156
1829 156
1831 -1
1832 147
1833 147
1834 147
1835 147
1836 63
1837 118
1838 118
1839 118
1840 118
1841 118
1842 118
1843 63
1844 63
1845 63
1846 63
1847 118
1849 118
1850 77
1851 77
1852 77
1853 66
1854 77
1855 78
1856 32
1857 32
1858 -1
1859 -1
1860 157
1861 157
1862 25
1863 83
1864 66
1865 77
1866 66
1867 -1
1868 83
1869 -1
1870 -1
1871 29
1872 137
1873 133
1874 114
1875 83
1876 166
1877 -1
1878 83
1879 33
1880 33
1881 -1
1882 94
1883 101
1884 162
1885 162
1886 -1
1887 38
1888 -1
1889 132
1890 -1
1891 77
1892 -1
1893 0
1894 -1
1895 -1
1896 -1
1897 -1
1899 66
1900 66
1901 66
1903 100
1904 35
1905 35
1906 57
1907 -1
1908 133
1910 -1
1911 132
1912 132
1913 -1
1914 -1
1915 27
1916 27
1917 -1
1918 91
1919 -1
1920 0
1921 166
1922 115
1923 133
1924 -1
1925 53
1926 33
1927 -1
1928 72
1929 133
1930 122
1931 114
1932 114
1933 120
1934 -1
1935 -1
1936 -1
1937 -1
1938 128
1939 31
1940 128
1942 31
1943 -1
1944 -1
1945 -1
1946 -1
1947 -1
1948 25
1949 -1
1950 132
1951 55
1952 -1
1953 151
1954 -1
1955 -1
1956 -1
1957 162
1958 162
1959 -1
1960 -1
1961 94
1962 94
1963 57
1964 57
1965 38
1966 38
1967 57
1968 57
1969 52
1970 -1
1971 52
1972 162
1973 -1
1974 57
1975 156
1976 156
1977 52
1978 55
1979 78
1980 -1
1981 32
1982 32
1983 32
1984 -1
1985 -1
1986 -1
1987 -1
1988 -1
1989 96
1990 24
1991 159
1992 26
1993 38
1994 -1
1995 -1
1996 -1
1997 -1
1998 24
1999 122
2000 66
2001 66
2002 66
2003 24
2004 55
2005 105
2006 -1
2007 81
2008 -1
2009 -1
2010 81
2011 -1
2012 81
2013 -1
2014 81
2015 87
2016 154
2017 154
2018 -1
2019 -1
2020 -1
2021 83
2022 -1
2023 -1
2024 -1
2025 -1
2026 -1
2027 -1
2028 166
2029 160
2030 160
2031 160
2032 160
2033 160
2034 160
2035 160
2036 -1
2037 -1
2038 91
2039 -1
2040 -1
2041 120
2042 86
2043 89
2044 159
2045 0
2046 159
2047 0
2048 -1
2049 -1
2050 -1
2051 -1
2052 -1
2053 60
2054 -1
2055 0
2056 0
2057 -1
2058 0
2059 31
2060 -1
2061 55
2062 31
2063 -1
2064 -1
2065 126
2066 -1
2067 83
2068 45
2069 83
2070 92
2071 -1
2072 -1
2073 83
2074 113
2075 -1
2076 -1
2077 -1
2078 151
2079 -1
2080 159
2081 138
2082 83
2083 139
2084 139
2085 139
2086 59
2087 130
2088 -1
2089 25
2090 31
2091 -1
2092 156
2093 166
2094 160
2095 160
2096 160
2097 24
2098 -1
2099 -1
2100 140
2101 74
2102 -1
2103 24
2104 -1
2105 -1
2106 166
2107 -1
2108 -1
2109 24
2110 -1
2111 -1
2112 151
2113 32
2114 -1
2115 24
2116 -1
2117 156
2118 156
2119 104
2120 -1
2121 83
2122 -1
2123 83
2124 -1
2125 -1
2126 101
2127 -1
2128 -1
2129 135
2130 -1
2131 -1
2132 -1
2133 91
2134 -1
2136 52
2137 0
2138 0
2139 -1
2140 135
2141 -1
2142 -1
2143 0
2144 166
2145 -1
2146 -1
2147 95
2148 95
2149 95
2150 95
2151 95
2152 -1
2153 -1
2154 -1
2155 98
2156 91
2157 -1
2158 92
2159 -1
2160 122
2161 103
2162 105
2163 -1
2164 -1
2165 -1
2166 -1
2167 -1
2168 24
2169 24
2170 24
2171 115
2172 24
2173 132
2174 15
2175 -1
2176 -1
2177 -1
2178 -1
2179 137
2180 136
2181 33
2182 83
2183 33
2184 -1
2185 -1
2186 -1
2187 25
2188 25
2189 25
2190 89
2191 118
2192 -1
2193 -1
2194 52
2195 -1
2196 -1
2197 -1
2198 -1
2199 114
2200 -1
2201 -1
2202 -1
2203 -1
2204 -1
2205 -1
2206 -1
2207 -1
2208 -1
2209 -1
2210 -1
2211 -1
2212 34
2213 86
2214 86
2215 24
2216 52
2217 24
2218 29
2219 29
2220 91
2221 61
2222 34
2223 -1
2224 -1
2225 -1
2226 -1
2227 -1
2228 79
2229 114
2230 -1
2231 95
2232 95
2233 -1
2234 89
2235 118
2236 116
2237 31
2238 -1
2239 -1
2240 -1
2241 -1
2242 -1
2243 166
2244 -1
2245 100
2246 103
2247 115
2248 145
2249 100
2250 -1
2251 -1
2252 -1
2253 -1
2254 -1
2255 27
2256 118
2257 -1
2258 -1
2259 -1
2260 166
2261 -1
2262 83
2263 -1
2264 146
2265 0
2266 0
2267 0
2268 82
2269 -1
2270 124
2271 -1
2273 138
2274 0
2275 94
2276 0
2277 -1
2278 95
2279 114
2280 -1
2281 -1
2282 37
2283 37
2284 37
2285 37
2286 141
2287 0
2288 -1
2289 -1
2290 0
2291 150
2292 150
2293 158
2294 -1
2295 35
2296 118
2297 66
2298 -1
2299 -1
2300 108
2301 83
2302 83
2303 -1
2304 153
2305 37
2306 37
2307 37
2308 138
2309 155
2310 138
2311 138
2312 -1
2313 -1
2314 -1
2315 -1
2316 -1
2317 55
2318 55
2319 55
2320 163
2321 -1
2322 -1
2323 -1
2324 -1
2325 -1
2326 -1
2327 124
2328 -1
2329 0
2330 143
2331 37
2332 37
2333 37
2334 126
2335 0
2336 -1
2337 37
2338 66
2339 37
2340 37
2341 37
2342 37
2343 37
2344 37
2345 95
2346 66
2347 37
2348 83
2349 89
2350 53
2351 -1
2352 -1
2353 -1
2354 -1
2355 -1
2356 132
2357 -1
2358 82
2359 82
2360 82
2361 102
2362 56
2363 56
2364 56
2365 56
2366 56
2367 -1
2368 -1
2369 -1
2370 -1
2371 -1
2372 156
2373 105
2374 -1
2375 -1
2376 154
2377 0
2378 -1
2379 0
2380 0
2381 0
2382 154
2383 0
2384 117
2385 0
2386 -1
2387 -1
2388 83
2389 117
2390 92
2391 83
2392 140
2393 -1
2394 162
2395 -1
2396 130
2397 130
2398 -1
2399 -1
2400 140
2401 -1
2402 -1
2403 -1
2404 74
2405 -1
2406 -1
2407 95
2408 -1
2409 32
2410 -1
2411 -1
2412 -1
2413 132
2414 132
2415 132
2416 -1
2417 -1
2418 37
2420 37
2421 24
2422 24
2423 24
2424 24
2425 -1
2426 -1
2427 86
2428 86
2429 164
2430 138
2431 138
2432 -1
2433 -1
2434 118
2435 -1
2436 78
2437 52
2438 85
2439 85
2440 91
2441 -1
2442 98
2443 138
2444 138
2445 -1
2446 33
2447 33
2448 0
2449 -1
2451 37
2452 86
2453 0
2454 86
2455 0
2456 0
2457 -1
2458 -1
2459 66
2460 82
2461 -1
2462 95
2463 95
2464 95
2465 133
2466 50
2467 153
2468 -1
2469 74
2471 118
2472 118
2473 101
2474 118
2475 59
2477 -1
2478 -1
2479 -1
2480 132
2481 89
2482 -1
2483 -1
2484 33
2485 91
2486 146
2487 -1
2488 -1
2489 95
2490 83
2491 83
2492 83
2493 163
2494 120
2495 143
2496 159
2497 -1
2498 -1
2499 -1
2500 -1
2501 120
2502 -1
2503 -1
2504 -1
2505 150
2506 91
2507 91
2508 61
2509 61
2510 162
2511 0
2512 162
2513 0
2514 -1
2516 133
2517 0
2518 -1
2519 0
2520 71
2521 89
2522 89
2523 -1
2524 -1
2525 52
2526 24
2527 0
2528 24
2529 -1
2530 -1
2531 -1
2532 -1
2533 -1
2534 -1
2535 -1
2536 0
2538 77
2539 102
2540 -1
2541 -1
2542 -1
2543 83
2544 55
2545 -1
2546 66
2548 89
2549 89
2550 144
2551 -1
2552 -1
2553 143
2554 132
2555 130
2556 -1
2557 161
2558 120
2560 -1
2561 -1
2562 83
2563 -1
2564 114
2565 77
2566 56
2567 31
2568 29
2569 -1
2570 -1
2571 129
2572 131
2573 -1
2574 -1
2575 162
2576 136
2577 136
2578 -1
2579 52
2580 -1
2581 37
2582 37
2583 -1
2584 55
2585 -1
2586 -1
2588 32
2589 32
2590 53
2591 141
2592 -1
2593 134
2594 134
2595 0
2596 0
2597 83
2598 95
2599 -1
2600 -1
2601 74
2602 74
2603 74
2604 74
2605 74
2606 -1
2607 -1
2608 -1
2609 74
2610 74
2611 74
2612 74
2613 74
2614 -1
2615 -1
2616 69
2617 41
2618 77
2619 24
2620 83
2621 136
2622 33
2623 33
2624 24
2625 24
2626 -1
2627 -1
2628 135
2629 135
2630 -1
2631 -1
2632 -1
2633 -1
2634 118
2635 -1
2636 145
2637 145
2638 -1
2639 91
2640 91
2641 -1
2642 -1
2643 -1
2644 115
2645 128
2646 24
2647 138
2648 138
2649 45
2650 20
2651 -1
2652 20
2653 -1
2654 89
2655 66
2656 83
2657 -1
2658 -1
2659 -1
2660 -1
2661 -1
2663 29
2666 -1
2670 -1
2671 148
2674 114
2675 -1
2676 20
2677 20
2678 20
2679 20
2680 -1
2681 30
2682 132
2683 38
2684 130
2685 130
2686 -1
2687 -1
2688 -1
2689 95
2690 52
2691 -1
2692 -1
2693 24
2694 -1
2695 68
2696 0
2698 27
2700 0
2701 159
2702 159
2703 159
2704 -1
2705 0
2706 89
2707 0
2709 89
2710 -1
2711 118
2712 0
2713 137
2714 -1
2715 0
2716 0
2718 83
2719 46
2720 -1
2721 97
2722 83
2723 26
2724 82
2725 55
2726 -1
2727 -1
2728 -1
2729 0
2730 0
2731 -1
2732 52
2733 153
2734 138
2735 0
2736 138
2737 24
2739 -1
2740 95
2741 -1
2742 32
2743 89
2744 -1
2745 118
2746 0
2747 0
2748 66
2750 0
2751 -1
2753 138
2754 24
2755 24
2756 24
2758 74
2759 -1
2760 -1
2761 91
2762 149
2763 83
2764 -1
2765 102
2766 118
2767 -1
2768 -1
2769 -1
2770 115
2771 115
2772 59
2773 0
2774 118
2775 -1
2776 81
2777 81
2778 81
2779 100
2780 -1
2782 -1
2783 143
2784 83
2785 100
2786 -1
2787 153
2788 -1
2789 34
2790 -1
2791 66
2792 66
2793 66
2794 0
2795 -1
2796 134
2797 120
2798 104
2799 134
2800 159
2801 162
2802 -1
2804 89
2805 55
2806 -1
2807 108
2808 108
2809 149
2810 149
2811 115
2812 115
2813 83
2814 83
2815 82
2816 82
2817 -1
2818 82
2819 82
2820 -1
2821 82
2822 82
2823 -1
2824 -1
2825 -1
2826 83
2827 -1
2828 -1
2829 83
2830 83
2831 -1
2832 -1
2833 118
2834 46
2835 89
2836 83
2837 105
2838 105
2839 -1
2840 -1
2841 78
2842 -1
2843 86
2844 125
2845 -1
2846 -1
2847 125
2848 125
2849 59
2850 59
2851 57
2852 -1
2853 59
2854 59
2855 166
2856 156
2857 134
2858 134
2859 101
2860 101
2861 101
2862 101
2863 83
2864 -1
2865 -1
2866 -1
2867 83
2868 114
2869 129
2870 129
2871 114
2872 114
2873 136
2874 156
2875 33
2876 24
2877 -1
2878 129
2879 -1
2880 -1
2881 126
2882 -1
2883 81
2884 81
2885 81
2886 -1
2887 -1
2888 59
2889 59
2890 83
2891 83
2892 130
2893 130
2894 89
2895 130
2896 130
2897 130
2898 130
2899 -1
2900 117
2901 -1
2902 24
2903 29
2904 126
2905 0
2906 0
2907 126
2908 165
2909 138
2910 -1
2911 33
2912 33
2913 33
2914 33
2915 -1
2916 -1
2917 -1
2918 -1
2919 -1
2920 24
2921 156
2922 -1
2923 -1
2924 -1
2925 166
2926 38
2927 -1
2928 -1
2929 59
2930 59
2931 -1
2932 59
2933 -1
2934 -1
2935 128
2936 120
2937 118
2938 -1
2939 152
2940 52
2941 -1
2942 89
2943 83
2944 83
2945 115
2946 115
2947 52
2948 -1
2949 -1
2950 15
2951 29
2952 -1
2953 -1
2954 -1
2955 -1
2956 -1
2957 -1
2958 -1
2959 -1
2960 81
2961 81
2962 81
2963 81
2964 83
2965 134
2966 130
2967 -1
2968 -1
2969 -1
2970 148
2971 148
2972 25
2973 59
2974 27
2975 55
2976 -1
2977 52
2978 -1
2979 -1
2980 115
2981 115
2982 95
2983 95
2984 95
2985 -1
2986 118
2987 83
2988 146
2989 38
2990 -1
2991 125
2992 59
2993 59
2994 59
2995 59
2996 -1
2997 -1
2998 -1
2999 -1
3001 -1
3002 66
3003 -1
3004 31
3005 130
3006 54
3007 118
3008 -1
3009 -1
3010 -1
3011 -1
3012 0
3013 -1
3014 -1
3015 72
3016 72
3017 72
3018 166
3019 -1
3020 103
3021 -1
3022 53
3023 53
3024 53
3025 53
3026 52
3027 28
3028 66
3029 15
3030 159
3031 115
3032 -1
3033 156
3034 -1
3035 -1
3036 155
3037 -1
3038 -1
3039 -1
3040 116
3041 119
3042 83
3043 83
3044 83
3045 -1
3046 166
3047 83
3048 62
3049 -1
3050 118
3051 -1
3052 136
3053 120
3054 32
3055 -1
3056 149
3057 72
3058 29
3059 143
3060 52
3061 -1
3062 -1
3063 -1
3064 -1
3065 -1
3066 59
3067 -1
3068 114
3069 62
3070 -1
3071 166
3072 52
3073 -1
3074 166
3075 -1
3076 29
3077 -1
3078 0
3079 0
3080 0
3081 -1
3082 86
3083 -1
3084 -1
3085 66
3086 114
3087 -1
3088 129
3089 129
3090 145
3091 145
3092 115
3093 115
3094 -1
3095 26
3096 26
3097 33
3098 33
3099 -1
3100 -1
3101 -1
3102 51
3103 166
3104 118
3105 144
3106 -1
3107 83
3108 70
3109 -1
3110 -1
3111 -1
3112 -1
3113 -1
3114 -1
3115 89
3116 126
3117 62
3118 -1
3119 -1
3120 159
3121 159
3122 66
3123 -1
3124 120
3125 -1
3126 -1
3127 98
3128 98
3129 -1
3130 101
3131 101
3132 -1
3133 70
3134 70
3135 115
3136 115
3137 115
3138 115
3139 115
3140 101
3141 101
3142 -1
3143 -1
3144 -1
3145 87
3146 -1
3147 -1
3148 -1
3149 -1
3150 31
3151 -1
3152 -1
3153 -1
3154 -1
3155 61
3156 -1
3157 109
3158 166
3159 152
3160 153
3161 -1
3162 83
3163 89
3164 83
3165 -1
3166 -1
3167 134
3168 134
3169 102
3170 129
3171 153
3172 -1
3173 118
3174 130
3175 -1
3176 146
3177 -1
3178 149
3179 101
3180 153
3181 -1
3182 83
3183 83
3184 133
3186 0
3187 129
3188 129
3189 -1
3190 32
3191 32
3192 -1
3193 0
3194 0
3195 -1
3196 109
3197 126
3198 95
3199 95
3200 95
3201 95
3202 95
3203 95
3204 95
3205 95
3206 -1
3207 -1
3208 -1
3209 -1
3210 95
3211 95
3212 95
3213 95
3214 95
3215 95
3216 95
3217 95
3218 95
3219 95
3220 95
3221 77
3222 95
3223 -1
3224 -1
3225 -1
3226 117
3227 -1
3228 128
3229 29
3230 25
3231 115
3232 33
3233 33
3234 -1
3235 -1
3236 -1
3237 -1
3238 95
3239 95
3240 95
3241 160
3242 124
3243 109
3244 -1
3245 95
3246 -1
3247 139
3248 139
3251 0
3252 139
3253 120
3254 30
3255 -1
3256 95
3257 -1
3258 125
3260 125
3261 91
3263 138
3265 -1
3268 -1
3269 62
3270 27
3272 27
3273 120
3274 131
3275 -1
3276 125
3277 125
3278 125
3279 125
3280 125
3281 125
3282 -1
3283 125
3284 59
3285 102
3286 102
3287 -1
3288 -1
3289 -1
3290 -1
3291 149
3292 -1
3293 -1
3294 89
3295 -1
3296 -1
3297 128
3298 59
3299 59
3300 -1
3301 66
3302 83
3303 83
3304 -1
3305 -1
3306 -1
3307 149
3308 -1
3309 132
3310 125
3311 115
3312 66
3313 166
3314 55
3315 25
3316 95
3317 95
3318 95
3319 95
3320 -1
3321 57
3322 78
3323 120
3324 94
3325 120
3326 24
3327 -1
3328 57
3329 62
3330 62
3331 86
3332 86
3333 86
3334 86
3335 125
3336 153
3337 -1
3338 129
3339 118
3340 -1
3341 139
3342 149
3343 120
3344 -1
3345 -1
3346 -1
3347 57
3348 -1
3349 -1
3350 -1
3351 -1
3352 -1
3353 92
3354 -1
3355 95
3356 95
3357 115
3358 115
3359 29
3360 95
3361 95
3362 120
3363 95
3364 143
3365 119
3366 -1
3367 29
3368 29
3369 -1
3370 29
3371 29
3372 -1
3373 144
3374 102
3375 -1
3376 65
3377 118
3378 46
3379 95
3380 -1
3381 95
3382 95
3383 95
3384 57
3385 95
3386 -1
3387 -1
3388 -1
3389 -1
3390 -1
3391 57
3392 115
3393 115
3394 118
3395 149
3396 -1
3397 149
3398 149
3399 120
3400 -1
3401 91
3402 95
3403 -1
3404 -1
3405 -1
3406 -1
3407 -1
3408 -1
3409 86
3410 -1
3411 -1
3412 165
3413 152
3414 24
3415 -1
3416 86
3417 87
3418 87
3419 115
3420 87
3421 95
3422 95
3423 95
3424 -1
3425 -1
3426 87
3427 87
3428 77
3429 -1
3430 83
3431 114
3432 -1
3433 -1
3434 -1
3435 87
3436 83
3437 -1
3438 87
3439 87
3440 -1
3441 -1
3442 86
3443 86
3444 86
3445 86
3446 87
3448 87
3449 136
3450 87
3451 87
3452 87
3453 87
3454 87
3455 87
3456 87
3457 86
3458 86
3459 86
3460 86
3461 86
3462 86
3463 86
3464 86
3465 86
3466 86
3467 86
3468 86
3469 86
3470 86
3471 86
3472 86
3473 86
3474 86
3475 -1
3476 86
3477 31
3478 95
3479 165
3480 146
3481 146
3482 52
3483 97
3484 -1
3485 50
3486 66
3487 66
3488 -1
3489 166
3490 36
3491 56
3492 -1
3493 66
3494 120
3495 95
3496 -1
3497 156
3498 118
3499 118
3500 78
3501 -1
3502 -1
3503 -1
3504 63
3505 -1
3506 -1
3507 -1
3508 -1
3509 138
3510 95
3511 95
3512 102
3513 -1
3514 -1
3515 -1
3516 -1
3517 -1
3518 -1
3519 -1
3520 -1
3521 -1
3522 148
3523 110
3524 148
3525 60
3526 -1
3527 -1
3528 -1
3529 -1
3530 130
3531 -1
3532 137
3533 149
3534 -1
3535 82
3536 -1
3537 -1
3538 148
3539 115
3540 -1
3541 -1
3542 137
3543 148
3544 -1
3545 32
3546 -1
3547 -1
3548 -1
3549 129
3550 139
3551 95
3552 95
3553 95
3554 -1
3555 52
3556 34
3557 137
3558 33
3559 -1
3560 95
3561 74
3562 -1
3563 95
3564 95
3565 -1
3566 115
3567 95
3568 29
3569 29
3570 -1
3571 -1
3572 -1
3573 94
3574 95
3575 95
3576 55
3577 -1
3578 130
3579 52
3580 95
3581 -1
3582 25
3583 25
3584 95
3585 95
3586 95
3587 95
3588 -1
3589 38
3590 38
3591 -1
3592 -1
3593 148
3594 -1
3595 -1
3596 -1
3597 95
3598 158
3599 95
3600 95
3601 122
3602 -1
3603 -1
3604 -1
3605 95
3606 -1
3607 95
3608 98
3609 27
3610 159
3611 157
3612 52
3613 95
3614 -1
3615 55
3616 95
3617 -1
3618 -1
3619 118
3620 24
3621 128
3622 97
3623 -1
3624 95
3625 -1
3626 24
3627 102
3628 -1
3629 42
3630 144
3631 -1
3632 -1
3633 55
3634 -1
3635 -1
3636 89
3637 -1
3638 165
3639 95
3640 95
3641 115
3642 -1
3643 162
3644 162
3645 162
3646 -1
3647 -1
3648 29
3649 103
3650 -1
3651 -1
3652 -1
3653 143
3654 136
3655 95
3656 95
3657 -1
3658 -1
3659 -1
3660 -1
3661 -1
3662 -1
3663 -1
3664 -1
3665 57
3666 83
3667 55
3668 68
3669 -1
3670 -1
3671 -1
3672 -1
3673 95
3674 -1
3675 -1
3676 46
3677 95
3678 95
3679 -1
3680 89
3681 -1
3682 66
3683 101
3684 95
3686 95
3687 83
3688 114
3689 114
3690 133
3691 94
3692 -1
3694 -1
3695 52
3696 126
3697 55
3698 92
3699 -1
3700 -1
3701 24
3702 114
3703 -1
3704 32
3705 -1
3706 -1
3707 118
3708 95
3709 166
3710 95
3711 130
3712 25
3713 55
3714 129
3715 129
3716 128
3718 95
3719 -1
3720 -1
3721 -1
3722 -1
3723 83
3724 74
3725 83
3726 29
3727 130
3728 95
3729 -1
3730 97
3731 120
3732 -1
3733 -1
3734 -1
3735 -1
3736 -1
3737 97
3738 126
3739 -1
3740 -1
3741 -1
3742 -1
3743 114
3744 138
3745 46
3746 -1
3747 33
3748 -1
3749 138
3750 -1
3751 -1
3752 -1
3753 -1
3754 66
3755 159
3756 95
3757 -1
3758 159
3759 -1
3760 35
3761 35
3762 118
3763 -1
3764 -1
3765 -1
3766 -1
3767 -1
3768 35
3769 35
3770 -1
3771 -1
3772 31
3773 31
3774 -1
3775 -1
3776 -1
3777 118
3778 118
3779 -1
3780 -1
3781 -1
3782 -1
3783 -1
3784 -1
3785 118
3786 118
3787 118
3788 -1
3789 -1
3790 -1
3791 118
3792 143
3793 87
3794 87
3795 87
3796 87
3797 87
3798 87
3799 87
3800 87
3801 87
3802 87
3803 87
3804 87
3805 87
3806 87
3807 87
3808 -1
3809 26
3810 25
3811 55
3812 166
3813 166
3814 128
3815 134
3816 -1
3817 -1
3818 138
3819 83
3820 -1
3821 100
3822 -1
3823 83
3824 -1
3825 135
3826 -1
3827 59
3828 156
3829 156
3830 -1
3831 83
3832 95
3833 -1
3834 -1
3835 95
3836 32
3837 155
3838 -1
3839 33
3840 33
3841 -1
3842 95
3843 95
3844 95
3845 95
3846 74
3847 -1
3848 120
3849 -1
3850 -1
3851 -1
3852 61
3853 136
3854 -1
3855 -1
3856 -1
3857 43
3858 43
3859 120
3860 140
3861 -1
3862 -1
3863 -1
3864 131
3865 -1
3866 -1
3867 117
3868 -1
3869 -1
3870 -1
3871 43
3872 -1
3873 43
3874 95
3875 52
3876 101
3877 102
3878 -1
3879 24
3880 115
3881 117
3882 -1
3883 43
3884 18
3885 59
3886 138
3887 -1
3888 -1
3889 -1
3890 -1
3891 95
3892 95
3893 -1
3894 -1
3895 -1
3896 -1
3897 -1
3898 43
3899 43
3900 166
3901 29
3902 29
3903 29
3904 -1
3905 -1
3906 105
3907 74
3908 -1
3910 166
3911 143
3912 143
3913 135
3914 81
3915 81
3916 81
3917 -1
3918 118
3919 -1
3920 83
3921 -1
3922 -1
3923 144
3924 144
3925 -1
3926 -1
3927 130
3928 95
3929 66
3930 133
3931 83
3932 92
3933 83
3934 -1
3935 86
3936 77
3937 86
3938 86
3939 -1
3940 86
3941 86
3942 78
3943 78
3944 78
3945 83
3946 83
3947 -1
3948 58
3949 55
3950 -1
3951 120
3952 24
3953 -1
3954 118
3955 165
3956 95
3957 -1
3958 59
3959 18
3960 128
3961 -1
3962 62
3963 -1
3964 26
3965 -1
3966 136
3967 54
3968 43
3969 43
3970 43
3971 45
3972 45
3973 83
3974 45
3975 45
3976 83
3977 83
3978 83
3979 83
3980 -1
3981 -1
3982 -1
3983 -1
3984 159
3985 -1
3986 15
3987 15
3988 -1
3989 -1
3990 -1
3991 140
3992 140
3993 -1
3994 -1
3995 -1
3996 85
3997 93
3998 100
3999 85
4000 85
4001 85
4002 156
4003 83
4004 83
4005 -1
4006 130
4007 -1
4008 -1
4009 -1
4010 115
4011 115
4012 91
4013 -1
4014 117
4015 136
4016 134
4017 -1
4018 145
4019 145
4020 -1
4021 101
4022 95
4023 15
4024 15
4025 15
4026 -1
4027 34
4028 31
4029 91
4030 27
4031 27
4032 52
4033 24
4034 136
4035 -1
4036 24
4037 95
4038 -1
4039 38
4040 120
4041 -1
4042 130
4043 130
4044 -1
4045 -1
4046 -1
4047 -1
4048 117
4049 117
4050 -1
4051 117
4052 117
4053 117
4054 117
4055 -1
4056 -1
4057 95
4058 95
4059 -1
4060 101
4061 83
4062 115
4063 115
4064 115
4065 136
4066 136
4068 -1
4069 -1
4070 126
4071 -1
4072 -1
4073 -1
4074 166
4075 52
4076 -1
4077 89
4078 155
4079 155
4080 -1
4082 120
4083 95
4084 95
4085 95
4086 95
4087 95
4088 55
4089 -1
4090 120
4091 52
4092 -1
4093 -1
4094 95
4095 -1
4096 -1
4097 118
4098 118
4099 147
4100 83
4101 -1
4102 -1
4103 118
4104 57
4105 114
4106 118
4107 95
4108 105
4109 95
4110 95
4111 95
4112 24
4113 -1
4114 -1
4115 -1
4116 153
4117 -1
4118 114
4119 24
4120 -1
4121 -1
4122 -1
4123 33
4124 66
4125 -1
4126 120
4127 -1
4128 -1
4129 -1
4130 83
4131 -1
4132 -1
4133 -1
4134 118
4135 53
4136 138
4137 83
4138 32
4139 32
4140 120
4141 -1
4142 162
4143 155
4144 -1
4145 151
4146 147
4147 -1
4148 161
4149 162
4150 161
4151 -1
4152 66
4153 66
4154 138
4155 -1
4156 29
4157 -1
4158 -1
4159 114
4160 114
4161 -1
4162 -1
4163 -1
4164 -1
4165 -1
4166 -1
4167 15
4168 -1
4169 -1
4171 -1
4172 93
4173 91
4174 91
4175 -1
4176 25
4177 61
4178 83
4179 -1
4180 15
4181 -1
4182 -1
4183 118
4184 118
4185 122
4186 57
4187 -1
4188 -1
4189 -1
4190 -1
4191 132
4192 132
4193 -1
4194 -1
4195 144
4196 57
4197 144
4198 -1
4199 57
4200 59
4201 -1
4202 86
4203 -1
4204 95
4205 95
4206 95
4207 95
4208 95
4209 144
4210 83
4211 101
4212 115
4213 15
4214 -1
4215 -1
4216 95
4217 134
4218 81
4219 -1
4220 166
4221 132
4222 -1
4223 56
4224 38
4225 91
4226 70
4227 31
4228 33
4229 33
4230 66
4231 107
4232 46
4233 -1
4234 -1
4235 105
4236 24
4237 24
4238 -1
4239 83
4240 -1
4241 -1
4242 -1
4243 56
4244 -1
4245 -1
4246 -1
4247 56
4248 -1
4249 55
4250 59
4251 115
4252 -1
4253 132
4255 132
4256 132
4257 132
4258 145
4259 24
4260 93
4261 -1
4262 -1
4263 115
4264 115
4265 115
4266 115
4267 -1
4268 -1
4269 140
4270 140
4271 -1
4272 140
4273 140
4274 140
4275 140
4276 140
4277 93
4278 119
4279 119
4280 86
4281 -1
4282 82
4283 -1
4284 -1
4285 118
4286 -1
4287 159
4288 25
4289 118
4290 35
4291 118
4292 -1
4293 52
4294 -1
4295 83
4296 55
4297 46
4298 -1
4299 46
4300 95
4301 95
4302 95
4303 120
4304 117
4305 117
4306 136
4307 24
4308 146
4309 91
4310 114
4311 115
4312 115
4313 115
4314 83
4315 -1
4316 -1
4317 147
4318 147
4319 -1
4320 -1
4321 -1
4322 165
4323 52
4324 -1
4325 89
4326 89
4327 66
4328 66
4329 24
4330 131
4331 -1
4332 93
4333 -1
4334 92
4335 -1
4336 -1
4337 59
4338 51
4339 -1
4340 -1
4341 -1
4342 139
4343 139
4344 139
4345 139
4346 139
4347 109
4348 139
4349 -1
4350 -1
4351 -1
4352 -1
4353 -1
4354 -1
4355 130
4356 133
4357 97
4358 83
4359 93
4360 114
4361 -1
4362 -1
4363 93
4364 -1
4365 -1
4366 103
4367 115
4368 118
4369 163
4370 -1
4371 -1
4372 24
4373 57
4374 118
4375 -1
4376 155
4377 154
4378 138
4379 32
4380 -1
4381 -1
4382 149
4383 149
4384 -1
4385 -1
4386 119
4387 -1
4388 40
4389 -1
4390 93
4391 95
4392 -1
4393 140
4394 93
4395 62
4396 104
4397 45
4398 62
4399 83
4400 83
4401 95
4402 -1
4403 95
4404 95
4405 95
4406 95
4407 95
4408 -1
4409 -1
4410 -1
4411 -1
4412 -1
4413 124
4414 124
4415 124
4416 140
4417 140
4418 0
4419 140
4420 140
4421 136
4422 118
4423 -1
4424 -1
4425 -1
4426 -1
4427 154
4428 154
4429 56
4430 56
4431 133
4432 24
4433 -1
4434 -1
4435 46
4436 138
4437 -1
4438 -1
4439 91
4440 -1
4441 154
4442 57
4443 163
4444 155
4445 32
4446 62
4447 98
4448 83
4449 59
4450 83
4451 -1
4452 86
4453 137
4454 -1
4455 29
4456 -1
4457 -1
4458 20
4459 20
4460 20
4461 -1
4462 20
4463 20
4464 160
4465 -1
4466 -1
4467 -1
4469 -1
4470 97
4471 143
4472 -1
4473 -1
4474 -1
4475 138
4476 -1
4477 -1
4478 -1
4479 -1
4480 -1
4481 24
4482 132
4483 -1
4484 24
4485 102
4486 -1
4487 -1
4488 -1
4489 -1
4490 -1
4491 -1
4492 -1
4493 29
4494 -1
4495 -1
4496 -1
4497 -1
4498 -1
4499 -1
4500 -1
4501 -1
4502 163
4503 -1
4504 92
4505 -1
4506 -1
4507 144
4508 -1
4509 38
4510 -1
4511 -1
4512 -1
4513 -1
4514 -1
4515 27
4516 159
4517 152
4518 -1
4519 122
4520 151
4522 91
4523 130
4524 -1
4525 -1
4526 -1
4527 -1
4528 70
4529 70
4530 70
4531 25
4532 136
4533 -1
4534 56
4535 146
4536 -1
4537 -1
4538 52
4539 52
4540 52
4542 118
4543 -1
4544 95
4545 95
4546 95
4547 95
4548 95
4549 -1
4550 83
4551 -1
4552 55
4553 95
4554 -1
4555 83
4556 59
4557 -1
4558 -1
4559 34
4560 52
4561 83
4562 92
4563 114
4564 -1
4565 97
4566 -1
4567 25
4568 25
4569 102
4570 -1
4571 156
4572 -1
4573 115
4574 115
4575 57
4576 -1
4577 -1
4578 144
4579 -1
4580 52
4581 -1
4582 -1
4583 24
4584 24
4585 97
4586 122
4587 38
4588 56
4589 154
4590 154
4591 -1
4592 118
4593 147
4595 -1
4596 91
4597 -1
4598 -1
4599 -1
4600 -1
4601 102
4602 102
4603 102
4604 155
4605 55
4606 118
4607 152
4608 118
4609 118
4610 55
4611 51
4612 95
4613 83
4614 89
4615 95
4616 95
4617 95
4618 74
4619 95
4620 95
4621 -1
4622 -1
4623 -1
4624 28
4625 140
4626 46
4627 -1
4628 -1
4629 51
4630 95
4631 83
4632 55
4633 156
4634 -1
4635 -1
4636 -1
4637 -1
4638 -1
4639 24
4640 166
4641 -1
4642 135
4643 52
4644 118
4645 24
4646 -1
4647 60
4648 110
4649 -1
4650 151
4651 -1
4652 -1
4653 122
4654 122
4655 -1
4656 -1
4657 34
4658 95
4659 83
4660 33
4661 -1
4662 165
4663 -1
4664 165
4665 165
4666 165
4667 163
4668 136
4669 29
4670 -1
4671 146
4672 -1
4673 -1
4674 -1
4675 -1
4676 -1
4677 110
4678 -1
4679 -1
4680 -1
4681 -1
4682 -1
4683 83
4684 35
4685 -1
4686 35
4687 -1
4688 -1
4689 93
4690 84
4691 93
4692 93
4693 120
4694 118
4695 118
4696 43
4697 30
4698 59
4699 91
4700 38
4701 38
4702 144
4703 89
4704 35
4705 118
4706 118
4707 -1
4708 -1
4709 -1
4710 118
4711 118
4712 118
4713 118
4714 118
4715 -1
4716 140
4717 -1
4718 -1
4719 -1
4720 -1
4721 94
4722 94
4723 94
4724 94
4725 94
4726 94
4727 94
4728 94
4729 94
4732 86
4733 -1
4734 -1
4735 -1
4736 -1
4737 52
4738 -1
4739 95
4740 -1
4741 24
4742 26
4743 62
4744 86
4745 34
4746 -1
4747 166
4748 -1
4749 163
4750 -1
4751 -1
4752 -1
4753 -1
4754 -1
4755 46
4756 83
4757 69
4758 24
4759 118
4760 -1
4761 126
4762 120
4763 114
4764 120
4765 123
4766 119
4767 158
4768 153
4769 118
4770 83
4771 52
4772 -1
4773 -1
4774 -1
4775 145
4776 145
4777 10
4778 159
4779 159
4780 10
4781 128
4783 -1
4784 140
4785 140
4786 140
4787 59
4788 136
4789 28
4790 10
4791 -1
4792 89
4793 -1
4794 -1
4795 -1
4796 -1
4797 -1
4798 122
4799 166
4800 38
4801 45
4802 45
4803 45
4804 -1
4805 98
4806 -1
4807 83
4808 -1
4809 156
4810 156
4811 156
4812 156
4813 150
4814 -1
4815 -1
4816 -1
4817 24
4818 24
4819 133
4820 111
4821 -1
4822 95
4823 95
4824 95
4825 95
4826 95
4827 95
4828 95
4829 134
4830 -1
4831 130
4832 -1
4833 -1
4834 124
4835 -1
4836 146
4837 -1
4838 -1
4839 -1
4840 -1
4841 -1
4842 146
4843 119
4844 119
4845 119
4846 -1
4847 82
4848 83
4849 -1
4850 165
4851 -1
4852 32
4853 55
4854 59
4855 89
4856 -1
4857 10
4858 166
4859 -1
4860 -1
4861 156
4862 -1
4863 53
4864 53
4865 -1
4866 -1
4867 -1
4868 89
4869 -1
4870 -1
4871 136
4872 50
4873 50
4874 52
4875 52
4876 52
4877 94
4878 4
4879 4
4880 -1
4881 -1
4882 4
4883 83
4884 4
4885 4
4886 -1
4887 83
4888 95
4889 95
4890 95
4891 4
4892 -1
4893 -1
4894 10
4895 10
4896 166
4897 -1
4898 -1
4899 -1
4900 83
4901 83
4902 83
4903 83
4904 83
4905 -1
4906 -1
4907 4
4908 -1
4909 86
4910 -1
4911 -1
4918 4
4920 1
4941 4
4949 -1
4953 4
4965 11
4967 15
4975 4
4985 4
4995 10
5001 24
5004 24
5009 0
5014 4
5029 10
5045 10
5057 4
5058 4
5060 4
5065 4
5073 10
5080 10
5081 4
5092 10
5101 0
5107 4
5108 4
5112 4
5130 10
5134 10
5135 10
5139 10
5148 4
5149 10
5153 4
5174 10
5187 10
5190 4
5202 4
5203 4
5210 5
5218 4
5232 4
5253 10
5254 10
5257 10
5258 10
5264 95
5265 10
5273 10
5274 9
5290 4
5291 4
5301 4
5302 4
5308 4
5323 4
5324 4
5325 4
5326 4
5343 2
5402 1
5420 1
5429 6
5431 6
5434 1
5440 6
5449 6
5459 6
5472 6
5479 6
5481 6
5515 1
5520 1
5529 6
5530 1
5531 1
5532 1
5533 1
5534 1
5535 1
5540 1
5545 6
5566 1
5592 2
5618 2
5619 2
5620 2
5639 2
5640 2
5641 2
5642 2
5687 2
5699 2
5700 2
5712 2
5713 2
5737 1
5738 1
5740 1
5743 1
5755 1
5762 1
5764 6
5783 1
5794 6
5823 1
5835 1
5843 1
5855 1
5857 1
5872 1
5874 1
5878 1
5879 1
5880 1
5882 1
5883 1
5884 1
5887 1
5893 1
5902 1
5908 6
5926 6
5930 1
5931 1
5932 1
5933 1
5934 1
5935 1
5940 6
5945 1
5949 1
5950 6
5951 1
5953 1
5955 1
5958 6
5963 1
5984 6
5986 6
5997 1
6004 1
6009 6
6013 6
6014 6
6016 6
6019 6
6021 6
6022 1
6023 1
6027 6
6031 1
6032 5
6033 5
6039 1
6057 1
6059 6
6069 1
6070 1
6082 6
6085 6
6100 5
6102 6
6104 6
6123 6
6127 1
6129 6
6157 1
6162 1
6166 1
6172 1
6174 2
6175 1
6177 9
6186 9
6195 1
6218 2
6219 2
6220 2
6223 1
6250 1
6251 1
6272 1
6293 1
6294 1
6295 1
6306 1
6326 1
6348 1
6354 1
6356 1
6357 1
6390 1
6403 1
6417 1
6449 1
6457 -1
6459 1
6467 159
6468 1
6469 1
6477 114
6489 1
6492 102
6494 102
6495 114
6498 1
6511 166
6514 1
6515 1
6516 1
6517 1
6518 1
6519 1
6520 1
6536 1
6538 94
6539 2
6541 1
6542 1
6550 2
6551 2
6557 1
6560 1
6577 -1
6581 1
6598 1
6630 1
6647 1
6649 1
6657 166
6669 -1
6683 1
6703 29
6723 1
6724 1
6725 1
6729 67
6730 67
6731 24
6732 -1
6733 -1
6734 -1
6735 120
6736 95
6737 -1
6738 -1
6739 -1
6740 -1
6741 -1
6742 -1
6743 -1
6744 31
6745 31
6746 -1
6747 -1
6748 24
6749 24
6750 24
6751 -1
6752 -1
6753 -1
6754 126
6755 -1
6756 -1
6757 126
6758 126
6759 148
6760 117
6761 117
6762 117
6763 52
6764 52
6765 52
6766 52
6767 105
6768 105
6769 105
6770 105
6771 -1
6772 105
6773 105
6774 -1
6775 105
6776 105
6777 105
6778 105
6779 55
6780 -1
6781 120
6782 -1
6783 72
6784 72
6785 72
6786 72
6787 95
6788 95
6789 102
6790 95
6791 95
6792 -1
6793 -1
6794 122
6795 122
6796 122
6797 122
6798 -1
6799 -1
6800 -1
6801 -1
6802 101
6803 -1
6804 112
6805 112
6806 112
6807 112
6808 166
6809 166
6810 2
6811 62
6812 156
6813 136
6814 136
6815 2
6816 131
6817 52
6818 71
6819 71
6820 24
6821 -1
6822 -1
6823 -1
6824 101
6825 1
6826 1
6827 1
6828 159
6829 159
6830 159
6831 91
6832 130
6833 -1
6834 130
6835 130
6836 130
6837 55
6838 95
6839 130
6840 -1
6841 52
6842 138
6843 101
6844 101
6845 -1
6846 -1
6847 84
6848 84
6849 84
6850 84
6851 84
6852 68
6853 142
6854 142
6855 153
6856 153
6857 124
6858 -1
6859 -1
6860 -1
6861 114
6862 114
6863 24
6864 121
6865 121
6866 149
6867 117
6868 25
6869 -1
6870 2
6871 25
6872 25
6873 96
6874 51
6875 96
6876 96
6877 156
6878 130
6879 -1
6880 130
6881 120
6882 89
6883 -1
6884 157
6885 153
6886 -1
6887 115
6888 -1
6889 149
6890 -1
6891 1
6892 156
6893 -1
6894 166
6895 92
6896 -1
6897 74
6898 95
6899 -1
6900 122
6901 122
6902 -1
6903 24
6904 115
6905 115
6906 -1
6907 1
6908 51
6909 51
6910 51
6911 24
6912 -1
6913 -1
6914 -1
6915 129
6916 32
6917 129
6918 129
6919 129
6920 129
6921 102
6922 32
6923 32
6924 83
6925 1
6926 83
6927 83
6928 91
6929 40
6930 40
6931 162
6932 40
6933 40
6934 40
6935 40
6936 40
6937 40
6938 -1
6939 40
6940 40
6941 40
6942 40
6943 40
6944 40
6945 40
6946 2
6947 2
6948 40
6949 40
6950 40
6951 40
6952 162
6953 40
6954 40
6955 40
6956 40
6957 40
6958 24
6959 82
6960 -1
6961 95
6962 -1
6963 95
6964 95
6965 92
6966 62
6967 -1
6968 131
6969 83
6970 -1
6971 52
6972 -1
6973 83
6974 83
6975 -1
6976 45
6977 -1
6978 -1
6979 -1
6980 83
6981 83
6982 110
6983 -1
6984 83
6985 -1
6986 -1
6987 -1
6988 125
6989 -1
6990 -1
6991 110
6992 -1
6993 124
6994 149
6995 -1
6996 -1
6997 101
6998 1
6999 156
7000 -1
7001 24
7002 -1
7003 24
7004 55
7005 55
7006 1
7007 55
7008 59
7009 -1
7010 120
7011 120
7012 120
7013 120
7014 120
7015 -1
7016 102
7017 -1
7018 -1
7019 45
7020 94
7021 94
7022 94
7023 24
7024 24
7025 83
7026 149
7027 149
7028 -1
7029 126
7030 126
7031 95
7032 -1
7033 -1
7034 -1
7035 -1
7036 98
7037 98
7038 24
7039 136
7040 -1
7041 -1
7042 41
7043 41
7044 41
7045 147
7046 -1
7047 -1
7048 162
7049 -1
7050 -1
7051 59
7052 151
7053 118
7054 118
7055 74
7056 74
7057 74
7058 24
7059 24
7060 24
7061 -1
7062 59
7063 59
7064 -1
7065 33
7066 33
7067 -1
7068 -1
7069 -1
7070 46
7071 46
7072 -1
7073 83
7074 83
7075 -1
7076 98
7077 98
7078 98
7079 98
7080 98
7081 -1
7082 120
7083 -1
7084 136
7085 117
7086 24
7087 24
7088 -1
7089 -1
7090 -1
7091 -1
7092 -1
7093 -1
7094 -1
7095 1
7096 83
7097 83
7098 83
7099 83
7100 83
7101 133
7102 133
7103 95
7104 95
7105 -1
7106 -1
7107 -1
7108 -1
7109 -1
7110 -1
7111 52
7112 52
7113 51
7114 -1
7115 -1
7116 1
7117 -1
7118 -1
7119 134
7120 134
7121 83
7122 137
7123 137
7124 -1
7125 102
7126 -1
7127 -1
7128 -1
7129 117
7130 117
7131 117
7132 122
7133 122
7134 104
7135 104
7136 104
7137 104
7138 41
7139 -1
7140 118
7141 118
7142 128
7143 128
7144 -1
7145 -1
7146 -1
7147 -1
7148 66
7149 66
7150 150
7151 150
7152 -1
7153 -1
7154 -1
7155 -1
7156 -1
7157 95
7158 95
7159 86
7160 -1
7161 -1
7162 -1
7163 -1
7164 -1
7165 -1
7166 -1
7167 -1
7168 165
7169 165
7170 24
7171 24
7172 61
7173 61
7174 120
7175 120
7176 -1
7177 -1
7178 129
7179 24
7180 -1
7181 95
7182 -1
7183 126
7184 -1
7185 -1
7186 68
7187 30
7188 30
7189 30
7190 30
7191 30
7192 156
7193 156
7194 156
7195 -1
7196 92
7197 83
7198 52
7199 -1
7200 166
7201 95
7202 36
7203 36
7204 34
7205 -1
7206 86
7207 -1
7208 -1
7209 -1
7210 86
7211 95
7212 95
7213 95
7214 -1
7215 -1
7216 41
7217 41
7218 41
7219 41
7220 41
7221 41
7222 41
7223 41
7224 41
7225 121
7226 -1
7227 36
7228 36
7229 36
7230 36
7231 36
7232 1
7233 1
7234 -1
7235 -1
7236 92
7237 36
7238 36
7239 36
7240 36
7241 -1
7242 -1
7243 -1
7244 -1
7245 -1
7246 -1
7247 52
7248 -1
7249 -1
7250 -1
7251 36
7252 -1
7253 -1
7254 -1
7255 -1
7256 46
7257 120
7258 120
7259 1
7260 1
7261 121
7262 121
7263 1
7264 1
7265 1
7266 2
7267 166
7268 -1
7269 2
7270 -1
7271 148
7272 27
7273 27
7274 27
7275 51
7276 51
7277 51
7278 51
7279 51
7280 -1
7281 -1
7282 -1
7283 -1
7284 -1
7285 -1
7286 -1
7287 -1
7288 -1
7289 -1
7290 145
7291 145
7292 115
7293 115
7294 95
7295 95
7296 -1
7297 68
7298 68
7299 102
7300 -1
7301 41
7302 41
7303 2
7304 41
7305 36
7306 52
7307 52
7308 36
7309 45
7310 45
7311 -1
7312 -1
7313 74
7314 74
7315 74
7316 74
7317 74
7318 74
7319 74
7320 -1
7321 36
7322 36
7323 36
7324 36
7325 36
7326 36
7327 36
7328 36
7329 36
7330 1
7331 36
7332 36
7333 36
7334 36
7335 36
7336 36
7337 36
7338 36
7339 2
7340 36
7341 36
7342 36
7343 36
7344 36
7345 36
7346 36
7347 36
7348 36
7349 36
7350 36
7351 2
7352 2
7353 36
7354 36
7355 36
7356 36
7357 36
7358 -1
7359 -1
7360 -1
7361 -1
7362 -1
7363 -1
7364 -1
7365 -1
7366 -1
7367 -1
7368 61
7369 61
7370 52
7371 52
7372 117
7373 -1
7374 -1
7375 66
7376 66
7377 1
7378 66
7379 -1
7380 2
7381 117
7382 -1
7383 -1
7384 -1
7385 2
7386 97
7387 97
7388 83
7389 83
7390 1
7391 1
7392 1
7393 1
7394 -1
7395 2
7396 1
7397 1
7398 1
7399 1
7400 118
7401 118
7402 -1
7403 144
7404 -1
7405 144
7406 144
7407 29
7408 91
7409 91
7410 91
7411 9
7412 9
7413 9
7414 109
7415 109
7416 109
7417 77
7418 109
7419 109
7420 -1
7421 109
7422 109
7423 86
7424 86
7425 86
7426 -1
7427 57
7428 24
7429 24
7430 166
7431 166
7432 166
7433 166
7434 166
7435 166
7436 -1
7437 -1
7438 162
7439 162
7440 -1
7441 -1
7442 109
7443 109
7444 109
7445 109
7446 -1
7447 -1
7448 -1
7449 -1
7450 -1
7451 -1
7452 -1
7453 -1
7454 105
7455 -1
7456 -1
7457 120
7458 25
7459 25
7460 25
7461 25
7462 25
7463 86
7464 -1
7465 -1
7466 -1
7467 24
7468 24
7469 56
7470 -1
7471 -1
7472 -1
7473 -1
7474 109
7475 109
7476 -1
7477 55
7478 147
7479 101
7480 104
7481 24
7482 150
7483 150
7484 150
7485 150
7486 150
7487 150
7488 115
7489 115
7490 -1
7491 -1
7492 -1
7493 95
7494 95
7495 95
7496 118
7497 118
7498 118
7499 118
7500 156
7501 1
7502 -1
7503 24
7504 129
7505 129
7506 -1
7507 -1
7508 -1
7509 149
7510 59
7511 59
7512 -1
7513 -1
7514 24
7515 138
7516 138
7517 117
7518 117
7519 117
7520 117
7521 114
7522 114
7523 -1
7524 -1
7525 117
7526 117
7527 117
7528 29
7529 29
7530 25
7531 -1
7532 -1
7533 -1
7534 -1
7535 74
7536 74
7537 -1
7538 -1
7539 2
7540 -1
7541 -1
7542 118
7543 2
7544 -1
7545 -1
7546 -1
7547 2
7548 95
7549 -1
7550 -1
7551 83
7552 91
7553 91
7554 91
7555 91
7556 118
7557 118
7558 118
7559 105
7560 105
7561 105
7562 151
7563 -1
7564 -1
7565 -1
7566 53
7567 -1
7568 151
7569 151
7570 151
7571 151
7572 151
7573 -1
7574 -1
7575 9
7576 -1
7577 138
7578 65
7579 -1
7580 -1
7581 1
7582 1
7583 117
7584 117
7585 35
7586 92
7587 -1
7588 55
7589 -1
7590 2
7591 153
7592 153
7593 66
7594 166
7595 55
7596 55
7597 55
7598 81
7599 15
7600 -1
7601 -1
7602 -1
7603 124
7604 -1
7605 134
7606 -1
7607 -1
7608 123
7609 124
7610 123
7611 -1
7612 130
7613 130
7614 118
7615 24
7616 130
7617 -1
7618 -1
7619 -1
7620 -1
7621 -1
7622 -1
7623 95
7624 95
7625 118
7626 120
7627 148
7628 -1
7629 122
7630 -1
7631 -1
7632 117
7633 117
7634 117
7635 -1
7636 101
7637 101
7638 61
7639 61
7640 61
7641 61
7642 -1
7643 135
7644 135
7645 -1
7646 -1
7647 121
7648 1
7649 117
7650 -1
7651 -1
7652 -1
7653 117
7654 117
7655 -1
7656 1
7657 117
7658 -1
7659 -1
7660 146
7661 -1
7662 77
7663 -1
7664 -1
7665 -1
7666 -1
7667 12
7668 -1
7669 59
7670 -1
7671 -1
7672 146
7673 40
7674 40
7675 132
7676 118
7677 132
7678 132
7679 132
7680 132
7681 -1
7682 132
7683 77
7684 -1
7685 -1
7686 -1
7687 -1
7688 -1
7689 1
7690 -1
7691 -1
7692 155
7693 155
7694 -1
7695 100
7696 100
7697 -1
7698 131
7699 -1
7700 -1
7701 -1
7702 -1
7703 134
7704 109
7705 24
7706 24
7707 29
7708 -1
7709 -1
7710 -1
7711 -1
7712 -1
7713 -1
7714 94
7715 89
7716 -1
7717 162
7718 162
7719 -1
7720 -1
7721 -1
7722 7
7723 7
7724 162
7725 162
7726 -1
7727 -1
7728 -1
7729 92
7730 -1
7731 95
7732 93
7733 93
7734 -1
7735 74
7736 -1
7737 -1
7738 -1
7739 -1
7740 -1
7741 118
7742 -1
7743 -1
7744 1
7745 58
7746 -1
7747 95
7748 -1
7749 117
7750 58
7751 58
7752 58
7753 -1
7754 58
7755 117
7756 -1
7757 -1
7758 83
7759 26
7760 96
7761 -1
7762 86
7763 -1
7764 152
7765 -1
7766 1
7767 1
7768 -1
7769 159
7770 -1
7771 -1
7772 159
7773 -1
7774 -1
7775 -1
7776 -1
7777 149
7778 -1
7779 -1
7780 83
7781 -1
7782 -1
7783 -1
7784 61
7785 65
7786 65
7787 -1
7788 -1
7789 -1
7790 -1
7791 -1
7792 -1
7793 -1
7794 65
7795 65
7796 65
7797 1
7798 1
7799 1
7800 1
7801 1
7802 65
7803 1
7804 1
7805 65
7806 -1
7807 -1
7808 -1
7809 162
7810 1
7811 162
7812 -1
7813 1
7814 -1
7815 88
7816 88
7817 1
7818 88
7819 88
7820 1
7821 88
7822 88
7823 -1
7824 -1
7825 147
7826 29
7827 24
7828 154
7829 154
7830 154
7831 -1
7832 -1
7833 1
7834 1
7835 -1
7836 -1
7837 -1
7838 -1
7839 154
7840 154
7841 82
7842 -1
7843 -1
7844 1
7845 -1
7846 -1
7847 -1
7848 -1
7849 123
7850 123
7851 123
7852 123
7853 145
7854 -1
7855 -1
7856 -1
7857 1
7858 -1
7859 1
7860 125
7861 -1
7862 118
7863 -1
7864 117
7865 162
7866 -1
7867 117
7868 117
7869 -1
7870 32
7871 65
7872 65
7873 65
7874 65
7875 -1
7876 136
7877 135
7878 -1
7879 24
7880 -1
7881 -1
7882 -1
7883 68
7884 -1
7885 -1
7886 -1
7887 70
7888 70
7889 78
7890 78
7891 78
7892 78
7893 102
7894 -1
7895 143
7896 24
7897 74
7898 120
7899 -1
7900 2
7901 2
7902 166
7903 45
7904 166
7905 -1
7906 45
7907 166
7908 166
7909 166
7910 34
7911 -1
7912 -1
7913 -1
7914 1
7915 93
7916 93
7917 93
7918 -1
7919 92
7920 -1
7921 1
7922 95
7923 95
7924 95
7925 95
7926 -1
7927 120
7928 -1
7929 114
7930 -1
7931 -1
7932 -1
7933 -1
7934 -1
7935 -1
7936 -1
7937 -1
7938 -1
7939 -1
7940 -1
7941 -1
7942 66
7943 93
7944 24
7945 25
7946 1
7947 104
7948 95
7949 45
7950 45
7951 -1
7952 156
7953 92
7954 92
7955 85
7956 85
7957 85
7958 -1
7959 -1
7960 -1
7961 -1
7962 -1
7963 -1
7964 -1
7965 132
7966 -1
7967 85
7968 33
7969 85
7970 -1
7971 62
7972 -1
7973 -1
7974 -1
7975 101
7976 119
7977 -1
7978 143
7979 -1
7980 83
7981 59
7982 -1
7983 165
7984 133
7985 133
7986 1
7987 133
7988 -1
7989 83
7990 1
7991 74
7992 74
7993 74
7994 74
7995 74
7996 -1
7997 74
7998 120
7999 -1
8000 -1
8001 -1
8002 -1
8003 -1
8004 -1
8005 66
8006 -1
8007 95
8008 95
8009 95
8010 151
8011 -1
8012 -1
8013 -1
8014 -1
8015 -1
8016 -1
8017 -1
8018 5
8019 5
8020 5
8021 -1
8022 5
8023 5
8024 1
8025 -1
8026 5
8027 5
8028 -1
8029 -1
8030 -1
8031 143
8032 137
8033 138
8034 102
8035 -1
8036 -1
8037 -1
8038 -1
8039 2
8040 2
8041 -1
8042 -1
8043 -1
8044 102
8045 -1
8046 142
8047 1
8048 1
8049 75
8050 78
8051 166
8052 -1
8053 45
8054 -1
8055 9
8056 9
8057 9
8058 -1
8059 -1
8060 -1
8061 -1
8062 -1
8063 1
8064 9
8065 65
8066 65
8067 -1
8068 -1
8069 24
8070 166
8071 52
8072 52
8073 138
8074 138
8075 -1
8076 -1
8077 -1
8078 65
8079 -1
8080 9
8081 118
8082 94
8083 94
8084 94
8085 83
8086 146
8087 95
8088 95
8089 -1
8090 95
8091 95
8092 82
8093 -1
8094 -1
8095 -1
8096 -1
8097 61
8098 52
8099 95
8100 91
8101 92
8102 -1
8103 65
8104 65
8105 144
8106 2
8107 146
8108 95
8109 1
8110 -1
8111 -1
8112 -1
8113 59
8114 149
8115 -1
8116 101
8117 -1
8118 -1
8119 9
8120 1
8121 101
8122 101
8123 160
8124 83
8125 83
8126 -1
8127 69
8128 134
8129 147
8130 95
8131 -1
8132 24
8133 147
8134 147
8135 -1
8136 -1
8137 -1
8138 83
8139 -1
8140 2
8141 2
8142 -1
8143 2
8144 2
8145 95
8146 -1
8147 -1
8148 118
8149 61
8150 18
8151 -1
8152 121
8153 -1
8154 -1
8155 133
8156 -1
8157 -1
8158 2
8159 66
8160 29
8161 55
8162 83
8163 -1
8164 1
8165 -1
8166 -1
8167 -1
8168 1
8169 -1
8170 30
8171 61
8172 157
8173 118
8174 -1
8175 -1
8176 -1
8177 105
8178 27
8179 -1
8180 -1
8181 -1
8182 -1
8183 -1
8184 91
8185 -1
8186 -1
8187 -1
8188 153
8189 65
8190 24
8191 133
8192 -1
8193 160
8194 36
8195 65
8196 145
8197 114
8198 137
8199 52
8200 -1
8201 24
8202 -1
8203 159
8204 89
8205 -1
8206 -1
8207 -1
8208 -1
8209 123
8210 -1
8211 127
8212 31
8213 166
8214 52
8215 84
8216 117
8217 -1
8218 -1
8219 -1
8220 -1
8221 -1
8222 -1
8223 107
8224 130
8225 51
8226 -1
8227 -1
8228 84
8229 -1
8230 82
8231 68
8232 120
8233 -1
8234 -1
8235 -1
8236 24
8237 68
8238 -1
8239 1
8240 -1
8241 -1
8242 24
8243 -1
8244 24
8245 52
8246 45
8247 -1
8248 25
8249 95
8250 92
8251 92
8252 -1
8253 118
8254 -1
8255 -1
8256 -1
8257 -1
8258 1
8259 1
8260 82
8261 17
8262 17
8263 17
8264 17
8265 17
8266 17
8267 17
8268 17
8269 17
8270 17
8271 17
8272 17
8273 17
8274 17
8275 17
8276 17
8277 17
8278 17
8279 17
8280 17
8281 17
8282 17
8283 17
8284 17
8285 17
8286 17
8287 17
8288 17
8289 2
8290 17
8291 17
8292 17
8293 17
8294 17
8295 17
8296 17
8297 17
8298 17
8299 17
8300 17
8301 17
8302 17
8303 17
8304 1
8305 1
8306 17
8307 17
8308 1
8309 1
8310 1
8311 1
8312 1
8313 1
8314 1
8315 1
8316 1
8317 1
8318 1
8319 17
8320 17
8321 17
8322 17
8323 17
8324 17
8325 17
8326 17
8327 17
8328 17
8329 17
8330 150
8331 52
8332 147
8333 134
8334 136
8335 17
8336 95
8337 -1
8338 -1
8339 33
8340 33
8341 69
8342 -1
8343 74
8344 156
8345 161
8346 -1
8347 147
8348 24
8349 82
8350 -1
8351 118
8352 165
8353 -1
8354 -1
8355 133
8356 -1
8357 -1
8358 86
8359 -1
8360 129
8361 -1
8362 26
8363 -1
8364 135
8365 153
8366 -1
8367 45
8368 -1
8369 -1
8370 95
8371 95
8372 95
8373 1
8374 1
8375 1
8376 1
8377 1
8378 1
8379 1
8380 -1
8381 -1
8382 -1
8383 -1
8384 151
8385 120
8386 -1
8387 140
8388 41
8389 -1
8390 1
8391 1
8392 1
8393 -1
8394 -1
8395 1
8396 1
8397 1
8398 53
8399 24
8400 -1
8401 119
8402 150
8403 119
8404 1
8405 86
8406 120
8407 86
8408 126
8409 160
8410 61
8411 61
8412 91
8413 -1
8414 34
8415 84
8416 84
8417 45
8418 45
8419 105
8420 30
8421 -1
8422 1
8423 -1
8424 -1
8425 162
8426 1
8427 -1
8428 1
8429 -1
8430 89
8431 -1
8432 74
8433 -1
8434 32
8435 83
8436 71
8437 71
8438 71
8439 -1
8440 70
8441 63
8442 -1
8443 166
8444 -1
8445 136
8446 136
8447 -1
8448 -1
8449 -1
8450 -1
8451 16
8452 16
8453 1
8454 15
8455 -1
8456 -1
8457 -1
8458 123
8459 -1
8460 2
8461 -1
8462 -1
8463 -1
8464 95
8465 129
8466 129
8467 -1
8468 -1
8469 -1
8470 -1
8471 -1
8472 -1
8473 -1
8474 92
8475 82
8476 154
8477 -1
8478 15
8479 -1
8480 2
8481 -1
8482 -1
8483 24
8484 68
8485 -1
8486 2
8487 134
8488 134
8489 143
8490 -1
8491 31
8492 132
8493 -1
8494 156
8495 -1
8496 -1
8497 -1
8498 95
8499 130
8500 -1
8501 -1
8502 149
8503 108
8504 16
8505 16
8506 16
8507 16
8508 16
8509 16
8510 16
8511 -1
8512 16
8513 16
8514 16
8515 16
8516 16
8517 16
8518 16
8519 16
8520 16
8521 16
8522 16
8523 16
8524 16
8525 16
8526 16
8527 16
8528 16
8529 -1
8530 16
8531 16
8532 16
8533 14
8534 14
8535 16
8536 16
8537 16
8538 16
8539 16
8540 16
8541 16
8542 16
8543 16
8544 16
8545 16
8546 16
8547 16
8548 -1
8549 16
8550 16
8551 16
8552 16
8553 16
8554 16
8555 16
8556 16
8557 16
8558 16
8559 16
8560 16
8561 114
8562 114
8563 16
8564 16
8565 16
8566 16
8567 16
8568 16
8569 16
8570 16
8571 16
8572 16
8573 16
8574 16
8575 16
8576 16
8577 16
8578 16
8579 16
8580 16
8581 16
8582 16
8583 16
8584 16
8585 16
8586 16
8587 16
8588 16
8589 16
8590 16
8591 16
8592 16
8593 -1
8594 -1
8595 16
8596 59
8597 16
8598 16
8599 16
8600 16
8601 16
8602 16
8603 16
8604 16
8605 16
8606 16
8607 16
8608 16
8609 16
8610 15
8611 15
8612 15
8613 15
8614 15
8615 15
8616 15
8617 15
8618 15
8619 15
8620 15
8621 15
8622 15
8623 1
8624 1
8625 1
8626 45
8627 45
8628 1
8629 1
8630 1
8631 95
8632 141
8633 146
8634 18
8635 -1
8636 29
8637 -1
8638 75
8639 18
8640 18
8641 18
8642 -1
8643 -1
8644 55
8645 156
8646 24
8647 -1
8648 -1
8649 -1
8650 120
8651 120
8652 120
8653 120
8654 120
8655 95
8656 134
8657 85
8658 85
8659 -1
8660 83
8661 32
8662 1
8663 102
8664 1
8665 130
8666 -1
8667 -1
8668 -1
8669 94
8670 83
8671 55
8672 63
8673 149
8674 -1
8675 -1
8676 130
8677 82
8678 97
8679 38
8680 83
8681 160
8682 104
8683 -1
8684 -1
8685 -1
8686 -1
8687 41
8688 41
8689 -1
8690 -1
8691 95
8692 -1
8693 118
8694 -1
8695 118
8696 -1
8697 166
8698 133
8699 85
8700 -1
8701 160
8702 160
8703 160
8704 32
8705 -1
8706 -1
8707 -1
8708 -1
8709 -1
8710 161
8711 -1
8712 -1
8713 146
8714 146
8715 101
8716 101
8717 -1
8718 -1
8719 -1
8720 -1
8721 161
8722 83
8723 83
8724 46
8725 102
8726 -1
8727 -1
8728 136
8729 24
8730 -1
8731 -1
8732 -1
8733 -1
8734 83
8735 -1
8736 18
8737 86
8738 86
8739 -1
8740 86
8741 18
8742 -1
8743 85
8744 137
8745 24
8746 126
8747 120
8748 -1
8749 24
8750 29
8751 18
8752 143
8753 -1
8754 74
8755 52
8756 -1
8757 123
8758 -1
8759 -1
8760 -1
8761 15
8762 91
8763 91
8764 49
8765 49
8766 15
8767 15
8768 15
8769 15
8770 15
8771 -1
8772 -1
8773 -1
8774 55
8775 -1
8776 -1
8777 18
8778 18
8779 49
8780 1
8781 49
8782 49
8783 95
8784 -1
8785 49
8786 49
8787 49
8788 49
8789 1
8790 1
8791 1
8792 24
8793 68
8794 86
8795 86
8796 78
8797 157
8798 27
8799 61
8800 24
8801 118
8802 166
8803 -1
8804 -1
8805 -1
8806 2
8807 118
8808 161
8809 95
8810 95
8811 95
8812 115
8813 77
8814 105
8815 160
8816 -1
8817 146
8818 146
8819 154
8820 -1
8821 1
8822 1
8823 120
8824 30
8825 1
8826 120
8827 59
8828 -1
8829 -1
8830 -1
8831 154
8832 132
8833 2
8834 118
8835 83
8836 68
8837 -1
8838 -1
8839 -1
8840 89
8841 -1
8842 1
8843 -1
8844 1
8845 -1
8846 118
8847 118
8848 53
8849 24
8850 68
8851 1
8852 -1
8853 134
8854 25
8855 130
8856 133
8857 -1
8858 1
8859 -1
8860 1
8861 -1
8862 -1
8863 147
8864 -1
8865 156
8866 24
8867 -1
8868 -1
8869 -1
8870 -1
8871 1
8872 156
8873 32
8874 59
8875 107
8876 107
8877 107
8878 -1
8879 154
8880 -1
8881 24
8882 166
8883 46
8884 24
8885 107
8886 107
8887 107
8888 107
8889 107
8890 107
8891 107
8892 107
8893 107
8894 107
8895 118
8896 77
8897 107
8898 118
8899 20
8900 156
8901 46
8902 150
8903 149
8904 149
8905 122
8906 122
8907 122
8908 -1
8909 162
8910 -1
8911 -1
8912 62
8913 136
8914 -1
8915 -1
8916 104
8917 49
8918 49
8919 33
8920 49
8921 -1
8922 -1
8923 -1
8924 49
8925 -1
8926 -1
8927 83
8928 137
8929 95
8930 95
8931 95
8932 95
8933 95
8934 95
8935 -1
8936 49
8937 -1
8938 49
8939 15
8940 15
8941 15
8942 15
8943 15
8944 15
8945 15
8946 15
8947 15
8948 15
8949 15
8950 15
8951 15
8952 15
8953 15
8954 15
8955 15
8956 15
8957 15
8958 15
8959 15
8960 15
8961 15
8962 15
8963 15
8964 15
8965 15
8966 15
8967 15
8968 15
8969 15
8970 15
8971 15
8972 15
8973 15
8974 15
8975 15
8976 15
8977 15
8978 15
8979 15
8980 15
8981 1
8982 1
8983 15
8984 1
8985 1
8986 15
8987 15
8988 15
8989 15
8990 15
8991 1
8992 15
8993 15
8994 15
8995 15
8996 15
8997 15
8998 15
8999 15
9000 15
9001 15
9002 15
9003 1
9004 15
9005 15
9006 15
9007 77
9008 15
9009 15
9010 15
9011 15
9012 15
9013 15
9014 15
9015 15
9016 15
9017 15
9018 15
9019 15
9020 15
9021 15
9022 15
9023 15
9024 15
9025 15
9026 15
9027 15
9028 15
9029 1
9030 15
9031 15
9032 15
9033 15
9034 15
9035 1
9036 15
9037 15
9038 15
9039 15
9040 15
9041 15
9042 15
9043 15
9044 15
9045 15
9046 1
9047 15
9048 15
9049 15
9050 15
9051 15
9052 15
9053 15
9054 15
9055 15
9056 15
9057 15
9058 15
9059 15
9060 15
9061 15
9062 15
9063 15
9064 15
9065 15
9066 15
9067 15
9068 15
9069 15
9070 1
9071 15
9072 15
9073 15
9074 15
9075 15
9076 15
9077 15
9078 15
9079 15
9080 15
9081 1
9082 15
9083 2
9084 15
9085 15
9086 15
9087 15
9088 15
9089 15
9090 15
9091 15
9092 15
9093 15
9094 15
9095 77
9096 15
9097 15
9098 15
9099 15
9100 15
9101 15
9102 15
9103 15
9104 15
9105 15
9106 15
9107 15
9108 15
9109 15
9110 15
9111 15
9112 15
9113 15
9114 15
9115 15
9116 15
9117 15
9118 15
9119 15
9120 15
9121 15
9122 15
9123 15
9124 15
9125 15
9126 15
9127 15
9128 15
9129 15
9130 15
9131 15
9132 15
9133 15
9134 15
9135 15
9136 15
9137 15
9138 15
9139 15
9140 15
9141 15
9142 15
9143 15
9144 15
9145 15
9146 15
9147 15
9148 15
9149 15
9150 15
9151 15
9152 15
9153 15
9154 15
9155 15
9156 15
9157 15
9158 15
9159 15
9160 15
9161 15
9162 15
9163 15
9164 15
9165 15
9166 15
9167 15
9168 15
9169 15
9170 15
9171 15
9172 15
9173 15
9174 15
9175 15
9176 15
9177 15
9178 15
9179 15
9180 15
9181 15
9182 15
9183 15
9184 15
9185 15
9186 15
9187 15
9188 15
9189 15
9190 15
9191 15
9192 15
9193 15
9194 15
9195 15
9196 15
9197 15
9198 15
9199 15
9200 15
9201 15
9202 15
9203 2
9204 2
9205 2
9206 2
9207 2
9208 15
9209 15
9210 15
9211 15
9212 15
9213 15
9214 15
9215 15
9216 15
9217 15
9218 15
9219 15
9220 15
9221 15
9222 15
9223 15
9224 29
9225 -1
9226 15
9227 15
9228 15
9229 15
9230 15
9231 15
9232 18
9233 18
9234 118
9235 118
9236 15
9237 15
9238 15
9239 15
9240 15
9241 15
9242 15
9243 15
9244 15
9245 15
9246 15
9247 15
9248 15
9249 15
9250 15
9251 15
9252 15
9253 15
9254 15
9255 15
9256 15
9257 15
9258 15
9259 15
9260 15
9261 15
9262 15
9263 15
9264 15
9265 15
9266 15
9267 15
9268 15
9269 15
9270 15
9271 15
9272 15
9273 15
9274 15
9275 15
9276 15
9277 15
9278 15
9279 15
9280 15
9281 15
9282 15
9283 15
9284 15
9285 15
9286 15
9287 15
9288 15
9289 15
9290 15
9291 15
9292 15
9293 15
9294 15
9295 15
9296 15
9297 15
9298 15
9299 15
9300 15
9301 15
9302 15
9303 15
9304 15
9305 15
9306 15
9307 15
9308 15
9309 15
9310 15
9311 15
9312 15
9313 15
9314 15
9315 15
9316 15
9317 15
9318 15
9319 15
9320 15
9321 101
9322 15
9323 15
9324 15
9325 15
9326 15
9327 15
9328 92
9329 15
9330 15
9331 15
9332 15
9333 15
9334 15
9335 15
9336 15
9337 15
9338 15
9339 15
9340 15
9341 15
9342 15
9343 15
9344 15
9345 15
9346 15
9347 15
9348 15
9349 15
9350 15
9351 15
9352 15
9353 15
9354 15
9355 15
9356 15
9357 15
9358 15
9359 15
9360 15
9361 15
9362 15
9363 15
9364 15
9365 15
9366 15
9367 15
9368 15
9369 15
9370 62
9371 15
9372 15
9373 15
9374 15
9375 15
9376 15
9377 -1
9378 15
9379 15
9380 15
9381 15
9382 15
9383 15
9384 15
9385 15
9386 15
9387 15
9388 15
9389 15
9390 15
9391 15
9392 15
9393 147
9394 14
9395 14
9396 14
9397 2
9398 2
9399 14
9400 14
9401 14
9402 14
9403 14
9404 14
9405 14
9406 14
9407 14
9408 14
9409 14
9410 14
9411 14
9412 14
9413 14
9414 14
9415 14
9416 14
9417 14
9418 14
9419 14
9420 77
9421 77
9422 14
9423 14
9424 14
9425 14
9426 14
9427 15
9428 -1
9429 151
9430 1
9431 1
9432 133
9433 -1
9434 -1
9435 7
9436 -1
9437 2
9438 -1
9439 91
9440 -1
9441 91
9442 117
9443 -1
9444 -1
9445 46
9446 84
9447 115
9448 75
9449 148
9450 -1
9451 120
9452 -1
9453 2
9454 49
9455 -1
9456 89
9457 86
9458 154
9459 156
9460 -1
9461 -1
9462 -1
9463 2
9464 83
9465 -1
9466 83
9467 104
9468 25
9469 118
9470 16
9471 52
9472 123
9473 1
9474 83
9475 2
9476 2
9477 100
9478 -1
9479 113
9480 -1
9481 -1
9482 -1
9483 -1
9484 117
9485 117
9486 45
9487 156
9488 -1
9489 147
9490 150
9491 -1
9492 136
9493 -1
9494 -1
9495 -1
9496 -1
9497 146
9498 -1
9499 -1
9500 118
9501 118
9502 -1
9503 -1
9504 -1
9505 -1
9506 117
9507 -1
9508 -1
9509 125
9510 -1
9511 -1
9512 33
9513 68
9514 136
9515 -1
9516 -1
9517 -1
9518 -1
9519 83
9520 -1
9521 120
9522 -1
9523 84
9524 138
9525 32
9526 -1
9527 166
9528 18
9529 147
9530 2
9531 101
9532 -1
9533 30
9534 -1
9535 68
9536 1
9537 -1
9538 -1
9539 -1
9540 -1
9541 95
9542 151
9543 -1
9544 117
9545 83
9546 -1
9547 1
9548 117
9549 95
9550 95
9551 -1
9552 102
9553 -1
9554 166
9555 24
9556 92
9557 56
9558 -1
9559 136
9560 25
9561 -1
9562 136
9563 135
9564 135
9565 -1
9566 -1
9567 61
9568 24
9569 -1
9570 162
9571 -1
9572 -1
9573 -1
9574 1
9575 -1
9576 110
9577 130
9578 -1
9579 -1
9580 31
9581 118
9582 133
9583 89
9584 -1
9585 -1
9586 -1
9587 -1
9588 159
9589 83
9590 2
9591 -1
9592 75
9593 -1
9594 1
9595 -1
9596 137
9597 83
9598 66
9599 49
9600 49
9601 -1
9602 120
9603 74
9604 74
9605 -1
9606 45
9607 45
9608 133
9609 60
9610 60
9611 60
9612 60
9613 2
9614 60
9615 60
9616 60
9617 2
9618 2
9619 2
9620 2
9621 60
9622 -1
9623 60
9624 60
9625 60
9626 118
9627 25
9628 -1
9629 25
9630 16
9631 25
9632 25
9633 25
9634 25
9635 25
9636 25
9637 25
9638 2
9639 2
9640 2
9641 2
9642 25
9643 25
9644 25
9645 -1
9646 25
9647 25
9648 25
9649 2
9650 25
9651 2
9652 25
9653 146
9654 -1
9655 -1
9656 118
9657 1
9658 1
9659 1
9660 1
9661 1
9662 1
9663 1
9664 1
9665 1
9666 1
9667 122
9668 -1
9669 -1
9670 -1
9671 -1
9672 -1
9673 -1
9674 -1
9675 -1
9676 -1
9677 -1
9678 -1
9679 -1
9680 -1
9681 32
9682 32
9683 166
9684 117
9685 -1
9686 89
9687 133
9688 133
9689 118
9690 147
9691 -1
9692 -1
9693 118
9694 18
9695 2
9696 2
9697 -1
9698 1
9699 1
9700 152
9701 -1
9702 33
9703 -1
9704 118
9705 -1
9706 24
9707 -1
9708 45
9709 82
9710 136
9711 -1
9712 -1
9713 -1
9714 -1
9715 -1
9716 147
9717 154
9718 136
9719 136
9720 135
9721 153
9722 160
9723 146
9724 94
9725 94
9726 143
9727 63
9728 1
9729 118
9730 166
9731 118
9732 120
9733 149
9734 130
9735 -1
9736 -1
9737 -1
9738 -1
9739 -1
9740 2
9741 86
9742 9
9743 -1
9744 165
9745 -1
9746 45
9747 2
9748 45
9749 114
9750 144
9751 104
9752 156
9753 -1
9754 -1
9755 165
9756 85
9757 102
9758 83
9759 -1
9760 131
9761 77
9762 -1
9763 -1
9764 107
9765 24
9766 -1
9767 -1
9768 129
9769 -1
9770 -1
9771 132
9772 50
9773 -1
9774 -1
9775 -1
9776 -1
9777 -1
9778 -1
9779 135
9780 135
9781 52
9782 56
9783 1
9784 -1
9785 -1
9786 -1
9787 24
9788 -1
9789 49
9790 49
9791 -1
9792 52
9793 89
9794 146
9795 -1
9796 83
9797 118
9798 105
9799 118
9800 118
9801 66
9802 -1
9803 49
9804 83
9805 138
9806 -1
9807 -1
9808 128
9809 1
9810 88
9811 -1
9812 73
9813 73
9814 73
9815 1
9816 88
9817 88
9818 -1
9819 1
9820 15
9821 1
9822 1
9823 15
9824 15
9825 1
9826 15
9827 1
9828 1
9829 1
9830 1
9831 15
9832 15
9833 15
9834 15
9835 1
9836 15
9837 15
9838 15
9839 1
9840 15
9841 15
9842 15
9843 15
9844 15
9845 1
9846 15
9847 15
9848 15
9849 15
9850 1
9851 1
9852 31
9853 -1
9854 107
9855 -1
9856 -1
9857 -1
9858 147
9859 118
9860 -1
9861 85
9862 -1
9863 85
9864 166
9865 -1
9866 30
9867 -1
9868 141
9869 1
9870 -1
9871 153
9872 107
9873 107
9874 19
9875 2
9876 -1
9877 9
9878 9
9879 46
9880 147
9881 -1
9882 -1
9883 -1
9884 104
9885 102
9886 -1
9887 134
9888 134
9889 110
9890 55
9891 32
9892 -1
9893 -1
9894 -1
9895 -1
9896 -1
9897 49
9898 94
9899 -1
9900 49
9901 49
9902 -1
9903 -1
9904 -1
9905 -1
9906 149
9907 -1
9908 52
9909 140
9910 140
9911 66
9912 157
9913 -1
9914 -1
9915 -1
9916 49
9917 -1
9918 -1
9919 -1
9920 -1
9921 1
9922 33
9923 31
9924 31
9925 25
9926 -1
9927 -1
9928 48
9929 -1
9930 -1
9931 5
9932 117
9933 117
9934 118
9935 97
9936 95
9937 95
9938 95
9939 95
9940 95
9941 95
9942 98
9943 98
9944 -1
9945 2
9946 2
9947 -1
9948 98
9949 1
9950 1
9951 -1
9952 78
9953 78
9954 1
9955 1
9956 150
9957 150
9958 143
9959 48
9960 48
9961 48
9962 1
9963 -1
9964 -1
9965 -1
9966 49
9967 49
9968 49
9969 49
9970 102
9971 -1
9972 148
9973 89
9974 49
9975 78
9976 49
9977 107
9978 33
9979 29
9980 166
9981 -1
9982 1
9983 2
9984 66
9985 2
9986 153
9987 86
9988 153
9989 133
9990 -1
9991 -1
9992 26
9993 153
9994 49
9995 -1
9996 46
9997 -1
9998 49
9999 18
10000 18
10001 18
10002 18
10003 18
10004 18
10005 18
10006 18
10007 18
10008 49
10009 18
10010 18
10011 49
10012 1
10013 18
10014 18
10015 -1
10016 -1
10017 -1
10018 18
10019 18
10020 2
10021 1
10022 18
10023 -1
10024 27
10025 135
10026 2
10027 82
10028 -1
10029 49
10030 49
10031 1
10032 136
10033 2
10034 83
10035 93
10036 83
10037 -1
10038 136
10039 -1
10040 -1
10041 89
10042 71
10043 -1
10044 2
10045 2
10046 -1
10047 92
10048 117
10049 117
10050 96
10051 117
10052 95
10053 95
10054 95
10055 95
10056 95
10057 95
10058 95
10059 95
10060 1
10061 1
10062 -1
10063 1
10064 -1
10065 2
10066 149
10067 -1
10068 -1
10069 2
10070 89
10071 -1
10072 -1
10073 -1
10074 2
10075 66
10076 89
10077 66
10078 139
10079 139
10080 57
10081 73
10082 73
10083 -1
10084 24
10085 -1
10086 49
10087 -1
10088 89
10089 77
10090 -1
10091 -1
10092 93
10093 1
10094 93
10095 86
10096 77
10097 107
10098 156
10099 108
10100 59
10101 -1
10102 102
10103 2
10104 166
10105 117
10106 115
10107 162
10108 83
10109 -1
10110 45
10111 93
10112 107
10113 83
10114 83
10115 -1
10116 -1
10117 68
10118 161
10119 -1
10120 1
10121 1
10122 1
10123 -1
10124 -1
10125 1
10126 -1
10127 -1
10128 2
10129 -1
10130 -1
10131 29
10132 163
10133 -1
10134 -1
10135 52
10136 48
10137 1
10138 -1
10139 78
10140 57
10141 71
10142 1
10143 74
10144 106
10145 147
10146 147
10147 24
10148 117
10149 74
10150 -1
10151 48
10152 -1
10153 -1
10154 1
10155 -1
10156 -1
10157 43
10158 120
10159 102
10160 -1
10161 33
10162 -1
10163 -1
10164 -1
10165 -1
10166 153
10167 153
10168 -1
10169 2
10170 1
10171 -1
10172 2
10173 138
10174 2
10175 -1
10176 -1
10177 115
10178 61
10179 74
10180 -1
10181 1
10182 -1
10183 133
10184 122
10185 52
10186 -1
10187 -1
10188 149
10189 144
10190 1
10191 -1
10192 -1
10193 1
10194 48
10195 -1
10196 -1
10197 -1
10198 -1
10199 -1
10200 138
10201 143
10202 69
10203 -1
10204 159
10205 -1
10206 18
10207 18
10208 92
10209 1
10210 -1
10211 1
10212 91
10213 93
10214 45
10215 117
10216 118
10217 1
10218 1
10219 1
10220 86
10221 86
10222 1
10223 1
10224 1
10225 1
10226 1
10227 147
10228 117
10229 -1
10230 -1
10231 86
10232 -1
10233 31
10234 15
10235 77
10236 -1
10237 -1
10238 147
10239 147
10240 101
10241 82
10242 140
10243 89
10244 -1
10245 -1
10246 77
10247 -1
10248 -1
10249 64
10250 -1
10251 -1
10252 157
10253 -1
10254 2
10255 2
10256 162
10257 162
10258 2
10259 49
10260 -1
10261 -1
10262 -1
10263 34
10264 2
10265 107
10266 126
10267 77
10268 1
10269 162
10270 1
10271 2
10272 -1
10273 118
10274 -1
10275 1
10276 1
10277 -1
10278 64
10279 -1
10280 -1
10281 77
10282 -1
10283 -1
10284 52
10285 24
10286 -1
10287 138
10288 126
10289 133
10290 162
10291 2
10292 60
10293 -1
10294 130
10295 -1
10296 -1
10297 162
10298 -1
10299 29
10300 29
10301 29
10302 29
10303 -1
10304 -1
10305 83
10306 114
10307 122
10308 123
10309 146
10310 146
10311 146
10312 -1
10313 -1
10314 -1
10315 64
10316 107
10317 64
10318 64
10319 -1
10320 68
10321 77
10322 77
10323 68
10324 68
10325 -1
10326 -1
10327 -1
10328 -1
10329 -1
10330 -1
10331 -1
10332 -1
10333 -1
10334 2
10335 89
10336 55
10337 159
10338 -1
10339 -1
10340 -1
10341 26
10342 -1
10343 -1
10344 55
10345 -1
10346 -1
10347 -1
10348 93
10349 1
10350 1
10351 1
10352 1
10353 -1
10354 83
10355 2
10356 2
10357 48
10358 -1
10359 -1
10360 153
10361 -1
10362 131
10363 65
10364 -1
10365 77
10366 2
10367 118
10368 -1
10369 -1
10370 -1
10371 64
10372 117
10373 -1
10374 -1
10375 -1
10376 -1
10377 -1
10378 -1
10379 -1
10380 -1
10381 -1
10382 -1
10383 -1
10384 1
10385 1
10386 1
10387 32
10388 32
10389 84
10390 84
10391 -1
10392 -1
10393 1
10394 77
10395 68
10396 117
10397 -1
10398 126
10399 -1
10400 95
10401 95
10402 1
10403 118
10404 -1
10405 118
10406 105
10407 54
10408 54
10409 54
10410 54
10411 54
10412 54
10413 1
10414 1
10415 54
10416 1
10417 54
10418 54
10419 54
10420 52
10421 54
10422 151
10423 -1
10424 54
10425 54
10426 54
10427 -1
10428 -1
10429 -1
10430 -1
10431 24
10432 24
10433 132
10434 -1
10435 -1
10436 83
10437 -1
10438 -1
10439 1
10440 117
10441 77
10442 77
10443 -1
10444 -1
10445 -1
10446 24
10447 -1
10448 -1
10449 -1
10450 77
10451 83
10452 117
10453 -1
10454 -1
10455 -1
10456 106
10457 52
10458 1
10459 -1
10460 52
10461 24
10462 52
10463 -1
10464 24
10465 126
10466 126
10467 86
10468 102
10469 102
10470 -1
10471 112
10472 112
10473 112
10474 118
10475 118
10476 -1
10477 -1
10478 -1
10479 -1
10480 -1
10481 -1
10482 -1
10483 -1
10484 -1
10485 -1
10486 -1
10487 22
10488 22
10489 22
10490 22
10491 22
10492 22
10493 22
10494 22
10495 22
10496 22
10497 22
10498 22
10499 22
10500 22
10501 22
10502 9
10503 9
10504 22
10505 22
10506 9
10507 9
10508 2
10509 2
10510 9
10511 9
10512 22
10513 22
10514 22
10515 22
10516 22
10517 22
10518 22
10519 22
10520 22
10521 22
10522 22
10523 22
10524 22
10525 22
10526 22
10527 22
10528 22
10529 22
10530 22
10531 22
10532 22
10533 22
10534 22
10535 22
10536 22
10537 22
10538 22
10539 22
10540 22
10541 22
10542 -1
10543 118
10544 147
10545 113
10546 113
10547 -1
10548 -1
10549 89
10550 83
10551 84
10552 89
10553 83
10554 25
10555 62
10556 24
10557 2
10558 24
10559 77
10560 -1
10561 19
10562 -1
10563 19
10564 19
10565 19
10566 19
10567 117
10568 2
10569 -1
10570 30
10571 30
10572 1
10573 83
10574 9
10575 -1
10576 -1
10577 -1
10578 1
10579 18
10580 -1
10581 -1
10582 -1
10583 -1
10584 89
10585 70
10586 70
10587 -1
10588 86
10589 151
10590 -1
10591 1
10592 -1
10593 27
10594 27
10595 1
10596 117
10597 95
10598 49
10599 49
10600 61
10601 107
10602 107
10603 120
10604 108
10605 133
10606 133
10607 117
10608 52
10609 52
10610 -1
10611 28
10612 5
10613 5
10614 5
10615 5
10616 5
10617 5
10618 5
10619 77
10620 -1
10621 -1
10622 -1
10623 153
10624 1
10625 -1
10626 1
10627 1
10628 1
10629 -1
10630 -1
10631 -1
10632 1
10633 1
10634 1
10635 1
10636 1
10637 1
10638 -1
10639 66
10640 77
10641 86
10642 66
10643 -1
10644 138
10645 120
10646 -1
10647 -1
10648 -1
10649 -1
10650 -1
10651 -1
10652 126
10653 133
10654 24
10655 -1
10656 -1
10657 117
10658 117
10659 117
10660 117
10661 -1
10662 117
10663 -1
10664 141
10665 112
10666 112
10667 -1
10668 1
10669 1
10670 -1
10671 156
10672 117
10673 -1
10674 28
10675 54
10676 54
10677 54
10678 54
10679 54
10680 54
10681 32
10682 -1
10683 59
10684 105
10685 117
10686 105
10687 -1
10688 105
10689 41
10690 114
10691 114
10692 1
10693 114
10694 -1
10695 -1
10696 162
10697 -1
10698 -1
10699 -1
10700 114
10701 83
10702 -1
10703 117
10704 117
10705 117
10706 117
10707 117
10708 1
10709 117
10710 150
10711 157
10712 -1
10713 -1
10714 -1
10715 -1
10716 120
10717 -1
10718 -1
10719 -1
10720 -1
10721 24
10722 24
10723 24
10724 120
10725 94
10726 1
10727 77
10728 94
10729 94
10730 77
10731 -1
10732 95
10733 95
10734 95
10735 95
10736 94
10737 24
10738 118
10739 126
10740 88
10741 28
10742 28
10743 38
10744 38
10745 102
10746 2
10747 2
10748 2
10749 -1
10750 -1
10751 117
10752 117
10753 117
10754 77
10755 117
10756 117
10757 117
10758 117
10759 117
10760 117
10761 117
10762 -1
10763 77
10764 52
10765 157
10766 117
10767 117
10768 113
10769 -1
10770 -1
10771 33
10772 113
10773 48
10774 126
10775 69
10776 -1
10777 -1
10778 -1
10779 69
10780 117
10781 117
10782 1
10783 118
10784 66
10785 1
10786 -1
10787 117
10788 117
10789 -1
10790 -1
10791 -1
10792 -1
10793 -1
10794 -1
10795 138
10796 -1
10797 147
10798 18
10799 18
10800 18
10801 18
10802 -1
10803 68
10804 -1
10805 77
10806 48
10807 -1
10808 48
10809 48
10810 24
10811 -1
10812 28
10813 -1
10814 -1
10815 118
10816 -1
10817 23
10818 23
10819 23
10820 23
10821 23
10822 23
10823 23
10824 23
10825 23
10826 23
10827 23
10828 23
10829 23
10830 23
10831 23
10832 23
10833 23
10834 29
10835 29
10836 -1
10837 105
10838 -1
10839 34
10840 1
10841 117
10842 -1
10843 -1
10844 136
10845 92
10846 117
10847 28
10848 -1
10849 116
10850 1
10851 116
10852 -1
10853 89
10854 68
10855 24
10856 -1
10857 -1
10858 -1
10859 105
10860 -1
10861 -1
10862 -1
10863 -1
10864 1
10865 1
10866 1
10867 7
10868 -1
10869 -1
10870 -1
10871 1
10872 -1
10873 132
10874 24
10875 144
10876 66
10877 70
10878 30
10879 -1
10880 28
10881 159
10882 159
10883 -1
10884 85
10885 85
10886 -1
10887 -1
10888 -1
10889 -1
10890 -1
10891 -1
10892 -1
10893 -1
10894 149
10895 68
10896 149
10897 -1
10898 31
10899 31
10900 52
10901 108
10902 -1
10903 -1
10904 -1
10905 129
10906 -1
10907 -1
10908 129
10909 1
10910 1
10911 1
10912 1
10913 1
10914 1
10915 1
10916 1
10917 1
10918 1
10919 31
10920 130
10921 132
10922 132
10923 -1
10924 1
10925 -1
10926 -1
10927 28
10928 -1
10929 -1
10930 -1
10931 -1
10932 -1
10933 -1
10934 -1
10935 -1
10936 28
10937 -1
10938 24
10939 156
10940 -1
10941 -1
10942 -1
10943 -1
10944 32
10945 32
10946 32
10947 32
10948 -1
10949 82
10950 -1
10951 -1
10952 -1
10953 71
10954 -1
10955 162
10956 -1
10957 68
10958 95
10959 95
10960 95
10961 95
10962 95
10963 95
10964 91
10965 61
10966 24
10967 59
10968 156
10969 69
10970 24
10971 -1
10972 74
10973 92
10974 -1
10975 -1
10976 -1
10977 52
10978 28
10979 52
10980 1
10981 1
10982 -1
10983 1
10984 -1
10985 133
10986 -1
10987 -1
10988 -1
10989 -1
10990 -1
10991 -1
10992 -1
10993 -1
10994 -1
10995 -1
10996 -1
10997 52
10998 1
10999 -1
11000 131
11001 -1
11002 -1
11003 136
11004 136
11005 -1
11006 2
11007 -1
11008 -1
11009 -1
11010 -1
11011 -1
11012 -1
11013 -1
11014 2
11015 52
11016 52
11017 52
11018 29
11019 -1
11020 29
11021 29
11022 29
11023 -1
11024 1
11025 -1
11026 145
11027 -1
11028 70
11029 50
11030 115
11031 -1
11032 -1
11033 2
11034 -1
11035 2
11036 -1
11037 1
11038 -1
11039 125
11040 -1
11041 2
11042 122
11043 2
11044 2
11045 2
11046 2
11047 133
11048 133
11049 -1
11050 -1
11051 -1
11052 28
11053 2
11054 2
11055 2
11056 54
11057 2
11058 2
11059 2
11060 2
11061 2
11062 2
11063 2
11064 2
11065 2
11066 1
11067 1
11068 1
11069 1
11070 1
11071 1
11072 1
11073 83
11074 116
11075 1
11076 1
11077 1
11078 1
11079 -1
11080 86
11081 105
11082 -1
11083 -1
11084 -1
11085 -1
11086 49
11087 -1
11088 31
11089 120
11090 -1
11091 -1
11092 -1
11093 -1
11094 -1
11095 24
11096 24
11097 24
11098 24
11099 28
11100 1
11101 1
11102 -1
11103 2
11104 1
11105 28
11106 -1
11107 52
11108 18
11109 153
11110 120
11111 120
11112 -1
11113 24
11114 -1
11115 27
11116 -1
11117 100
11118 2
11119 2
11120 59
11121 -1
11122 -1
11123 2
11124 59
11125 2
11126 59
11127 -1
11128 143
11129 104
11130 154
11131 150
11132 29
11133 29
11134 75
11135 75
11136 1
11137 1
11138 1
11139 105
11140 24
11141 84
11142 62
11143 45
11144 -1
11145 1
11146 66
11147 -1
11148 -1
11149 78
11150 162
11151 -1
11152 -1
11153 -1
11154 -1
11155 -1
11156 -1
11157 1
11158 1
11159 1
11160 53
11161 126
11162 1
11163 130
11164 31
11165 29
11166 2
11167 2
11168 2
11169 2
11170 162
11171 -1
11172 1
11173 1
11174 1
11175 1
11176 1
11177 1
11178 119
11179 1
11180 -1
11181 -1
11182 149
11183 104
11184 125
11185 132
11186 -1
11187 133
11188 133
11189 28
11190 114
11191 -1
11192 -1
11193 133
11194 1
11195 124
11196 -1
11197 1
11198 118
11199 116
11200 24
11201 115
11202 86
11203 86
11204 89
11205 117
11206 1
11207 1
11208 1
11209 1
11210 132
11211 132
11212 1
11213 114
11214 114
11215 114
11216 114
11217 114
11218 114
11219 2
11220 2
11221 1
11222 -1
11223 9
11224 -1
11225 77
11226 -1
11227 -1
11228 -1
11229 28
11230 -1
11231 64
11232 63
11233 63
11234 135
11235 135
11236 135
11237 2
11238 113
11239 86
11240 126
11241 -1
11242 24
11243 -1
11244 -1
11245 -1
11246 1
11247 1
11248 100
11249 100
11250 2
11251 2
11252 28
11253 43
11254 -1
11255 34
11256 59
11257 -1
11258 -1
11259 -1
11260 1
11261 1
11262 1
11263 126
11264 18
11265 166
11266 82
11267 -1
11268 166
11269 -1
11270 -1
11271 117
11272 117
11273 61
11274 -1
11275 -1
11276 -1
11277 28
11278 -1
11279 1
11280 147
11281 -1
11282 -1
11283 -1
11284 130
11285 136
11286 -1
11287 24
11288 -1
11289 90
11290 -1
11291 52
11292 -1
11293 -1
11294 2
11295 2
11296 33
11297 33
11298 135
11299 157
11300 -1
11301 -1
11302 -1
11303 86
11304 54
11305 54
11306 54
11307 -1
11308 -1
11309 -1
11310 54
11311 157
11312 1
11313 156
11314 -1
11315 54
11316 54
11317 165
11318 121
11319 -1
11320 -1
11321 -1
11322 -1
11323 24
11324 147
11325 -1
11326 2
11327 -1
11328 -1
11329 1
11330 1
11331 1
11332 1
11333 1
11334 1
11335 1
11336 114
11337 1
11338 1
11339 28
11340 -1
11341 1
11342 2
11343 77
11344 2
11345 120
11346 1
11347 -1
11348 -1
11349 83
11350 1
11351 1
11352 147
11353 147
11354 147
11355 154
11356 1
11357 -1
11358 -1
11359 -1
11360 1
11361 -1
11362 5
11363 5
11364 -1
11365 83
11366 1
11367 1
11368 1
11369 84
11370 1
11371 84
11372 1
11373 84
11374 1
11375 83
11376 1
11377 -1
11378 -1
11379 -1
11380 -1
11381 29
11382 56
11383 1
11384 118
11385 1
11386 -1
11387 1
11388 6
11389 -1
11390 121
11391 1
11392 1
11393 1
11394 1
11395 1
11396 1
11397 1
11398 1
11399 1
11400 1
11401 118
11402 19
11403 24
11404 -1
11405 157
11406 157
11407 157
11408 1
11409 166
11410 1
11411 1
11412 128
11413 22
11414 -1
11415 47
11416 1
11417 28
11418 1
11419 1
11420 -1
11421 115
11422 1
11423 1
11424 1
11425 1
11426 1
11427 83
11428 105
11429 -1
11430 1
11431 -1
11432 1
11433 145
11434 145
11435 52
11436 24
11437 1
11438 1
11439 1
11440 28
11441 1
11442 28
11443 1
11444 28
11445 147
11446 -1
11447 1
11448 1
11449 1
11450 1
11451 2
11452 2
11453 -1
11454 30
11455 1
11456 1
11457 1
11458 1
11459 -1
11460 -1
11461 34
11462 1
11463 83
11464 83
11465 49
11466 24
11467 -1
11468 133
11469 1
11470 1
11471 133
11472 138
11473 -1
11474 -1
11475 -1
11476 83
11477 150
11478 51
11479 121
11480 121
11481 121
11482 -1
11483 102
11484 2
11485 136
11486 162
11487 -1
11488 1
11489 -1
11490 -1
11491 -1
11492 -1
11493 1
11494 1
11495 -1
11496 1
11497 28
11498 1
11499 -1
11500 49
11501 157
11502 -1
11503 1
11504 1
11505 1
11506 -1
11507 1
11508 -1
11509 -1
11510 118
11511 -1
11512 -1
11513 -1
11514 1
11515 -1
11516 -1
11517 -1
11518 -1
11519 -1
11520 -1
11521 88
11522 2
11523 2
11524 2
11525 112
11526 104
11527 -1
11528 1
11529 123
11530 1
11531 117
11532 29
11533 2
11534 128
11535 24
11536 165
11537 127
11538 -1
11539 146
11540 162
11541 -1
11542 82
11543 82
11544 82
11545 1
11546 2
11547 82
11548 -1
11549 24
11550 2
11551 24
11552 5
11553 5
11554 1
11555 2
11556 2
11557 -1
11558 29
11559 1
11560 1
11561 1
11562 29
11563 1
11564 1
11565 -1
11566 -1
11567 9
11568 9
11569 -1
11570 -1
11571 75
11572 1
11573 93
11574 -1
11575 -1
11576 53
11577 24
11578 147
11579 1
11580 28
11581 120
11582 -1
11583 -1
11584 -1
11585 134
11586 134
11587 1
11588 1
11589 1
11590 1
11591 51
11592 157
11593 -1
11594 -1
11595 -1
11596 -1
11597 -1
11598 28
11599 -1
11600 166
11601 135
11602 -1
11603 -1
11604 147
11605 -1
11606 9
11607 -1
11608 120
11609 -1
11610 156
11611 156
11612 -1
11613 -1
11614 -1
11615 28
11616 156
11617 1
11618 1
11619 1
11620 1
11621 1
11622 1
11623 1
11624 1
11625 33
11626 72
11627 -1
11628 -1
11629 -1
11630 -1
11631 66
11632 52
11633 24
11634 -1
11635 15
11636 -1
11637 -1
11638 146
11639 45
11640 -1
11641 133
11642 -1
11643 -1
11644 -1
11645 -1
11646 1
11647 1
11648 1
11649 1
11650 1
11651 1
11652 -1
11653 122
11654 -1
11655 154
11656 -1
11657 -1
11658 -1
11659 -1
11660 -1
11661 -1
11662 43
11663 1
11664 1
11665 -1
11666 15
11667 -1
11668 -1
11669 -1
11670 28
11671 28
11672 28
11673 28
11674 28
11675 -1
11676 86
11677 24
11678 24
11679 24
11680 -1
11681 -1
11682 28
11683 26
11684 86
11685 28
11686 -1
11687 126
11688 126
11689 126
11690 126
11691 86
11692 166
11693 143
11694 -1
11695 142
11696 -1
11697 -1
11698 15
11699 166
11700 28
11701 -1
11702 1
11703 165
11704 25
11705 124
11706 -1
11707 84
11708 107
11709 107
11710 -1
11711 147
11712 -1
11713 -1
11714 28
11715 -1
11716 -1
11717 -1
11718 113
11719 113
11720 52
11721 68
11722 -1
11723 101
11724 68
11725 68
11726 153
11727 75
11728 120
11729 78
11730 -1
11731 132
11732 -1
11733 -1
11734 -1
11735 83
11736 83
11737 -1
11738 28
11739 -1
11740 -1
11741 118
11742 18
11743 -1
11744 69
11745 -1
11746 -1
11747 133
11748 147
11749 147
11750 -1
11751 71
11752 15
11753 15
11754 2
11755 15
11756 6
11757 24
11758 -1
11759 -1
11760 53
11761 -1
11762 1
11763 1
11764 83
11765 -1
11766 -1
11767 -1
11768 -1
11769 133
11770 -1
11771 143
11772 143
11773 -1
11774 24
11775 24
11776 147
11777 118
11778 66
11779 1
11780 106
11781 1
11782 1
11783 73
11784 149
11785 -1
11786 53
11787 -1
11788 147
11789 133
11790 107
11791 107
11792 -1
11793 147
11794 151
11795 28
11796 -1
11797 156
11798 -1
11799 -1
11800 -1
11801 83
11802 149
11803 149
11804 -1
11805 149
11806 148
11807 -1
11808 -1
11809 115
11810 -1
11811 -1
11812 -1
11813 156
11814 28
11815 147
11816 68
11817 149
11818 -1
11819 -1
11820 -1
11821 -1
11822 -1
11823 2
11824 -1
11825 29
11826 29
11827 -1
11828 163
11829 -1
11830 1
11831 51
11832 68
11833 -1
11834 118
11835 1
11836 -1
11837 1
11838 1
11839 1
11840 1
11841 1
11842 1
11843 24
11844 -1
11845 -1
11846 52
11847 86
11848 49
11849 -1
11850 83
11851 108
11852 25
11853 -1
11854 164
11855 -1
11856 -1
11857 146
11858 30
11859 1
11860 -1
11861 2
11862 -1
11863 -1
11864 2
11865 -1
11866 2
11867 -1
11868 2
11869 45
11870 45
11871 133
11872 -1
11873 1
11874 28
11875 149
11876 -1
11877 149
11878 -1
11879 -1
11880 -1
11881 148
11882 50
11883 166
11884 -1
11885 -1
11886 82
11887 132
11888 -1
11889 -1
11890 -1
11891 75
11892 1
11893 -1
11894 2
11895 28
11896 147
11897 148
11898 -1
11899 133
11900 -1
11901 63
11902 124
11903 48
11904 18
11905 -1
11906 -1
11907 120
11908 59
11909 -1
11910 -1
11911 48
11912 126
11913 -1
11914 -1
11915 68
11916 -1
11917 -1
11918 52
11919 2
11920 -1
11921 -1
11922 -1
11923 -1
11924 -1
11925 -1
11926 -1
11927 86
11928 152
11929 152
11930 144
11931 -1
11932 -1
11933 108
11934 108
11935 -1
11936 -1
11937 -1
11938 -1
11939 -1
11940 -1
11941 -1
11942 -1
11943 148
11944 148
11945 132
11946 -1
11947 -1
11948 -1
11949 -1
11950 68
11951 52
11952 147
11953 -1
11954 -1
11955 -1
11956 -1
11957 153
11958 110
11959 -1
11960 2
11961 110
11962 -1
11963 -1
11964 133
11965 133
11966 108
11967 110
11968 148
11969 148
11970 148
11971 -1
11972 -1
11973 -1
11974 -1
11975 -1
11976 35
11977 -1
11978 -1
11979 28
11980 28
11981 28
11982 -1
11983 144
11984 24
11985 149
11986 -1
11987 148
11988 66
11989 166
11990 -1
11991 82
11992 -1
11993 115
11994 144
11995 147
11996 -1
11997 1
11998 1
11999 -1
12000 1
12001 -1
12002 -1
12003 -1
12004 -1
12005 2
12006 95
12007 28
12008 -1
12009 2
12010 -1
12011 -1
12012 -1
12013 33
12014 -1
12015 -1
12016 150
12017 -1
12018 -1
12019 -1
12020 152
12021 152
12022 -1
12023 -1
12024 126
12025 -1
12026 -1
12027 -1
12028 -1
12029 -1
12030 28
12031 147
12032 -1
12033 -1
12034 -1
12035 -1
12036 148
12037 110
12038 -1
12039 -1
12040 -1
12041 -1
12042 118
12043 -1
12044 45
12045 45
12046 166
12047 -1
12048 149
12049 -1
12050 89
12051 133
12052 148
12053 -1
12054 120
12055 -1
12056 86
12057 -1
12058 118
12059 -1
12060 88
12061 -1
12062 148
12063 120
12064 28
12065 113
12066 25
12067 28
12068 -1
12069 99
12070 18
12071 -1
12072 -1
12073 -1
12074 -1
12075 -1
12076 -1
12077 42
12078 -1
12079 106
12080 -1
12081 1
12082 1
12083 1
12084 1
12085 1
12086 1
12087 118
12088 25
12089 2
12090 1
12091 1
12092 1
12093 1
12094 1
12095 1
12096 1
12097 1
12098 83
12099 106
12100 -1
12101 -1
12102 -1
12103 118
12104 2
12105 86
12106 -1
12107 -1
12108 1
12109 -1
12110 -1
12111 -1
12112 -1
12113 -1
12114 -1
12115 -1
12116 83
12117 105
12118 -1
12119 90
12120 90
12121 -1
12122 -1
12123 -1
12124 1
12125 -1
12126 74
12127 142
12128 151
12129 -1
12130 -1
12131 61
12132 1
12133 1
12134 -1
12135 1
12136 1
12137 1
12138 -1
12139 -1
12140 66
12141 1
12142 -1
12143 -1
12144 -1
12145 -1
12146 -1
12147 -1
12148 -1
12149 -1
12150 146
12151 143
12152 115
12153 -1
12154 25
12155 25
12156 -1
12157 118
12158 -1
12159 28
12160 1
12161 -1
12162 148
12163 1
12164 -1
12165 164
12166 164
12167 164
12168 164
12169 164
12170 -1
12171 133
12172 164
12173 1
12174 -1
12175 164
12176 164
12177 -1
12178 88
12179 24
12180 24
12181 -1
12182 -1
12183 -1
12184 -1
12185 139
12186 35
12187 -1
12188 53
12189 -1
12190 -1
12191 153
12192 -1
12193 -1
12194 2
12195 53
12196 -1
12197 -1
12198 159
12199 -1
12200 -1
12201 -1
12202 -1
12203 -1
12204 -1
12205 -1
12206 -1
12207 -1
12208 -1
12209 147
12210 147
12211 -1
12212 52
12213 166
12214 -1
12215 24
12216 74
12217 74
12218 147
12219 99
12220 -1
12221 -1
12222 -1
12223 -1
12224 -1
12225 6
12226 -1
12227 -1
12228 -1
12229 -1
12230 -1
12231 -1
12232 -1
12233 -1
12234 -1
12235 2
12236 -1
12237 -1
12238 -1
12239 111
12240 -1
12241 146
12242 -1
12243 -1
12244 157
12245 -1
12246 157
12247 157
12248 157
12249 -1
12250 -1
12251 157
12252 -1
12253 2
12254 2
12255 -1
12256 -1
12257 -1
12258 -1
12259 48
12260 -1
12261 86
12262 -1
12263 42
12264 -1
12265 -1
12266 -1
12267 -1
12268 -1
12269 -1
12270 -1
12271 89
12272 132
12273 -1
12274 -1
12275 -1
12276 94
12277 133
12278 -1
12279 -1
12280 -1
12281 125
12282 -1
12283 -1
12284 94
12285 24
12286 -1
12287 -1
12288 -1
12289 1
12290 -1
12291 -1
12292 24
12293 24
12294 34
12295 24
12296 24
12297 68
12298 126
12299 126
12300 1
12301 1
12302 33
12303 1
12304 29
12305 24
12306 1
12307 1
12308 1
12309 1
12310 1
12311 1
12312 1
12313 1
12314 -1
12315 24
12316 71
12317 -1
12318 75
12319 -1
12320 53
12321 68
12322 147
12323 136
12324 -1
12325 -1
12326 -1
12327 -1
12328 62
12329 -1
12330 -1
12331 90
12332 -1
12333 1
12334 -1
12335 -1
12336 6
12337 -1
12338 24
12339 86
12340 -1
12341 118
12342 -1
12343 -1
12344 1
12345 -1
12346 1
12347 -1
12348 -1
12349 -1
12350 -1
12351 -1
12352 -1
12353 -1
12354 -1
12355 112
12356 1
12357 1
12358 -1
12359 -1
12360 -1
12361 -1
12362 -1
12363 -1
12364 74
12365 -1
12366 -1
12367 74
12368 74
12369 1
12370 74
12371 74
12372 74
12373 1
12374 74
12375 74
12376 74
12377 -1
12378 74
12379 1
12380 -1
12381 83
12382 95
12383 115
12384 -1
12385 -1
12386 146
12387 -1
12388 -1
12389 -1
12390 -1
12391 146
12392 -1
12393 146
12394 2
12395 1
12396 2
12397 29
12398 2
12399 -1
12400 -1
12401 133
12402 -1
12403 1
12404 1
12405 -1
12406 -1
12407 -1
12408 -1
12409 -1
12410 -1
12411 -1
12412 24
12413 66
12414 83
12415 54
12416 -1
12417 -1
12418 147
12419 154
12420 -1
12421 -1
12422 -1
12423 -1
12424 -1
12425 -1
12426 -1
12427 19
12428 79
12429 2
12430 71
12431 -1
12432 71
12433 71
12434 71
12435 43
12436 -1
12437 -1
12438 -1
12439 -1
12440 151
12441 -1
12442 151
12443 -1
12444 35
12445 64
12446 -1
12447 43
12448 1
12449 -1
12450 -1
12451 166
12452 -1
12453 64
12454 1
12455 157
12456 118
12457 -1
12458 -1
12459 79
12460 79
12461 79
12462 -1
12463 -1
12464 -1
12465 -1
12466 -1
12467 -1
12468 2
12469 74
12470 2
12471 2
12472 -1
12473 -1
12474 43
12475 3
12476 52
12477 159
12478 57
12479 -1
12480 -1
12481 -1
12482 59
12483 -1
12484 -1
12485 -1
12486 120
12487 18
12488 -1
12489 3
12490 86
12491 89
12492 126
12493 -1
12494 -1
12495 -1
12496 157
12497 90
12498 57
12499 113
12500 147
12501 69
12502 -1
12503 148
12504 -1
12505 -1
12506 1
12507 -1
12508 90
12509 -1
12510 -1
12511 -1
12512 -1
12513 159
12514 147
12515 1
12516 -1
12517 31
12518 -1
12519 7
12520 158
12521 -1
12522 -1
12523 163
12524 -1
12525 -1
12526 7
12527 -1
12528 1
12529 1
12530 1
12531 -1
12532 147
12533 154
12534 145
12535 124
12536 -1
12537 49
12538 -1
12539 132
12540 110
12541 110
12542 130
12543 -1
12544 1
12545 1
12546 73
12547 106
12548 -1
12549 86
12550 -1
12551 112
12552 -1
12553 3
12554 3
12555 3
12556 3
12557 3
12558 -1
12559 -1
12560 -1
12561 118
12562 1
12563 158
12564 158
12565 -1
12566 158
12567 158
12568 158
12569 158
12570 158
12571 -1
12572 -1
12573 90
12574 3
12575 68
12576 118
12577 -1
12578 -1
12579 -1
12580 1
12581 1
12582 1
12583 1
12584 65
12585 83
12586 71
12587 -1
12588 -1
12589 139
12590 -1
12591 -1
12592 -1
12593 -1
12594 -1
12595 -1
12596 112
12597 -1
12598 -1
12599 89
12600 144
12601 52
12602 1
12603 90
12604 1
12605 42
12606 42
12607 31
12608 -1
12609 66
12610 66
12611 1
12612 1
12613 1
12614 1
12615 75
12616 120
12617 3
12618 -1
12619 132
12620 42
12621 42
12622 137
12623 -1
12624 95
12625 1
12626 95
12627 121
12628 83
12629 26
12630 1
12631 1
12632 -1
12633 137
12634 40
12635 146
12636 52
12637 -1
12638 -1
12639 -1
12640 126
12641 143
12642 1
12643 -1
12644 52
12645 -1
12646 -1
12647 -1
12648 144
12649 3
12650 166
12651 3
12652 147
12653 -1
12654 146
12655 -1
12656 146
12657 -1
12658 88
12659 -1
12660 147
12661 1
12662 -1
12663 -1
12664 -1
12665 147
12666 -1
12667 -1
12668 118
12669 -1
12670 -1
12671 112
12672 1
12673 1
12674 1
12675 1
12676 -1
12677 1
12678 -1
12679 -1
12680 108
12681 -1
12682 3
12683 121
12684 -1
12685 -1
12686 166
12687 89
12688 -1
12689 138
12690 1
12691 -1
12692 -1
12693 -1
12694 113
12695 113
12696 113
12697 1
12698 -1
12699 -1
12700 -1
12701 -1
12702 -1
12703 -1
12704 -1
12705 90
12706 90
12707 90
12708 143
12709 -1
12710 1
12711 -1
12712 -1
12713 -1
12714 -1
12715 146
12716 146
12717 1
12718 -1
12719 86
12720 -1
12721 3
12722 68
12723 52
12724 -1
12725 66
12726 66
12727 1
12728 1
12729 1
12730 -1
12731 -1
12732 143
12733 153
12734 -1
12735 -1
12736 24
12737 -1
12738 -1
12739 -1
12740 -1
12741 -1
12742 -1
12743 113
12744 83
12745 113
12746 -1
12747 120
12748 18
12749 -1
12750 -1
12751 -1
12752 62
12753 -1
12754 146
12755 146
12756 75
12757 6
12758 90
12759 114
12760 -1
12761 75
12762 29
12763 1
12764 -1
12765 3
12766 134
12767 113
12768 113
12769 -1
12770 -1
12771 -1
12772 -1
12773 68
12774 35
12775 120
12776 68
12777 -1
12778 1
12779 -1
12780 -1
12781 7
12782 -1
12783 1
12784 1
12785 83
12786 83
12787 1
12788 1
12789 1
12790 -1
12791 -1
12792 1
12793 1
12794 1
12795 1
12796 1
12797 1
12798 1
12799 1
12800 1
12801 1
12802 1
12803 1
12804 1
12805 -1
12806 -1
12807 -1
12808 -1
12809 -1
12810 3
12811 127
12812 -1
12813 -1
12814 -1
12815 3
12816 3
12817 3
12818 -1
12819 -1
12820 79
12821 29
12822 75
12823 -1
12824 -1
12825 90
12826 104
12827 88
12828 -1
12829 -1
12830 45
12831 130
12832 -1
12833 -1
12834 7
12835 7
12836 43
12837 3
12838 133
12839 -1
12840 51
12841 52
12842 83
12843 1
12844 1
12845 -1
12846 -1
12847 28
12848 3
12849 27
12850 118
12851 52
12852 3
12853 79
12854 1
12855 1
12856 1
12857 -1
12858 -1
12859 -1
12860 -1
12861 64
12862 120
12863 120
12864 3
12865 3
12866 3
12867 -1
12868 9
12869 3
12870 -1
12871 85
12872 85
12873 85
12874 85
12875 -1
12876 1
12877 1
12878 3
12879 7
12880 83
12881 -1
12882 -1
12883 -1
12884 19
12885 19
12886 1
12887 19
12888 -1
12889 1
12890 3
12891 19
12892 75
12893 75
12894 -1
12895 3
12896 -1
12897 79
12898 79
12899 -1
12900 35
12901 79
12902 1
12903 120
12904 120
12905 120
12906 85
12907 126
12908 7
12909 19
12910 7
12911 118
12912 90
12913 -1
12914 1
12915 1
12916 52
12917 19
12918 1
12919 1
12920 118
12921 118
12922 -1
12923 90
12924 90
12925 99
12926 -1
12927 -1
12928 -1
12929 -1
12930 -1
12931 1
12932 1
12933 1
12934 1
12935 1
12936 130
12937 133
12938 133
12939 80
12940 75
12941 1
12942 130
12943 3
12944 130
12945 130
12946 1
12947 3
12948 130
12949 130
12950 130
12951 -1
12952 -1
12953 130
12954 1
12955 1
12956 1
12957 130
12958 130
12959 130
12960 130
12961 130
12962 -1
12963 130
12964 130
12965 -1
12966 80
12967 130
12968 -1
12969 -1
12970 -1
12971 -1
12972 80
12973 80
12974 -1
12975 80
12976 80
12977 80
12978 80
12979 -1
12980 90
12981 66
12982 130
12983 -1
12984 80
12985 80
12986 80
12987 132
12988 80
12989 132
12990 80
12991 80
12992 80
12993 80
12994 80
12995 80
12996 3
12997 3
12998 3
12999 3
13000 1
13001 1
13002 1
13003 1
13004 1
13005 1
13006 147
13007 3
13008 79
13009 80
13010 80
13011 80
13012 79
13013 164
13014 135
13015 10
13016 10
13017 -1
13018 10
13019 10
13020 20
13021 -1
13022 130
13023 -1
13024 130
13025 130
13026 85
13027 156
13028 -1
13029 135
13030 1
13031 1
13032 70
13033 1
13034 -1
13035 -1
13036 -1
13037 76
13038 56
13039 -1
13040 82
13041 146
13042 133
13043 56
13044 -1
13045 1
13046 1
13047 -1
13048 -1
13049 79
13050 -1
13051 -1
13052 -1
13053 -1
13054 79
13055 -1
13056 29
13057 -1
13058 -1
13059 -1
13060 136
13061 147
13062 95
13063 -1
13064 102
13065 -1
13066 -1
13067 -1
13068 89
13069 -1
13070 104
13071 104
13072 104
13073 104
13074 120
13075 104
13076 -1
13077 3
13078 -1
13079 -1
13080 -1
13081 -1
13082 -1
13083 1
13084 -1
13085 -1
13086 93
13087 73
13088 73
13089 -1
13090 122
13091 -1
13092 75
13093 18
13094 121
13095 -1
13096 -1
13097 -1
13098 -1
13099 -1
13100 118
13101 -1
13102 120
13103 -1
13104 147
13105 48
13106 68
13107 132
13108 -1
13109 164
13110 -1
13111 -1
13112 1
13113 1
13114 1
13115 1
13116 1
13117 1
13118 -1
13119 -1
13120 -1
13121 42
13122 1
13123 146
13124 1
13125 127
13126 118
13127 -1
13128 -1
13129 7
13130 3
13131 29
13132 -1
13133 105
13134 162
13135 116
13136 1
13137 -1
13138 3
13139 -1
13140 41
13141 3
13142 143
13143 -1
13144 -1
13145 79
13146 118
13147 31
13148 1
13149 37
13150 -1
13151 30
13152 108
13153 3
13154 83
13155 -1
13156 -1
13157 -1
13158 108
13159 108
13160 108
13161 154
13162 -1
13163 -1
13164 108
13165 89
13166 68
13167 66
13168 66
13169 7
13170 7
13171 66
13172 66
13173 66
13174 83
13175 86
13176 86
13177 79
13178 7
13179 79
13180 42
13181 42
13182 42
13183 79
13184 52
13185 79
13186 79
13187 120
13188 -1
13189 147
13190 3
13191 118
13192 106
13193 118
13194 131
13195 1
13196 1
13197 -1
13198 64
13199 64
13200 -1
13201 -1
13202 -1
13203 -1
13204 7
13205 -1
13206 -1
13207 146
13208 -1
13209 -1
13210 118
13211 108
13212 -1
13213 132
13214 1
13215 1
13216 42
13217 1
13218 83
13219 79
13220 79
13221 19
13222 19
13223 19
13224 89
13225 3
13226 19
13227 19
13228 3
13229 3
13230 1
13231 1
13232 -1
13233 -1
13234 3
13235 -1
13236 -1
13237 -1
13238 -1
13239 152
13240 1
13241 99
13242 79
13243 -1
13244 42
13245 1
13246 1
13247 1
13248 42
13249 -1
13250 66
13251 -1
13252 42
13253 1
13254 1
13255 -1
13256 -1
13257 52
13258 147
13259 -1
13260 106
13261 1
13262 89
13263 83
13264 49
13265 -1
13266 -1
13267 68
13268 94
13269 62
13270 66
13271 -1
13272 -1
13273 133
13274 79
13275 -1
13276 -1
13277 -1
13278 -1
13279 -1
13280 35
13281 -1
13282 42
13283 42
13284 42
13285 42
13286 42
13287 1
13288 -1
13289 126
13290 -1
13291 104
13292 -1
13293 93
13294 99
13295 24
13296 -1
13297 -1
13298 1
13299 147
13300 -1
13301 -1
13302 -1
13303 -1
13304 -1
13305 116
13306 83
13307 1
13308 88
13309 -1
13310 84
13311 83
13312 99
13313 56
13314 143
13315 -1
13316 3
13317 -1
13318 99
13319 95
13320 106
13321 106
13322 -1
13323 -1
13324 -1
13325 -1
13326 -1
13327 29
13328 -1
13329 6
13330 159
13331 159
13332 159
13333 159
13334 -1
13335 -1
13336 -1
13337 1
13338 94
13339 94
13340 94
13341 -1
13342 -1
13343 -1
13344 126
13345 115
13346 24
13347 94
13348 94
13349 126
13350 83
13351 66
13352 -1
13353 -1
13354 132
13355 -1
13356 3
13357 74
13358 1
13359 1
13360 38
13361 114
13362 -1
13363 -1
13364 -1
13365 -1
13366 -1
13367 -1
13368 147
13369 147
13370 95
13371 95
13372 69
13373 -1
13374 95
13375 69
13376 150
13377 66
13378 150
13379 150
13380 150
13381 -1
13382 -1
13383 99
13384 82
13385 89
13386 -1
13387 24
13388 95
13389 88
13390 -1
13391 45
13392 88
13393 88
13394 33
13395 -1
13396 6
13397 -1
13398 73
13399 -1
13400 -1
13401 18
13402 141
13403 -1
13404 141
13405 1
13406 94
13407 -1
13408 146
13409 147
13410 3
13411 9
13412 -1
13413 3
13414 -1
13415 66
13416 -1
13417 153
13418 66
13419 -1
13420 148
13421 148
13422 -1
13423 -1
13424 -1
13425 29
13426 -1
13427 141
13428 -1
13429 -1
13430 52
13431 -1
13432 1
13433 93
13434 -1
13435 -1
13436 -1
13437 1
13438 -1
13439 1
13440 1
13441 1
13442 66
13443 -1
13444 24
13445 -1
13446 -1
13447 -1
13448 -1
13449 114
13450 -1
13451 3
13452 142
13453 150
13454 -1
13455 132
13456 132
13457 -1
13458 88
13459 -1
13460 -1
13461 -1
13462 1
13463 93
13464 -1
13465 -1
13466 95
13467 -1
13468 106
13469 -1
13470 106
13471 -1
13472 1
13473 1
13474 142
13475 -1
13476 -1
13477 7
13478 -1
13479 83
13480 83
13481 1
13482 147
13483 -1
13484 84
13485 -1
13486 -1
13487 -1
13488 141
13489 116
13490 116
13491 93
13492 -1
13493 -1
13494 -1
13495 1
13496 -1
13497 3
13498 93
13499 93
13500 1
13501 88
13502 88
13503 -1
13504 142
13505 18
13506 1
13507 88
13508 3
13509 88
13510 88
13511 59
13512 -1
13513 69
13514 -1
13515 -1
13516 -1
13517 -1
13518 -1
13521 -1
13522 152
13523 147
13524 -1
13525 -1
13526 52
13527 -1
13528 88
13529 -1
13530 88
13531 88
13532 88
13535 93
13537 93
13539 56
13541 -1
13542 132
13543 -1
13544 -1
13545 49
13546 40
13547 40
13548 90
13552 -1
13553 -1
13555 146
13558 -1
13559 147
13560 126
13561 -1
13562 147
13563 -1
13564 24
13565 -1
13567 -1
13568 83
13570 74
13571 83
13572 90
13573 93
13575 89
13576 -1
13577 -1
13578 -1
13579 -1
13581 -1
13582 -1
13583 147
13584 -1
13589 -1
13590 129
13591 148
13592 -1
13593 132
13596 -1
13597 147
13598 166
13599 -1
13600 -1
13601 146
13602 133
13603 -1
13604 -1
13605 24
13607 115
13608 -1
13609 156
13610 -1
13612 133
13613 89
13614 -1
13615 -1
13616 129
13617 -1
13618 153
13619 24
13620 -1
13623 -1
13624 -1
13625 -1
13626 -1
13627 -1
13628 157
13629 89
13630 -1
13631 24
13633 69
13634 -1
13635 82
13636 -1
13637 -1
13638 -1
13639 110
13640 93
13641 68
13642 147
13643 -1
13644 -1
13645 69
13646 66
13647 -1
13648 -1
13649 83
13651 93
13652 -1
13653 79
13654 -1
13655 -1
13656 -1
13657 142
13658 94
13659 142
13660 142
13661 22
13662 -1
13663 52
13664 115
13665 -1
13666 115
13668 -1
13669 89
13670 -1
13671 -1
13672 147
13674 -1
13678 86
13679 134
13680 61
13682 -1
13683 79
13684 120
13685 -1
13686 56
13687 -1
13688 -1
13689 -1
13690 142
13691 -1
13692 18
13693 -1
13694 -1
13695 -1
13696 -1
13697 106
13698 -1
13699 106
13700 106
13701 -1
13702 159
13703 -1
13704 30
13705 -1
13706 -1
13707 116
13708 115
13709 147
13710 151
13711 -1
13712 52
13713 -1
13714 -1
13715 147
13716 56
13717 -1
13718 -1
13719 89
13720 -1
13721 120
13722 -1
13723 -1
13724 53
13725 53
13726 53
13727 53
13728 53
13729 -1
13730 83
13732 -1
13733 -1
13734 -1
13735 -1
13736 -1
13737 53
13739 -1
13740 -1
13741 141
13742 -1
13743 36
13745 132
13746 -1
13747 -1
13748 71
13749 88
13750 -1
13751 -1
13752 89
13753 -1
13754 53
13755 57
13756 -1
13757 -1
13758 162
13759 -1
13760 -1
13761 86
13762 -1
13763 -1
13764 120
13765 120
13766 -1
13767 -1
13769 94
13772 104
13773 147
13774 162
13775 104
13777 -1
13778 86
13779 -1
13780 -1
13781 -1
13782 -1
13783 59
13784 59
13785 59
13786 108
13787 -1
13788 147
13789 -1
13790 -1
13791 -1
13792 161
13793 -1
13794 -1
13795 89
13796 134
13797 -1
13798 115
13799 134
13801 52
13802 -1
13803 -1
13804 -1
13805 119
13806 -1
13807 147
13809 -1
13810 150
13811 66
13812 99
13813 110
13814 59
13815 118
13816 -1
13817 -1
13818 145
13819 -1
13820 -1
13821 -1
13822 146
13823 53
13824 -1
13825 117
13826 147
13827 -1
13828 -1
13829 -1
13830 -1
13831 132
13832 132
13833 132
13834 143
13835 29
13836 -1
13837 83
13838 107
13839 -1
13840 69
13841 147
13842 -1
13843 -1
13844 -1
13845 119
13846 -1
13847 -1
13849 61
13850 -1
13851 -1
13852 30
13853 106
13854 106
13855 -1
13858 145
13859 -1
13860 115
13861 115
13862 115
13863 147
13864 73
13865 73
13866 73
13867 73
13868 73
13869 73
13870 -1
13871 130
13872 130
13873 130
13874 115
13877 159
13878 28
13879 -1
13880 147
13881 105
13882 146
13883 124
13884 -1
13885 108
13886 -1
13887 73
13888 89
13889 -1
13890 146
13891 52
13892 52
13893 66
13894 -1
13895 -1
13896 147
13897 -1
13898 66
13899 -1
13900 -1
13901 -1
13902 -1
13903 73
13904 66
13905 74
13906 159
13907 -1
13908 162
13909 104
13910 -1
13911 -1
13912 55
13913 -1
13914 -1
13915 -1
13916 -1
13917 -1
13922 -1
13923 166
13924 71
13925 143
13926 -1
13927 -1
13928 -1
13929 24
13930 89
13931 83
13932 118
13933 68
13934 149
13935 132
13937 68
13938 -1
13939 -1
13940 133
13941 -1
13942 -1
13943 34
13944 147
13945 153
13946 -1
13947 89
13948 -1
13949 24
13950 118
13951 133
13952 -1
13953 -1
13954 -1
13956 -1
13957 -1
13958 -1
13959 52
13960 -1
13962 146
13963 115
13964 69
13965 134
13966 -1
13967 162
13968 -1
13969 166
13970 151
13971 55
13972 -1
13974 -1
13975 118
13976 128
13977 -1
13978 143
13980 150
13981 29
13983 -1
13984 -1
13985 108
13987 128
13988 -1
13989 -1
13993 -1
13994 106
13996 -1
13998 -1
13999 -1
14001 -1
14002 159
14005 -1
14006 110
14007 133
14008 -1
14009 164
14010 -1
14011 108
14012 130
14013 130
14014 -1
14016 -1
14017 -1
14018 93
14019 -1
14020 106
14021 -1
14023 -1
14025 -1
14027 -1
14029 154
14030 115
14031 -1
14033 -1
14034 -1
14035 52
14036 130
14037 130
14038 151
14039 119
14040 -1
14041 119
14042 119
14048 -1
14050 -1
14052 -1
14053 -1
14056 -1
14057 83
14058 133
14059 133
14060 57
14062 57
14063 133
14064 -1
14065 -1
14066 141
14067 -1
14068 24
14069 -1
14071 104
14072 129
14073 34
14074 -1
14075 -1
14076 -1
14077 -1
14078 -1
14079 105
14080 -1
14082 -1
14083 134
14085 -1
14086 -1
14087 -1
14088 52
14089 24
14090 147
14091 133
14092 -1
14093 64
14094 64
14095 64
14096 95
14097 -1
14098 64
14099 64
14100 -1
14101 -1
14102 -1
14103 19
14104 71
14105 79
14106 132
14107 89
14108 29
14109 -1
14115 134
14116 134
14117 -1
14118 -1
14119 102
14120 -1
14121 165
14122 -1
14123 -1
14124 79
14125 79
14126 142
14127 -1
14128 -1
14129 95
14130 -1
14131 105
14132 147
14133 120
14134 56
14135 130
14136 130
14137 130
14138 -1
14141 117
14142 30
14143 102
14146 -1
14147 120
14148 102
14149 102
14150 -1
14151 42
14152 42
14153 105
14154 -1
14156 120
14157 -1
14158 -1
14159 -1
14160 79
14161 -1
14162 -1
14164 106
14165 83
14166 164
14167 164
14168 164
14170 160
14171 -1
14172 164
14173 -1
14175 -1
14176 -1
14177 -1
14178 112
14179 112
14180 112
14181 112
14182 112
14185 112
14186 164
14187 164
14189 -1
14191 -1
14192 99
14193 -1
14194 -1
14195 143
14196 -1
14197 -1
14198 146
14199 110
14200 108
14201 -1
14202 -1
14203 -1
14204 -1
14205 134
14206 -1
14207 -1
14208 -1
14209 -1
14210 24
14211 120
14212 -1
14213 -1
14214 99
14215 152
14216 99
14217 -1
14218 69
14219 153
14220 -1
14222 153
14223 133
14224 133
14225 133
14226 133
14227 133
14228 66
14229 66
14230 -1
14231 -1
14232 -1
14233 -1
14234 49
14235 -1
14236 18
14237 18
14238 18
14239 18
14240 18
14241 18
14242 18
14243 18
14244 -1
14245 -1
14246 130
14247 130
14248 146
14249 147
14250 -1
14251 132
14252 132
14253 132
14254 106
14255 106
14256 106
14257 128
14258 -1
14259 -1
14260 147
14261 -1
14262 110
14263 -1
14264 -1
14265 148
14268 -1
14269 86
14270 132
14271 -1
14275 159
14276 -1
14277 132
14278 132
14281 146
14282 -1
14283 -1
14284 104
14287 -1
14288 153
14289 118
14290 -1
14291 -1
14292 147
14293 25
14294 74
14295 88
14296 -1
14298 146
14301 -1
14302 -1
14303 138
14304 18
14305 164
14306 106
14307 106
14308 -1
14310 71
14311 71
14312 -1
14313 -1
14314 52
14315 -1
14316 -1
14317 75
14318 -1
14319 -1
14320 99
14321 -1
14323 133
14326 -1
14327 66
14328 -1
14329 147
14330 53
14331 -1
14334 -1
14335 -1
14336 -1
14337 -1
14343 145
14346 130
14347 130
14348 -1
14349 -1
14350 -1
14351 -1
14352 66
14353 18
14354 130
14355 134
14356 -1
14360 -1
14361 -1
14362 147
14363 -1
14365 -1
14367 35
14368 -1
14369 -1
14370 -1
14374 130
14375 130
14376 158
14377 134
14378 134
14379 59
14381 -1
14382 -1
14383 73
14384 -1
14385 -1
14386 20
14387 79
14388 147
14389 -1
14390 -1
14391 55
14392 -1
14393 159
14394 -1
14395 129
14396 -1
14397 -1
14398 -1
14399 -1
14400 -1
14402 18
14403 18
14404 147
14405 18
14406 18
14407 147
14408 -1
14409 -1
14410 -1
14411 -1
14412 134
14413 -1
14414 118
14415 118
14416 68
14417 118
14418 -1
14419 -1
14421 -1
14422 105
14423 -1
14424 -1
14425 113
14426 113
14427 145
14428 148
14431 -1
14433 -1
14435 106
14437 -1
14439 106
14440 106
14442 -1
14443 -1
14444 -1
14445 -1
14446 156
14447 102
14448 -1
14449 -1
14450 115
14451 -1
14452 -1
14453 115
14454 -1
14455 -1
14456 -1
14457 -1
14458 -1
14459 -1
14460 156
14461 -1
14462 -1
14463 -1
14465 -1
14466 115
14467 115
14468 133
14469 -1
14470 -1
14472 118
14473 -1
14474 157
14475 147
14476 -1
14477 -1
14481 -1
14483 -1
14484 -1
14485 33
14486 130
14487 105
14488 -1
14489 -1
14490 152
14491 133
14492 133
14493 133
14494 -1
14495 166
14496 -1
14497 -1
14498 52
14499 18
14500 -1
14502 -1
14503 -1
14504 -1
14505 49
14506 162
14507 -1
14508 -1
14511 51
14512 52
14513 52
14515 -1
14516 150
14517 69
14518 162
14519 -1
14520 159
14521 18
14522 147
14525 134
14527 134
14528 -1
14529 162
14530 162
14533 -1
14534 -1
14537 75
14538 75
14540 -1
14543 -1
14545 -1
14546 95
14547 95
14549 106
14550 134
14551 115
14553 -1
14554 -1
14555 146
14556 99
14559 -1
14560 -1
14564 -1
14565 99
14567 99
14568 -1
14569 -1
14570 134
14571 134
14572 130
14573 130
14574 130
14575 130
14576 130
14578 130
14579 -1
14580 -1
14581 130
14582 -1
14583 130
14586 146
14587 149
14588 149
14589 -1
14590 -1
14592 83
14596 -1
14598 -1
14599 99
14600 -1
14603 30
14605 -1
14606 -1
14607 -1
14611 -1
14614 -1
14615 -1
14617 -1
14618 126
14619 -1
14620 133
14621 -1
14622 -1
14623 -1
14624 -1
14625 120
14627 -1
14629 118
14632 134
14634 82
14635 147
14638 66
14639 147
14640 -1
14641 -1
14642 -1
14643 162
14644 -1
14645 104
14646 118
14647 -1
14648 83
14649 -1
14650 -1
14651 18
14652 18
14653 -1
14654 -1
14655 -1
14656 -1
14657 147
14659 86
14661 147
14662 106
14663 -1
14664 18
14665 -1
14666 118
14667 104
14668 160
14670 -1
14671 -1
14672 -1
14675 142
14676 -1
14678 142
14685 71
14688 82
14689 -1
14691 -1
14692 -1
14693 -1
14694 -1
14695 -1
14696 -1
14697 -1
14698 24
14701 134
14702 104
14703 -1
14706 -1
14708 132
14709 132
14710 132
14711 -1
14712 -1
14713 -1
14714 99
14715 93
14717 -1
14718 -1
14719 -1
14720 -1
14721 99
14722 -1
14723 68
14724 101
14725 -1
14726 -1
14727 -1
14728 -1
14729 139
14730 18
14731 166
14732 -1
14733 166
14734 83
14735 68
14736 33
14737 -1
14740 66
14741 -1
14742 147
14743 -1
14744 -1
14745 -1
14746 -1
14747 52
14748 24
14749 118
14752 -1
14754 -1
14756 52
14757 -1
14758 -1
14759 -1
14760 -1
14761 -1
14763 79
14764 -1
14765 18
14766 -1
14767 106
14768 -1
14769 -1
14770 142
14771 -1
14772 79
14773 118
14774 25
14775 30
14777 -1
14779 -1
14780 133
14782 159
14783 122
14785 -1
14786 -1
14788 -1
14789 -1
14790 -1
14791 -1
14795 -1
14796 -1
14797 142
14798 -1
14799 18
14800 63
14801 149
14802 142
14803 -1
14804 99
14805 99
14807 -1
14808 -1
14809 -1
14810 -1
14811 -1
14812 166
14813 -1
14814 152
14815 -1
14816 -1
14817 -1
14818 -1
14819 -1
14820 -1
14821 -1
14822 142
14823 -1
14824 18
14827 66
14828 -1
14830 117
14831 147
14832 -1
14834 -1
14836 99
14837 68
14838 118
14839 58
14840 124
14841 -1
14842 -1
14843 -1
14844 -1
14845 -1
14846 40
14847 -1
14848 -1
14849 40
14850 -1
14851 -1
14852 -1
14853 -1
14854 35
14857 -1
14858 105
14859 -1
14860 106
14861 -1
14863 146
14864 99
14865 99
14866 -1
14867 -1
14868 -1
14869 -1
14871 105
14872 -1
14874 -1
14875 -1
14876 -1
14877 -1
14878 -1
14879 -1
14880 -1
14881 -1
14882 164
14883 -1
14885 146
14886 69
14887 59
14888 164
14889 -1
14890 26
14891 -1
14892 -1
14893 52
14894 -1
14895 -1
14896 164
14897 -1
14898 -1
14899 156
14900 -1
14901 -1
14902 18
14903 18
14904 -1
14905 24
14906 -1
14907 -1
14908 -1
14909 -1
14910 147
14911 -1
14912 120
14913 83
14914 160
14915 -1
14916 96
14917 -1
14918 99
14919 52
14920 -1
14921 -1
14922 -1
14923 47
14924 -1
14925 -1
14926 -1
14927 56
14928 146
14929 -1
14930 66
14931 -1
14932 -1
14933 18
14934 -1
14935 -1
14936 47
14937 -1
14938 18
14939 18
14941 -1
14942 18
14943 -1
14946 -1
14947 89
14948 62
14949 59
14950 -1
14951 126
14957 -1
14958 -1
14959 -1
14960 -1
14961 -1
14962 147
14963 -1
14965 -1
14966 83
14967 -1
14968 -1
14969 46
14970 -1
14971 -1
14972 -1
14973 113
14974 113
14975 -1
14976 164
14977 164
14978 164
14979 164
14980 164
14981 -1
14982 164
14983 164
14984 -1
14985 -1
14986 -1
14987 -1
14988 -1
14989 -1
14990 -1
14991 -1
14992 -1
14993 -1
14994 -1
14995 -1
14996 -1
14997 -1
14998 -1
14999 -1
15000 -1
15001 -1
15002 -1
15003 -1
15004 45
15005 -1
15006 -1
15007 -1
15008 -1
15009 -1
15010 -1
15011 47
15012 47
15014 -1
15015 47
15016 -1
15017 -1
15018 35
15019 -1
15020 -1
15021 -1
15022 -1
15023 52
15024 18
15025 50
15026 30
15027 147
15028 147
15029 141
15030 -1
15031 -1
15032 18
15033 -1
15034 105
15035 -1
15036 52
15037 30
15038 89
15039 -1
15040 -1
15041 -1
15042 133
15043 89
15044 146
15045 159
15046 52
15047 52
15048 -1
15049 -1
15051 -1
15052 -1
15053 142
15054 -1
15055 142
15056 -1
15057 -1
15058 24
15059 24
15062 142
15063 120
15064 -1
15065 -1
15066 -1
15067 147
15068 125
15069 -1
15070 -1
15071 -1
15072 147
15073 -1
15074 -1
15075 -1
15076 -1
15077 66
15078 66
15081 20
15082 20
15083 89
15084 -1
15085 -1
15086 125
15087 -1
15088 -1
15089 59
15090 -1
15091 125
15092 -1
15093 68
15094 83
15095 -1
15096 -1
15097 147
15098 -1
15099 -1
15102 -1
15103 59
15104 147
15105 56
15106 -1
15107 -1
15108 152
15110 -1
15111 146
15112 24
15113 -1
15114 74
15117 118
15118 118
15119 -1
15120 47
15121 -1
15122 166
15123 -1
15124 -1
15125 -1
15126 141
15127 86
15128 69
15129 69
15130 69
15133 -1
15134 83
15135 -1
15136 69
15138 -1
15139 -1
15140 138
15141 96
15142 -1
15145 -1
15146 -1
15147 142
15148 18
15149 142
15150 29
15151 35
15152 108
15157 -1
15160 -1
15161 -1
15162 -1
15164 -1
15165 -1
15167 -1
15168 119
15169 -1
15170 -1
15171 -1
15172 -1
15173 -1
15174 -1
15175 -1
15176 -1
15177 -1
15178 -1
15179 -1
15180 -1
15181 125
15182 -1
15184 -1
15185 120
15186 -1
15187 -1
15188 -1
15189 -1
15190 130
15191 -1
15192 -1
15193 130
15194 130
15195 130
15197 130
15198 -1
15199 -1
15200 130
15201 130
15203 76
15204 -1
15205 -1
15207 -1
15208 -1
15211 -1
15212 149
15213 -1
15214 131
15215 -1
15216 -1
15217 -1
15218 -1
15219 -1
15220 -1
15221 -1
15222 52
15223 52
15224 28
15226 -1
15227 59
15228 52
15229 -1
15230 130
15231 130
15232 130
15233 115
15234 130
15235 -1
15236 147
15237 83
15238 15
15239 -1
15240 -1
15241 -1
15242 39
15243 -1
15244 47
15245 -1
15246 18
15247 -1
15248 47
15249 76
15250 -1
15251 -1
15252 89
15253 -1
15254 -1
15255 -1
15257 153
15258 -1
15259 -1
15260 130
15261 -1
15262 36
15263 -1
15264 52
15265 18
15266 99
15267 -1
15268 -1
15269 -1
15270 -1
15271 -1
15273 -1
15274 -1
15275 39
15277 47
15279 39
15280 -1
15281 39
15282 -1
15283 -1
15285 47
15287 160
15288 160
15289 -1
15290 -1
15291 -1
15292 -1
15293 -1
15294 -1
15298 -1
15299 62
15301 -1
15302 -1
15303 -1
15304 -1
15305 39
15307 -1
15308 39
15309 -1
15310 94
15311 -1
15312 -1
15313 -1
15314 147
15315 -1
15316 -1
15319 -1
15320 -1
15321 -1
15322 -1
15323 -1
15324 164
15325 164
15326 164
15327 164
15328 164
15331 -1
15332 -1
15333 24
15334 -1
15335 -1
15336 -1
15337 -1
15338 47
15339 -1
15340 39
15342 39
15343 39
15344 -1
15345 47
15347 -1
15351 -1
15352 -1
15353 33
15354 24
15355 39
15356 113
15357 83
15359 -1
15360 118
15361 -1
15362 145
15363 52
15364 156
15365 -1
15366 66
15367 -1
15368 52
15369 52
15370 146
15371 -1
15372 -1
15373 -1
15374 -1
15375 -1
15376 39
15377 -1
15379 39
15380 66
15382 39
15383 -1
15384 -1
15385 -1
15386 -1
15387 -1
15389 39
15390 -1
15391 -1
15392 -1
15393 146
15394 -1
15395 -1
15396 -1
15397 -1
15398 -1
15399 39
15400 -1
15401 -1
15402 -1
15403 -1
15404 39
15405 -1
15406 63
15407 -1
15408 -1
15411 147
15412 162
15413 -1
15414 66
15415 68
15416 -1
15417 142
15418 -1
15419 104
15422 89
15426 52
15427 147
15428 -1
15429 166
15430 166
15431 159
15432 -1
15434 -1
15435 -1
15436 -1
15437 -1
15438 -1
15439 47
15440 47
15442 47
15443 47
15444 47
15446 -1
15447 -1
15448 52
15449 -1
15450 147
15451 120
15452 -1
15454 -1
15455 -1
15456 -1
15457 82
15458 -1
15459 62
15460 -1
15461 24
15462 126
15463 162
15464 166
15465 -1
15466 -1
15467 -1
15468 -1
15469 162
15471 -1
15472 59
15473 114
15474 -1
15475 -1
15478 -1
15479 52
15480 117
15481 -1
15482 -1
15483 43
15484 143
15485 89
15486 -1
15487 153
15488 -1
15489 -1
15490 143
15491 142
15492 -1
15493 -1
15494 120
15495 -1
15496 -1
15497 -1
15498 -1
15499 -1
15500 -1
15501 105
15503 53
15504 143
15506 128
15507 99
15508 30
15510 84
15511 156
15512 33
15513 83
15514 146
15515 59
15516 118
15517 74
15518 18
15519 66
15520 -1
15521 55
15523 120
15524 -1
15525 105
15526 -1
15527 52
15528 27
15529 104
15530 -1
15531 -1
15532 92
15533 -1
15534 118
15535 153
15536 89
15537 -1
15538 156
15539 162
15540 105
15541 20
15542 -1
15543 36
15544 17
15545 -1
15546 146
15547 74
15548 125
15549 -1
15550 -1
15551 117
15552 -1
15553 24
15554 -1
15557 94
15558 115
15559 83
15561 18
15562 -1
15563 120
15564 126
15565 -1
15566 -1
15567 157
15568 105
15569 146
15570 -1
15571 -1
15572 118
15573 117
15574 70
15575 -1
15576 -1
15577 52
15578 -1
15580 -1
15581 105
15583 52
15584 -1
15585 39
15586 -1
15587 39
15588 -1
15589 -1
15591 -1
15592 124
15593 52
15594 18
15595 126
15596 105
15597 124
15598 -1
15599 -1
15600 -1
15601 -1
15602 39
15603 -1
15604 -1
15605 -1
15606 -1
15607 -1
15608 -1
15609 -1
15610 61
15611 24
15612 59
15613 -1
15614 39
15615 -1
15616 74
15617 96
15618 105
15619 -1
15620 -1
15621 68
15622 -1
15624 61
15625 -1
15626 49
15627 -1
15628 -1
15629 -1
15630 -1
15631 18
15632 52
15633 -1
15634 -1
15635 -1
15637 -1
15638 -1
15639 -1
15640 -1
15641 -1
15642 -1
15643 -1
15644 144
15645 144
15648 95
15649 61
15650 132
15651 66
15652 68
15653 68
15654 68
15655 101
15656 147
15657 146
15658 -1
15659 -1
15660 48
15661 -1
15662 47
15663 47
15664 47
15665 47
15666 47
15667 47
15668 47
15669 47
15670 47
15671 47
15672 47
15673 47
15674 120
15675 141
15676 -1
15677 -1
15678 -1
15679 -1
15680 89
15681 -1
15683 83
15684 18
15685 -1
15686 45
15687 45
15688 45
15689 45
15690 45
15691 45
15692 45
15693 -1
15694 52
15696 -1
15697 -1
15698 -1
15699 58
15701 52
15702 149
15703 -1
15704 -1
15705 47
15706 -1
15707 -1
15720 58
15721 83
15722 33
15723 -1
15724 43
15725 43
15727 43
15728 43
15729 43
15730 43
15731 43
15732 66
15734 -1
15735 -1
15737 47
15738 47
15739 -1
15740 66
15741 -1
15742 164
15744 47
15745 164
15746 -1
15747 -1
15749 -1
15751 132
15752 144
15753 -1
15754 -1
15756 -1
15758 59
15759 24
15760 -1
15761 -1
15762 -1
15763 -1
15764 18
15765 -1
15766 35
15767 -1
15768 143
15769 89
15770 -1
15771 -1
15772 158
15773 143
15774 156
15775 76
15776 -1
15777 -1
15778 47
15779 30
15780 59
15781 96
15783 -1
15784 120
15785 -1
15786 -1
15787 -1
15788 86
15789 84
15790 -1
15791 24
15792 131
15793 -1
15794 52
15795 99
15796 89
15797 52
15798 -1
15800 -1
15801 145
15802 52
15803 -1
15804 141
15805 141
15806 105
15807 120
15808 -1
15809 84
15810 -1
15811 132
15812 108
15813 108
15814 -1
15815 -1
15816 76
15818 -1
15819 -1
15820 76
15821 -1
15822 104
15823 141
15824 76
15825 76
15826 -1
15827 76
15828 76
15829 76
15830 -1
15831 28
15832 162
15833 118
15834 -1
15835 -1
15836 163
15837 -1
15838 108
15840 -1
15841 -1
15842 57
15843 39
15844 -1
15845 -1
15846 89
15847 -1
15848 -1
15849 -1
15850 -1
15851 -1
15852 -1
15853 82
15855 -1
15856 44
15857 44
15858 -1
15859 44
15860 43
15863 43
15866 124
15867 -1
15872 -1
15873 -1
15875 142
15876 142
15877 -1
15878 147
15879 86
15880 -1
15881 -1
15882 -1
15883 83
15884 95
15885 59
15888 68
15889 -1
15891 -1
15892 -1
15893 -1
15894 -1
15895 -1
15896 47
15901 -1
15902 43
15903 -1
15904 -1
15905 43
15906 -1
15907 -1
15908 -1
15909 -1
15910 43
15911 39
15913 39
15914 39
15915 -1
15916 -1
15917 101
15918 -1
15919 68
15920 68
15921 68
15922 132
15923 74
15924 -1
15925 18
15926 84
15928 84
15930 162
15931 -1
15932 120
15933 120
15934 120
15935 63
15936 -1
15937 141
15939 -1
15940 -1
15941 116
15942 -1
15943 -1
15944 -1
15945 -1
15946 -1
15947 -1
15948 24
15949 63
15950 -1
15952 43
15953 83
15954 120
15955 66
15956 101
15957 124
15958 -1
15959 142
15960 -1
15961 117
15962 118
15963 -1
15964 68
15965 -1
15966 114
15967 86
15968 74
15971 -1
15972 120
15973 103
15974 -1
15975 150
15976 120
15977 -1
15978 -1
15979 130
15980 -1
15981 29
15982 134
15984 -1
15988 105
15989 84
15990 -1
15991 86
15992 -1
15993 -1
15994 -1
15995 -1
15997 -1
16000 147
16001 -1
16002 84
16003 -1
16004 94
16005 141
16006 79
16007 -1
16008 141
16009 -1
16010 -1
16011 -1
16012 -1
16013 94
16014 -1
16015 141
16016 142
16017 142
16018 141
16019 -1
16020 -1
16021 83
16025 18
16026 106
16027 83
16028 141
16029 99
16030 156
16031 68
16032 -1
16033 -1
16034 99
16035 -1
16036 -1
16037 -1
16038 31
16039 -1
16040 102
16041 -1
16042 18
16043 52
16044 -1
16045 83
16046 99
16047 83
16048 52
16049 25
16050 -1
16051 56
16052 -1
16053 -1
16054 74
16055 52
16056 -1
16057 63
16058 104
16059 166
16060 105
16061 -1
16062 -1
16063 125
16064 120
16065 -1
16066 -1
16067 -1
16068 154
16070 -1
16071 -1
16072 -1
16073 83
16074 115
16075 -1
16076 140
16077 83
16078 14
16079 15
16080 15
16082 15
16083 15
16084 14
16085 14
16086 14
16087 76
16088 76
16089 76
16090 14
16091 15
16092 15
16093 15
16094 15
16096 15
16097 15
16100 15
16101 15
16102 15
16103 15
16104 15
16106 14
16107 14
16108 14
16109 14
16110 14
16111 14
16112 14
16113 14
16114 14
16115 15
16116 15
16117 15
16118 15
16119 15
16120 15
16121 15
16122 76
16123 76
16124 76
16125 76
16126 76
16127 76
16128 76
16129 76
16130 76
16133 76
16134 76
16135 76
16138 15
16139 15
16140 15
16143 -1
16144 -1
16145 -1
16146 -1
16147 83
16148 53
16150 18
16151 -1
16152 -1
16155 74
16156 83
16157 66
16158 166
16159 10
16162 118
16163 84
16164 -1
16165 -1
16168 166
16170 50
16171 -1
16172 120
16173 79
16174 159
16175 -1
16176 147
16177 -1
16178 -1
16179 -1
16180 -1
16181 166
16182 -1
16183 113
16184 -1
16190 136
16191 142
16193 -1
16194 18
16197 89
16202 166
16203 130
16204 152
16205 12
16206 11
16207 -1
16208 -1
16209 -1
16210 -1
16211 -1
16212 39
16213 39
16214 -1
16215 -1
16216 -1
16217 39
16218 147
16219 39
16220 -1
16221 39
16222 39
16224 -1
16225 115
16226 153
16227 147
16228 74
16229 118
16230 -1
16231 -1
16232 141
16233 -1
16234 -1
16235 117
16236 66
16237 -1
16238 104
16239 -1
16240 -1
16241 147
16242 118
16243 52
16244 -1
16245 166
16246 11
16247 -1
16248 11
16249 -1
16251 8
16252 -1
16253 -1
16254 -1
16255 8
16256 89
16257 -1
16258 161
16259 118
16260 30
16261 -1
16262 77
16263 151
16264 52
16265 -1
16266 18
16267 147
16268 -1
16269 77
16270 -1
16271 -1
16272 -1
16273 118
16274 120
16275 -1
16276 -1
16277 -1
16278 -1
16279 -1
16280 -1
16281 79
16282 -1
16283 -1
16284 89
16285 126
16286 -1
16287 89
16288 103
16289 103
16290 -1
16291 86
16292 86
16293 86
16294 89
16295 166
16296 166
16297 164
16298 131
16299 -1
16300 116
16301 -1
16302 84
16303 86
16304 86
16305 86
16306 86
16307 86
16310 -1
16311 -1
16312 86
16313 83
16314 83
16315 -1
16316 -1
16317 86
16318 86
16319 11
16320 86
16321 -1
16322 118
16323 -1
16324 -1
16325 89
16326 162
16327 -1
16328 86
16329 -1
16330 -1
16331 -1
16332 -1
16333 -1
16334 130
16335 -1
16338 -1
16339 160
16340 114
16341 -1
16342 114
16343 -1
16344 18
16345 24
16346 -1
16347 -1
16348 -1
16349 -1
16350 89
16351 101
16352 77
16353 -1
16354 -1
16355 159
16356 -1
16357 -1
16358 84
16359 -1
16360 105
16361 -1
16362 52
16363 -1
16364 71
16365 116
16366 89
16367 -1
16368 -1
16369 20
16370 118
16371 -1
16373 -1
16374 -1
16375 -1
16376 -1
16377 84
16378 -1
16379 120
16380 -1
16381 -1
16382 129
16383 111
16384 -1
16385 -1
16386 116
16389 -1
16390 -1
16391 -1
16392 146
16393 -1
16394 -1
16395 -1
16396 146
16397 -1
16398 -1
16399 -1
16400 -1
16401 -1
16402 -1
16403 138
16405 111
16407 134
16408 -1
16409 146
16410 149
16411 -1
16412 -1
16413 -1
16414 -1
16415 -1
16416 119
16417 -1
16418 -1
16419 -1
16420 -1
16421 110
16422 -1
16423 71
16424 -1
16425 -1
16426 -1
16427 71
16428 84
16429 -1
16430 116
16431 146
16432 162
16433 -1
16434 -1
16435 108
16436 116
16437 -1
16438 162
16439 116
16440 -1
16441 146
16442 -1
16443 146
16444 -1
16445 116
16446 116
16447 -1
16448 111
16449 118
16450 -1
16451 -1
16452 130
16453 -1
16454 -1
16455 -1
16456 -1
16457 -1
16458 89
16459 89
16460 67
16461 84
16462 -1
16463 67
16464 108
16465 108
16466 108
16467 -1
16468 11
16469 116
16470 -1
16471 -1
16472 102
16473 115
16474 130
16475 146
16476 -1
16477 -1
16478 -1
16479 -1
16480 130
16481 -1
16482 -1
16483 -1
16484 -1
16485 -1
16486 84
16487 110
16488 -1
16489 -1
16490 11
16491 -1
16492 -1
16493 -1
16494 -1
16495 -1
16496 -1
16497 146
16498 115
16499 -1
16500 -1
16501 55
16502 -1
16503 108
16504 146
16505 96
16506 -1
16507 146
16508 108
16509 150
16510 -1
16511 -1
16512 84
16513 84
16514 -1
16515 -1
16516 89
16517 52
16518 143
16519 -1
16520 83
16521 144
16522 8
16523 -1
16524 108
16525 -1
16526 -1
16527 8
16528 18
16529 -1
16530 67
16531 -1
16532 -1
16533 -1
16534 89
16535 -1
16536 8
16537 -1
16538 154
16539 -1
16540 -1
16541 108
16542 24
16543 108
16545 78
16546 24
16547 142
16548 108
16549 -1
16551 24
16552 103
16554 -1
16555 78
16557 163
16558 52
16559 89
16560 -1
16561 104
16562 13
16563 13
16564 13
16565 13
16566 13
16567 13
16568 13
16569 13
16570 13
16571 13
16572 13
16573 13
16574 13
16575 13
16576 13
16577 13
16578 13
16579 13
16580 13
16581 108
16582 8
16583 78
16584 24
16585 142
16586 108
16587 -1
16588 8
16589 8
16590 103
16591 8
16592 -1
16593 78
16594 8
16595 -1
16596 52
16597 89
16598 -1
16599 104
16600 -1
16601 146
16602 116
16603 -1
16604 134
16605 -1
16606 119
16607 108
16608 120
16609 -1
16610 157
16611 149
16612 -1
16613 -1
16614 89
16615 -1
16616 52
16617 32
16618 -1
16619 82
16620 -1
16621 49
16622 -1
16623 75
16624 134
16625 149
16626 24
16627 -1
16628 -1
16629 132
16630 116
16631 116
16632 111
16633 -1
16634 -1
16635 -1
16636 -1
16637 73
16638 116
16639 115
16640 143
16641 -1
16642 -1
16644 -1
16645 -1
16646 -1
16647 134
16648 -1
16649 60
16650 51
16651 108
16652 -1
16653 -1
16654 -1
16655 -1
16656 -1
16657 -1
16658 -1
16659 116
16660 -1
16661 -1
16662 62
16663 -1
16664 62
16665 -1
16666 144
16667 144
16668 89
16669 89
16670 83
16671 66
16672 -1
16673 -1
16674 166
16676 -1
16677 -1
16678 96
16679 18
16680 104
16682 152
16684 89
16685 83
16686 66
16687 89
16688 83
16689 66
16690 -1
16691 33
16692 166
16693 -1
16694 33
16695 166
16696 96
16697 -1
16698 -1
16699 96
16700 -1
16701 -1
16702 96
16703 18
16705 96
16706 18
16708 136
16709 152
16710 -1
16711 83
16712 136
16713 152
16714 147
16715 83
16716 -1
16717 -1
16718 33
16719 33
16720 96
16721 86
16722 138
16723 84
16724 -1
16725 142
16726 115
16727 52
16728 -1
16729 -1
16730 -1
16731 115
16732 108
16733 146
16734 -1
16735 138
16736 -1
16737 52
16738 -1
16739 -1
16740 -1
16741 108
16742 146
16743 -1
16744 138
16745 -1
16746 52
16747 -1
16748 -1
16749 -1
16750 -1
16751 108
16752 146
16753 102
16754 138
16755 -1
16756 -1
16757 52
16758 -1
16759 118
16760 8
16761 118
16762 118
16763 116
16764 123
16765 -1
16766 116
16767 123
16768 -1
16769 -1
16770 143
16771 120
16772 133
16773 -1
16774 -1
16775 133
16776 13
16777 8
16778 43
16779 43
16780 -1
16781 134
16782 134
16783 52
16784 118
16785 134
16786 -1
16787 -1
16788 115
16789 -1
16790 -1
16791 108
16792 115
16793 11
16794 11
16795 11
16796 11
16797 -1
16798 -1
16799 -1
16800 -1
16801 30
16802 -1
16803 151
16804 105
16805 52
16806 26
16807 116
16808 116
16809 116
16810 118
16811 53
16812 49
16813 122
16814 14
16815 30
16816 -1
16817 -1
16818 151
16819 -1
16820 -1
16821 -1
16822 -1
16823 -1
16824 -1
16825 138
16826 35
16827 92
16828 -1
16829 18
16830 18
16831 130
16832 -1
16833 -1
16834 140
16835 -1
16836 -1
16837 62
16838 18
16839 -1
16840 -1
16841 116
16842 -1
16843 -1
16844 155
16845 155
16846 155
16847 50
16848 50
16849 50
16850 50
16851 50
16852 50
16853 50
16854 50
16855 50
16856 50
16857 50
16858 50
16859 50
16860 50
16861 50
16862 50
16863 50
16864 50
16865 50
16866 50
16867 50
16868 50
16869 50
16870 50
16871 50
16872 50
16873 50
16874 50
16875 50
16876 50
16877 50
16878 50
16879 50
16880 50
16881 50
16882 50
16883 50
16884 50
16885 50
16886 50
16887 50
16888 50
16889 50
16890 50
16891 50
16892 50
16893 50
16894 50
16895 50
16896 50
16897 50
16898 50
16899 50
16900 50
16901 50
16902 50
16903 50
16904 50
16905 50
16906 50
16907 50
16908 50
16909 50
16910 50
16911 50
16912 50
16913 50
16914 96
16915 18
16916 -1
16917 -1
16918 -1
16919 -1
16920 -1
16921 -1
16922 -1
16923 -1
16924 -1
16925 18
16926 89
16927 -1
16928 70
16929 -1
16930 70
16931 70
16932 -1
16933 70
16934 70
16935 70
16936 70
16937 70
16938 70
16939 70
16940 70
16941 70
16942 70
16943 70
16944 70
16945 70
16946 70
16947 70
16949 70
16951 70
16952 70
16953 70
16954 70
16955 70
16956 70
16957 70
16958 70
16959 70
16960 70
16961 70
16962 70
16963 70
16964 70
16965 -1
16966 70
16967 70
16968 71
16969 70
16970 -1
16971 70
16972 70
16973 70
16974 70
16975 70
16976 70
16977 70
16978 70
16979 70
16980 13
16981 70
16982 70
16983 70
16984 70
16985 70
16986 70
16987 70
16988 70
16989 70
16990 70
16991 70
16992 70
16993 150
16994 8
16995 -1
16996 -1
16997 -1
16998 -1
16999 138
17000 34
17001 -1
17002 52
17003 8
17004 165
17005 8
17006 -1
17007 24
17008 -1
17009 -1
17010 -1
17011 -1
17012 15
17013 8
17014 115
17015 25
17016 159
17017 -1
17018 24
17019 -1
17020 147
17021 -1
17022 146
17023 57
17024 146
17025 143
17026 -1
17027 -1
17028 -1
17029 -1
17030 35
17031 -1
17032 -1
17033 -1
17034 -1
17035 55
17036 -1
17037 89
17038 84
17039 118
17040 129
17041 -1
17042 116
17043 162
17044 -1
17045 97
17046 129
17047 65
17048 18
17049 -1
17050 116
17051 116
17052 146
17053 -1
17054 57
17055 -1
17056 116
17057 146
17058 8
17059 -1
17060 -1
17061 83
17062 -1
17063 101
17064 95
17065 -1
17066 -1
17067 -1
17068 87
17069 87
17070 116
17071 111
17072 -1
17073 -1
17074 89
17075 -1
17076 52
17077 129
17078 147
17079 24
17080 -1
17081 -1
17082 15
17083 -1
17084 68
17085 32
17086 -1
17087 -1
17088 -1
17089 -1
17090 -1
17091 149
17092 -1
17093 -1
17094 -1
17095 -1
17096 -1
17097 99
17098 123
17099 123
17100 136
17101 82
17102 -1
17103 -1
17104 -1
17106 -1
17107 -1
17108 -1
17109 116
17110 146
17111 146
17112 146
17113 82
17114 -1
17115 125
17116 -1
17117 137
17118 -1
17119 30
17120 -1
17121 -1
17122 115
17123 -1
17124 147
17125 -1
17126 -1
17127 -1
17128 -1
17129 -1
17132 118
17133 166
17134 30
17135 -1
17136 -1
17137 -1
17138 -1
17139 -1
17140 -1
17141 -1
17142 -1
17143 -1
17144 -1
17145 -1
17146 116
17147 -1
17148 -1
17149 -1
17150 -1
17151 -1
17152 -1
17153 -1
17154 -1
17155 -1
17156 122
17157 161
17158 -1
17159 143
17160 -1
17161 -1
17162 -1
17163 -1
17164 -1
17165 -1
17166 -1
17167 -1
17168 -1
17169 -1
17170 -1
17171 -1
17172 -1
17173 -1
17174 -1
17175 -1
17176 -1
17177 -1
17178 -1
17179 -1
17180 -1
17181 -1
17182 -1
17183 59
17184 59
17185 -1
17186 138
17187 150
17188 -1
17189 59
17190 149
17191 -1
17192 -1
17193 -1
17194 -1
17195 -1
17196 -1
17197 -1
17198 116
17199 116
17200 -1
17201 -1
17202 21
17203 21
17204 21
17205 21
17206 21
17207 21
17208 21
17209 21
17210 21
17211 21
17212 21
17213 21
17214 21
17215 21
17216 21
17217 21
17218 21
17219 21
17220 21
17221 21
17222 21
17223 21
17224 21
17225 21
17226 31
17227 31
17228 34
17229 -1
17230 -1
17231 116
17232 116
17233 -1
17234 89
17235 55
17236 118
17237 162
17238 116
17239 -1
17240 -1
17241 -1
17242 146
17243 58
17244 -1
17245 -1
17246 8
17247 -1
17248 -1
17249 -1
17250 11
17251 59
17252 8
17253 156
17254 156
17255 166
17256 -1
17257 -1
17258 95
17259 95
17260 95
17261 -1
17262 -1
17263 -1
17264 108
17265 -1
17266 -1
17267 -1
17268 -1
17269 -1
17270 126
17271 141
17272 89
17273 -1
17274 44
17275 44
17276 44
17277 89
17278 -1
17279 157
17280 32
17281 59
17282 -1
17283 116
17284 -1
17286 -1
17287 -1
17288 8
17289 108
17290 -1
17291 -1
17292 -1
17293 -1
17294 118
17295 118
17296 44
17297 44
17298 146
17299 -1
17300 29
17301 -1
17302 -1
17303 -1
17304 153
17305 66
17306 115
17307 -1
17308 105
17309 -1
17310 -1
17311 -1
17312 -1
17313 -1
17314 -1
17315 -1
17316 -1
17317 -1
17318 12
17319 166
17320 -1
17321 59
17322 -1
17323 -1
17324 104
17325 -1
17326 -1
17327 142
17328 -1
17329 18
17330 -1
17331 149
17332 24
17333 -1
17334 130
17335 134
17336 -1
17337 -1
17338 -1
17339 134
17340 -1
17341 165
17342 -1
17343 -1
17344 12
17345 -1
17346 156
17347 -1
17348 136
17349 52
17350 15
17351 35
17352 29
17353 138
17354 165
17355 -1
17356 -1
17357 150
17358 18
17359 83
17360 18
17361 44
17362 101
17363 -1
17364 149
17365 116
17366 134
17367 -1
17368 116
17369 166
17370 130
17371 12
17372 97
17373 97
17374 -1
17375 101
17376 -1
17377 116
17378 12
17379 12
17380 108
17381 -1
17382 134
17383 84
17384 12
17385 12
17386 12
17387 12
17388 12
17389 12
17390 12
17391 12
17392 12
17393 12
17394 -1
17395 12
17396 12
17397 12
17398 12
17399 -1
17400 12
17401 12
17402 12
17403 12
17404 12
17405 12
17406 12
17407 12
17408 12
17409 12
17410 12
17411 12
17412 12
17413 12
17414 12
17415 12
17416 12
17417 12
17418 12
17419 12
17420 12
17421 12
17422 -1
17423 12
17424 12
17425 12
17426 12
17427 12
17428 12
17429 12
17430 12
17431 12
17432 12
17433 12
17434 12
17435 12
17436 -1
17437 -1
17438 120
17439 -1
17440 111
17441 116
17442 -1
17443 -1
17444 -1
17445 -1
17446 12
17447 12
17448 12
17449 12
17450 12
17451 12
17452 -1
17453 -1
17454 -1
17455 83
17456 25
17457 101
17458 -1
17459 -1
17460 153
17461 165
17462 -1
17463 104
17464 120
17465 57
17466 -1
17467 -1
17468 116
17469 116
17470 -1
17471 -1
17472 -1
17473 116
17474 116
17475 -1
17476 -1
17477 -1
17478 51
17479 -1
17480 149
17481 51
17482 51
17483 51
17484 51
17485 51
17486 51
17487 51
17488 51
17489 116
17490 116
17491 -1
17492 -1
17493 -1
17494 -1
17495 146
17496 -1
17497 -1
17499 151
17500 111
17501 130
17502 130
17503 -1
17504 -1
17505 -1
17506 164
17507 -1
17508 -1
17509 -1
17510 -1
17511 -1
17512 -1
17513 -1
17514 146
17515 -1
17516 116
17517 83
17518 111
17519 116
17520 148
17521 -1
17522 44
17523 116
17524 -1
17526 116
17527 55
17528 162
17529 -1
17530 -1
17531 -1
17532 -1
17534 -1
17535 -1
17538 118
17539 -1
17542 -1
17543 -1
17544 118
17545 -1
17546 59
17547 -1
17548 -1
17549 -1
17550 118
17551 -1
17552 59
17554 -1
17556 -1
17557 -1
17558 31
17559 -1
17560 -1
17561 116
17562 132
17563 -1
17564 -1
17565 82
17566 33
17567 -1
17568 -1
17569 -1
17570 -1
17571 -1
17572 -1
17576 52
17577 -1
17578 18
17579 -1
17580 -1
17581 83
17582 71
17583 30
17584 -1
17585 74
17586 -1
17587 -1
17589 11
17591 116
17593 -1
17594 -1
17595 -1
17596 -1
17597 -1
17599 129
17601 116
17602 8
17603 146
17604 -1
17605 -1
17606 162
17607 -1
17608 162
17609 161
17610 -1
17611 116
17612 108
17613 108
17614 24
17615 116
17617 44
17618 134
17619 89
17620 78
17621 8
17623 116
17624 116
17625 116
17628 134
17629 -1
17631 -1
17632 45
17633 -1
17634 82
17635 -1
17636 -1
17637 -1
17638 -1
17639 104
17640 -1
17641 -1
17642 83
17643 -1
17645 66
17646 -1
17647 -1
17648 -1
17649 -1
17650 8
17651 -1
17652 8
17653 117
17655 -1
17656 -1
17657 -1
17659 8
17660 24
17661 61
17662 103
17663 116
17664 -1
17665 83
17666 83
17667 52
17668 -1
17669 -1
17673 -1
17674 133
17675 18
17676 -1
17677 103
17678 -1
17679 -1
17680 -1
17681 122
17682 -1
17683 -1
17684 -1
17685 -1
17686 -1
17687 -1
17688 53
17689 -1
17690 71
17691 71
17692 -1
17693 24
17694 52
17695 57
17696 58
17697 8
17698 -1
17699 -1
17700 -1
17701 153
17702 -1
17703 103
17704 -1
17705 -1
17706 53
17707 8
17708 -1
17709 152
17710 -1
17711 -1
17712 -1
17713 -1
17714 116
17715 134
17716 122
17717 -1
17718 -1
17721 -1
17722 122
17723 -1
17724 44
17725 51
17726 51
17727 -1
17728 138
17729 -1
17730 40
17732 165
17733 131
17734 -1
17735 -1
17736 -1
17737 -1
17738 130
17740 144
17741 65
17742 142
17743 116
17744 116
17745 116
17746 35
17747 89
17748 118
17749 118
17750 118
17751 130
17752 -1
17753 -1
17755 -1
17757 8
17758 8
17759 152
17760 15
17761 8
17762 15
17763 15
17764 -1
17765 -1
17766 -1
17767 12
17768 12
17769 -1
17770 12
17772 127
17773 127
17774 -1
17775 -1
17777 -1
17778 -1
17779 -1
17780 104
17781 -1
17782 83
17789 114
17790 134
17791 -1
17792 116
17793 -1
17794 149
17795 108
17796 114
17797 134
17799 127
17800 127
17801 127
17802 127
17803 -1
17804 127
17805 127
17806 127
17807 -1
17810 -1
17811 -1
17813 31
17814 -1
17815 108
17816 166
17820 102
17821 161
17822 118
17823 102
17824 -1
17825 -1
17826 -1
17827 156
17829 118
17830 -1
17831 116
17832 -1
17833 -1
17834 -1
17835 -1
17836 143
17837 127
17838 -1
17839 -1
17840 116
17841 -1
17842 -1
17844 83
17845 -1
17846 -1
17847 -1
17848 52
17849 -1
17852 -1
17853 -1
17854 -1
17855 116
17856 18
17857 -1
17858 -1
17859 66
17860 -1
17861 -1
17862 -1
17863 52
17864 -1
17865 -1
17866 -1
17867 95
17868 -1
17869 -1
17870 -1
17871 -1
17872 -1
17873 102
17874 -1
17875 44
17876 44
17877 44
17878 44
17879 -1
17881 132
17882 -1
17884 11
17886 149
17887 132
17888 -1
17889 -1
17890 11
17892 -1
17893 -1
17894 118
17895 -1
17896 116
17897 29
17898 -1
17899 -1
17900 -1
17901 -1
17902 -1
17903 116
17904 116
17905 143
17906 138
17907 -1
17908 -1
17909 -1
17910 -1
17911 62
17912 -1
17913 -1
17914 15
17915 122
17916 122
17917 -1
17918 -1
17919 18
17920 -1
17921 166
17922 137
17923 -1
17924 116
17925 -1
17926 -1
17927 55
17928 -1
17929 -1
17930 116
17932 44
17933 62
17934 62
17935 106
17936 89
17937 44
17938 44
17939 44
17940 44
17941 44
17942 44
17943 44
17944 44
17945 44
17948 127
17949 127
17950 10
17951 10
17952 138
17954 161
17955 146
17956 127
17957 -1
17959 19
17960 10
17961 127
17962 -1
17963 -1
17964 116
17965 127
17966 21
17967 21
17968 -1
17970 8
17971 -1
17972 -1
17973 -1
17974 32
17975 8
17977 -1
17978 8
17979 82
17980 103
17981 103
17982 8
17983 -1
17984 -1
17985 -1
17986 -1
17987 -1
17988 8
17989 -1
17990 96
17991 -1
17992 65
17994 32
17995 -1
17997 -1
17998 -1
17999 116
18001 149
18002 -1
18003 57
18004 -1
18005 -1
18006 163
18007 82
18008 96
18009 51
18010 163
18011 163
18012 163
18013 163
18014 163
18015 -1
18016 -1
18017 -1
18018 -1
18019 -1
18020 163
18021 163
18022 163
18023 163
18024 163
18025 -1
18026 -1
18027 -1
18028 -1
18029 163
18030 -1
18031 -1
18032 -1
18033 116
18034 57
18035 -1
18036 149
18037 -1
18038 -1
18039 -1
18040 -1
18041 -1
18042 -1
18043 52
18044 -1
18045 -1
18046 -1
18047 133
18048 18
18049 -1
18050 -1
18051 -1
18052 12
18053 35
18054 142
18055 24
18056 24
18058 0
18059 0
18060 74
18061 74
18062 -1
18063 -1
18064 8
18065 8
18066 -1
18067 -1
18068 -1
18069 104
18070 -1
18071 120
18072 116
18073 -1
18074 -1
18075 144
18076 144
18077 79
18078 15
18079 -1
18080 118
18081 -1
18082 -1
18084 118
18085 118
18087 -1
18089 44
18090 44
18093 -1
18094 -1
18095 30
18096 44
18097 44
18098 44
18099 44
18100 44
18101 44
18102 44
18103 44
18104 44
18105 24
18106 18
18107 -1
18108 130
18109 52
18110 52
18111 -1
18112 8
18113 130
18114 -1
18115 89
18116 -1
18118 -1
18119 116
18120 116
18121 -1
18122 -1
18123 -1
18124 -1
18125 52
18126 105
18127 105
18128 105
18129 -1
18130 -1
18131 127
18132 44
18133 -1
18134 127
18135 127
18136 127
18137 127
18138 127
18139 127
18140 127
18141 116
18142 116
18143 116
18144 8
18145 8
18146 -1
18147 -1
18148 94
18149 -1
18150 132
18151 132
18152 116
18153 -1
18154 -1
18155 -1
18156 -1
18157 -1
18158 -1
18159 -1
18160 82
18161 -1
18162 -1
18163 -1
18164 -1
18165 134
18166 104
18167 18
18168 -1
18169 116
18170 -1
18171 -1
18172 -1
18173 -1
18174 -1
18175 -1
18176 -1
18177 59
18178 11
18179 59
18180 -1
18184 131
18186 116
18187 134
18188 149
18189 118
18190 44
18191 166
18192 -1
18193 34
18194 -1
18195 -1
18196 -1
18197 -1
18198 8
18199 89
18200 -1
18201 83
18202 65
18203 101
18204 101
18205 116
18206 26
18207 -1
18208 -1
18209 -1
18210 44
18211 44
18212 11
18213 89
18214 116
18217 -1
18219 83
18220 83
18221 83
18222 43
18224 152
18225 -1
18226 118
18227 -1
18228 -1
18229 123
18230 -1
18231 118
18232 -1
18233 -1
18234 123
18235 57
18236 -1
18237 -1
18238 -1
18239 -1
18240 103
18243 103
18244 11
18245 55
18246 152
18247 -1
18248 -1
18249 18
18250 -1
18251 -1
18252 -1
18253 -1
18254 -1
18255 116
18256 132
18257 -1
18258 -1
18259 134
18260 -1
18261 -1
18262 -1
18263 116
18264 -1
18265 -1
18266 138
18267 -1
18268 116
18269 -1
18270 -1
18271 138
18272 132
18273 138
18274 134
18275 -1
18277 116
18278 -1
18281 -1
18282 116
18283 -1
18284 11
18285 -1
18286 -1
18287 143
18288 -1
18289 163
18290 163
18291 63
18292 -1
18293 -1
18294 -1
18295 116
18297 -1
18298 -1
18299 -1
18300 -1
18302 -1
18303 149
18306 11
18307 11
18309 111
18310 8
18311 8
18312 -1
18313 11
18314 134
18315 86
18316 -1
18317 -1
18319 111
18321 8
18323 -1
18324 -1
18325 -1
18326 -1
18328 132
18329 -1
18330 111
18331 116
18332 -1
18333 -1
18334 -1
18335 -1
18337 149
18338 -1
18339 149
18340 -1
18346 -1
18348 66
18349 149
18350 66
18352 -1
18358 -1
18359 -1
18360 -1
18361 -1
18362 143
18368 -1
18369 -1
18370 116
18371 149
18372 116
18373 -1
18374 -1
18375 -1
18376 116
18377 83
18378 -1
18379 149
18380 -1
18381 -1
18382 -1
18383 -1
18384 -1
18385 -1
18386 8
18387 8
18388 8
18389 8
18390 8
18391 8
18392 8
18393 8
18394 8
18395 8
18396 8
18397 8
18398 8
18399 8
18400 8
18401 8
18402 8
18403 8
18404 8
18405 8
18406 8
18407 8
18408 8
18409 8
18410 8
18411 8
18412 50
18413 8
18414 -1
18415 8
18416 143
18417 -1
18418 -1
18419 104
18420 118
18421 8
18422 -1
18423 159
18424 52
18425 -1
18426 -1
18427 141
18428 120
18429 15
18430 -1
18431 -1
18432 -1
18433 -1
18434 -1
18436 59
18437 -1
18438 115
18439 70
18440 116
18442 145
18443 116
18444 -1
18445 71
18446 83
18447 116
18448 -1
18449 -1
18450 -1
18451 149
18452 -1
18453 -1
18454 71
18456 -1
18457 44
18458 44
18459 44
18461 116
18462 116
18464 134
18465 8
18467 116
18468 -1
18469 152
18470 120
18471 -1
18472 136
18473 89
18474 116
18475 -1
18476 -1
18477 83
18479 89
18480 -1
18481 -1
18483 -1
18484 -1
18485 -1
18486 -1
18487 8
18488 -1
18489 -1
18490 116
18491 44
18492 -1
18493 116
18495 116
18496 -1
18497 116
18498 -1
18499 -1
18500 116
18502 -1
18503 -1
18504 -1
18505 -1
18521 116
18522 116
18523 66
18524 116
18525 -1
18526 -1
18527 149
18528 -1
18529 108
18530 -1
18531 134
18532 -1
18533 -1
18534 -1
18535 -1
18536 111
18537 116
18540 44
18541 44
18542 44
18543 59
18544 -1
18546 24
18548 18
18550 -1
18551 -1
18553 -1
18554 -1
18556 155
18559 -1
18561 159
18565 141
18568 -1
18591 -1
18592 -1
18593 159
18594 -1
18595 152
18596 52
18597 141
18598 -1
18599 -1
18600 -1
18601 152
18602 -1
18603 -1
18604 -1
18605 118
18606 -1
18607 15
18608 -1
18609 143
18610 50
18611 -1
18612 120
18615 -1
18617 -1
18618 -1
18619 -1
18620 120
18621 -1
18622 -1
18623 149
18624 -1
18625 116
18627 116
18629 -1
18630 111
18631 116
18633 -1
18634 125
18636 116
18637 138
18638 -1
18639 -1
18640 -1
18641 62
18642 -1
18643 -1
18644 -1
18645 -1
18646 134
18647 134
18648 111
18649 -1
18650 -1
18651 52
18652 -1
18653 52
18654 149
18655 149
18656 132
18657 132
18658 -1
18659 -1
18660 -1
18661 111
18662 149
18663 122
18664 86
18665 -1
18666 84
18667 43
18668 18
18669 -1
18670 24
18671 -1
18672 -1
18673 166
18674 51
18675 -1
18676 44
18678 156
18679 49
18680 53
18681 120
18682 -1
18683 18
18684 104
18685 24
18686 24
18687 134
18688 66
18689 -1
18690 142
18691 -1
18692 -1
18693 -1
18694 -1
18695 82
18696 -1
18697 104
18698 82
18699 -1
18700 -1
18701 132
18702 -1
18703 116
18704 132
18705 -1
18706 -1
18707 -1
18708 -1
18709 -1
18710 149
18711 111
18712 -1
18713 111
18714 -1
18715 149
18716 -1
18718 -1
18719 116
18720 18
18721 -1
18722 -1
18723 -1
18724 81
18725 15
18726 158
18727 -1
18728 143
18729 -1
18730 -1
18731 -1
18732 -1
18733 116
18734 -1
18736 149
18737 130
18740 -1
18741 -1
18742 -1
18743 -1
18744 116
18745 149
18749 149
18750 -1
18751 -1
18752 -1
18753 -1
18754 111
18755 -1
18756 62
18757 -1
18764 -1
18765 116
18766 -1
18767 -1
18768 116
18769 -1
18770 111
18771 111
18772 -1
18773 134
18774 134
18775 -1
18776 144
18777 -1
18778 120
18779 -1
18780 -1
18781 116
18782 -1
18783 -1
18784 130
18785 130
18786 130
18787 111
18788 -1
18789 -1
18790 -1
18791 -1
18792 -1
18794 144
18796 -1
18797 -1
18798 -1
18799 -1
18802 -1
18803 -1
18804 -1
18818 116
18819 -1
18820 120
18821 -1
18822 -1
18823 -1
18824 116
18825 -1
18826 111
18827 -1
18828 149
18829 -1
18830 160
18831 134
18832 126
18833 116
18834 134
18865 134
18866 134
18921 68
18922 68
18924 -1
18925 116
18927 -1
18929 -1
18930 157
18933 -1
18935 116
18936 116
18937 129
18938 32
18939 32
18940 -1
18941 -1
18942 -1
18943 -1
18944 152
18945 -1
18946 83
18947 104
18952 156
18953 66
18954 -1
18955 149
18956 -1
18957 18
18958 111
18959 -1
18960 149
18961 -1
18962 -1
18963 -1
18964 111
18965 149
18966 -1
18967 111
18968 149
18971 -1
18972 -1
18973 83
18975 -1
18977 142
18978 51
18980 93
18983 -1
18990 101
18991 132
18992 -1
18993 159
18994 -1
18995 159
18996 -1
18997 -1
18998 -1
18999 104
19000 149
19001 82
19002 -1
19003 -1
19004 82
19005 -1
19006 149
19007 -1
19008 -1
19009 149
19010 149
19011 104
19012 104
19013 -1
19014 -1
19015 -1
19016 -1
19017 -1
19018 104
19019 -1
19020 -1
19021 132
19022 132
19023 -1
19024 -1
19025 82
19026 149
19027 101
19028 133
19029 -1
19030 -1
19031 -1
19032 149
19033 104
19034 -1
19035 149
19036 132
19037 -1
19038 -1
19039 -1
19040 -1
19041 149
19042 -1
19043 104
19044 82
19045 -1
19046 -1
19047 -1
19048 -1
19049 -1
19050 52
19051 -1
19052 -1
19053 149
19054 137
19055 -1
19056 104
19058 -1
19061 -1
19063 134
19065 -1
19066 115
19067 -1
19068 -1
19070 -1
19071 -1
19072 -1
19073 -1
19074 82
19075 82
19076 -1
19077 -1
19078 150
19080 -1
19081 -1
19082 139
19083 -1
19084 -1
19085 140
19086 134
19090 18
19093 18
19094 18
19097 89
19098 -1
19099 -1
19100 -1
19101 -1
19102 121
19104 121
19105 121
19106 121
19107 121
19108 121
19109 121
19110 -1
19111 121
19112 121
19113 121
19114 121
19115 121
19116 121
19117 121
19118 121
19119 121
19120 -1
19121 121
19122 -1
19123 121
19124 -1
19127 121
19129 121
19132 121
19133 121
19134 -1
19137 -1
19141 121
19142 121
19143 -1
19144 166
19145 83
19146 -1
19147 116
19148 116
19149 -1
19150 111
19151 111
19152 153
19153 81
19154 -1
19155 -1
19156 81
19157 -1
19158 -1
19159 153
19160 -1
19161 -1
19162 -1
19163 -1
19164 -1
19165 121
19166 121
19167 121
19168 -1
19169 121
19170 121
19171 121
19172 121
19173 121
19174 121
19175 121
19176 121
19177 121
19178 121
19179 -1
19180 121
19181 -1
19182 121
19183 121
19184 -1
19185 121
19186 121
19187 -1
19188 121
19190 121
19191 121
19192 121
19197 121
19200 -1
19204 121
19206 121
19208 121
19210 33
19211 -1
19212 -1
19214 -1
19215 83
19216 -1
19217 86
19219 -1
19222 -1
19223 -1
19224 83
19225 83
19226 83
19227 165
19228 132
19229 18
19230 26
19231 156
19232 -1
19233 111
19234 68
19235 95
19236 15
19237 15
19238 51
19239 141
19241 -1
19242 127
19245 -1
19246 144
19247 144
19248 -1
19249 -1
19251 116
19254 140
19255 116
19256 -1
19257 116
19258 -1
19259 -1
19260 83
19261 116
19262 166
19263 118
19265 -1
19266 -1
19267 116
19268 -1
19270 -1
19271 -1
19272 -1
19273 116
19274 -1
19275 -1
19285 116
19286 -1
19287 -1
19288 -1
19289 120
19291 -1
19292 29
19293 110
