identifier,cluster
1 84
2 84
3 84
4 84
5 -1
6 -1
7 -1
8 10
9 -1
10 -1
11 148
12 143
13 107
14 107
15 107
16 43
17 127
18 69
19 127
20 127
21 127
22 127
23 2
25 67
26 67
28 67
29 2
31 -1
34 -1
35 -1
36 119
37 119
38 -1
39 80
40 80
41 80
42 2
43 80
44 2
45 80
46 -1
47 61
48 127
49 129
50 -1
51 -1
52 10
53 2
54 -1
55 172
56 -1
58 -1
59 159
60 61
61 36
62 36
63 33
64 127
65 -1
66 57
67 -1
68 134
69 2
70 -1
71 -1
72 -1
73 -1
74 33
75 -1
76 176
77 161
78 127
79 -1
80 163
81 163
82 163
83 120
84 120
85 -1
86 81
87 -1
88 156
89 156
90 19
91 19
92 120
93 -1
94 -1
95 -1
96 -1
97 171
98 171
99 10
100 2
101 64
102 64
103 -1
104 177
105 161
106 172
107 128
108 -1
109 65
110 44
111 64
112 -1
113 162
114 177
115 174
116 144
117 155
118 163
119 163
120 107
121 -1
122 74
123 -1
124 164
125 84
126 84
127 -1
129 64
130 -1
131 -1
132 146
133 148
134 163
135 -1
136 -1
137 65
138 -1
139 36
140 36
141 67
142 -1
143 -1
144 42
145 2
146 2
148 115
149 115
150 147
151 135
152 -1
153 168
154 168
155 168
156 57
157 -1
159 -1
160 27
161 -1
162 64
163 164
164 2
165 164
166 -1
167 -1
168 -1
169 -1
170 -1
171 -1
172 43
173 43
174 107
175 107
176 172
177 -1
178 -1
179 140
180 135
181 -1
182 -1
183 -1
184 44
185 44
186 -1
187 33
188 171
189 -1
190 26
191 78
192 -1
193 142
194 141
195 -1
196 -1
197 -1
198 162
199 64
200 64
201 19
202 -1
203 -1
204 -1
205 -1
206 2
207 -1
208 68
209 163
210 163
211 -1
212 -1
213 32
214 -1
215 -1
216 115
217 115
218 -1
219 126
220 126
221 126
222 126
223 -1
224 -1
225 -1
226 -1
228 -1
229 -1
230 19
231 19
232 -1
233 19
234 19
235 -1
236 -1
237 -1
238 -1
239 -1
240 -1
241 177
242 -1
243 -1
244 98
245 98
246 137
247 137
248 99
249 -1
250 -1
251 137
252 -1
253 -1
254 149
255 -1
256 139
257 -1
258 -1
259 115
260 146
261 -1
262 146
263 -1
264 97
265 -1
266 -1
267 165
268 115
269 127
270 125
271 -1
272 19
273 73
274 64
275 -1
276 163
277 115
278 115
279 64
280 -1
281 -1
282 168
283 168
284 -1
285 126
286 -1
287 115
288 102
289 57
290 36
291 68
292 176
293 137
294 68
295 -1
296 33
297 163
298 115
299 44
300 -1
301 44
302 106
303 154
304 115
305 120
306 115
307 -1
308 168
309 67
310 -1
311 -1
312 139
313 171
314 161
315 61
316 147
317 -1
318 -1
319 -1
320 172
321 115
322 -1
323 -1
324 -1
325 -1
326 -1
327 160
330 163
331 -1
332 165
333 68
334 68
335 162
336 162
337 162
338 -1
339 -1
340 76
341 162
342 -1
345 2
346 2
348 163
349 163
350 163
352 -1
353 -1
354 -1
355 -1
356 -1
357 -1
358 143
359 -1
360 172
361 115
362 115
363 169
364 -1
365 134
366 -1
367 137
368 -1
369 -1
370 -1
371 -1
372 -1
373 -1
374 163
375 169
376 -1
377 -1
378 140
379 143
380 94
381 94
382 120
384 176
385 176
386 -1
387 171
388 -1
389 -1
390 110
391 -1
392 -1
393 -1
394 127
395 -1
396 -1
397 148
398 172
399 27
400 27
401 154
402 27
403 156
404 139
405 151
406 -1
407 -1
408 27
409 -1
410 -1
411 -1
412 -1
413 161
414 -1
415 84
416 -1
417 -1
418 -1
419 -1
420 67
421 154
422 88
423 -1
424 -1
425 -1
426 167
427 155
428 -1
429 64
430 166
431 94
432 161
433 142
434 62
435 36
438 163
439 163
440 49
441 49
442 2
444 114
446 139
447 118
448 153
449 119
450 163
451 163
452 -1
453 -1
454 102
455 128
456 43
457 64
458 17
459 17
460 -1
461 17
462 137
463 -1
464 171
465 17
466 17
467 115
468 17
469 17
470 17
471 151
472 148
473 121
474 98
475 98
476 -1
477 -1
478 45
479 45
480 -1
481 -1
482 126
483 17
484 -1
485 -1
486 -1
487 121
488 121
489 121
490 121
491 121
492 -1
493 121
494 98
495 -1
496 17
497 17
498 121
499 121
500 -1
501 98
502 -1
503 -1
504 121
506 44
507 44
508 53
509 53
510 -1
511 -1
512 -1
513 -1
514 139
515 139
516 118
520 -1
522 -1
523 -1
524 160
525 160
526 -1
527 34
528 126
529 95
532 95
533 76
534 -1
538 102
539 27
542 43
546 64
547 43
549 127
550 127
551 2
557 -1
558 107
560 2
561 121
562 121
563 121
564 161
566 -1
567 76
568 -1
569 135
570 146
572 146
574 65
577 74
578 -1
579 17
580 -1
581 17
582 17
583 17
584 17
585 17
586 17
587 17
588 115
589 -1
590 64
591 64
592 -1
593 -1
594 125
595 115
596 -1
597 -1
598 121
599 121
600 -1
601 -1
602 42
603 33
604 -1
605 -1
606 121
607 121
608 121
609 121
610 120
612 120
613 121
614 173
615 -1
616 173
617 121
618 121
619 121
620 -1
621 79
622 -1
623 121
624 121
625 137
626 121
627 -1
628 165
629 165
630 -1
631 68
632 -1
634 -1
637 -1
638 64
639 155
640 155
642 -1
643 64
644 99
645 99
646 99
649 99
650 -1
651 -1
652 -1
655 127
656 127
657 127
658 100
660 120
661 -1
662 107
663 121
664 -1
665 -1
666 -1
667 -1
668 -1
669 139
670 127
671 33
672 35
673 160
674 36
675 161
676 -1
677 146
678 -1
679 94
680 94
681 -1
682 -1
683 127
684 -1
685 127
686 127
687 127
688 127
689 127
690 64
691 64
692 67
693 64
694 -1
695 -1
696 19
697 120
698 -1
699 146
700 33
701 146
702 146
703 -1
704 146
705 -1
706 -1
707 -1
708 -1
709 81
710 -1
711 130
712 -1
713 44
714 10
715 139
716 146
717 146
718 115
719 177
720 -1
721 -1
722 -1
723 -1
724 -1
728 -1
731 -1
732 -1
733 64
734 154
735 -1
736 151
737 -1
738 154
739 -1
740 153
741 -1
742 -1
743 146
744 146
745 146
746 -1
747 -1
748 -1
749 -1
750 -1
751 -1
752 53
753 -1
754 -1
756 42
760 -1
762 -1
763 -1
764 140
765 140
766 140
767 -1
768 -1
769 -1
770 120
771 146
772 146
773 146
774 146
776 -1
777 73
778 165
779 131
780 67
781 32
782 73
783 62
784 68
785 26
786 53
787 -1
788 53
789 -1
790 140
791 -1
792 -1
793 -1
794 -1
795 -1
796 -1
797 -1
800 61
801 161
802 161
803 19
804 177
805 177
806 -1
807 -1
809 -1
811 -1
812 123
813 121
814 148
815 -1
816 -1
817 102
818 102
819 -1
820 -1
821 177
822 172
823 -1
824 64
825 134
826 164
827 -1
828 121
829 -1
830 98
831 120
832 127
833 -1
834 155
835 177
836 -1
837 125
838 61
839 171
840 -1
841 42
842 -1
843 147
844 146
845 146
846 -1
847 115
848 138
849 74
850 73
851 -1
852 120
853 120
854 161
855 161
856 -1
857 -1
858 -1
859 64
860 -1
861 -1
862 174
863 174
864 174
865 126
866 146
870 -1
871 120
872 97
874 53
875 10
876 10
877 53
879 -1
880 2
881 2
882 2
884 163
885 163
887 53
891 163
892 2
893 2
894 2
897 163
898 2
899 -1
900 -1
901 102
902 29
905 64
908 -1
909 -1
910 -1
911 -1
912 66
913 -1
914 2
916 68
917 125
918 125
919 2
923 107
924 2
926 107
927 -1
928 -1
929 142
930 142
931 -1
933 142
935 2
936 2
937 154
938 2
939 165
940 165
941 2
942 2
943 107
944 68
945 67
946 -1
947 2
950 2
951 2
952 137
953 137
955 -1
956 2
957 2
958 2
961 127
963 2
965 42
966 156
967 84
969 84
970 84
971 84
972 84
974 -1
975 -1
976 2
978 2
979 120
980 -1
981 2
983 84
986 2
987 -1
989 -1
990 -1
991 -1
992 2
993 42
994 33
995 -1
996 -1
997 -1
998 -1
999 -1
1000 -1
1001 -1
1002 53
1003 62
1004 -1
1005 151
1006 151
1007 64
1008 -1
1009 2
1010 66
1011 100
1012 -1
1013 -1
1014 -1
1015 -1
1016 -1
1017 64
1018 155
1019 -1
1020 2
1021 2
1022 2
1023 84
1024 84
1025 66
1026 -1
1027 151
1028 -1
1029 -1
1030 36
1031 -1
1032 -1
1033 -1
1034 171
1035 -1
1036 -1
1037 65
1038 -1
1039 -1
1040 61
1041 61
1042 53
1043 -1
1044 53
1045 -1
1046 140
1047 135
1048 -1
1049 64
1050 176
1051 -1
1052 127
1053 127
1054 -1
1055 -1
1056 -1
1057 -1
1058 171
1059 -1
1060 159
1061 159
1062 159
1063 159
1064 159
1067 19
1068 -1
1069 151
1070 42
1071 107
1072 107
1073 107
1074 107
1075 -1
1076 107
1077 107
1078 107
1079 107
1080 107
1081 107
1083 2
1084 -1
1085 148
1086 -1
1087 -1
1088 -1
1089 42
1090 -1
1091 27
1092 -1
1093 -1
1094 -1
1095 42
1096 113
1097 114
1098 114
1099 113
1100 113
1101 2
1102 173
1103 -1
1104 2
1105 -1
1106 -1
1107 -1
1108 -1
1109 91
1110 -1
1111 -1
1112 19
1113 -1
1114 -1
1115 33
1116 29
1117 140
1118 140
1119 98
1120 -1
1121 -1
1122 -1
1123 61
1124 177
1125 -1
1126 2
1127 64
1128 64
1130 176
1131 127
1132 92
1133 140
1134 142
1135 2
1136 2
1137 2
1138 -1
1139 -1
1140 115
1141 115
1142 115
1143 -1
1144 158
1145 -1
1146 -1
1147 -1
1148 -1
1149 2
1150 -1
1151 2
1152 127
1153 127
1154 43
1155 43
1156 137
1157 137
1158 137
1159 -1
1160 2
1161 142
1162 -1
1163 -1
1164 100
1165 2
1166 -1
1167 -1
1168 2
1169 -1
1170 2
1171 44
1172 154
1173 154
1174 -1
1175 2
1176 97
1177 97
1178 -1
1179 113
1180 162
1181 127
1182 127
1183 127
1184 40
1185 -1
1186 113
1187 163
1188 -1
1189 141
1190 161
1191 40
1192 40
1193 73
1194 -1
1195 34
1196 148
1197 113
1198 49
1199 117
1200 52
1201 49
1202 49
1203 49
1204 113
1205 42
1206 -1
1207 2
1208 -1
1209 2
1210 2
1211 -1
1212 -1
1213 113
1214 113
1215 2
1216 42
1217 -1
1218 19
1219 43
1220 -1
1221 113
1222 113
1223 113
1224 113
1225 -1
1226 113
1227 143
1228 2
1229 107
1230 -1
1231 -1
1232 173
1233 113
1234 -1
1235 43
1236 43
1237 42
1238 2
1239 -1
1240 -1
1241 167
1242 -1
1243 173
1244 -1
1245 -1
1246 2
1247 2
1248 -1
1249 122
1250 -1
1251 -1
1252 162
1253 -1
1254 -1
1255 -1
1256 -1
1257 -1
1258 146
1259 146
1260 146
1261 146
1262 146
1263 146
1264 146
1265 -1
1266 -1
1267 -1
1268 -1
1269 -1
1270 73
1271 158
1272 -1
1273 -1
1274 -1
1275 -1
1276 -1
1277 -1
1278 2
1279 113
1280 -1
1281 -1
1282 -1
1283 2
1284 2
1285 -1
1286 41
1287 -1
1288 -1
1289 -1
1290 113
1291 -1
1292 -1
1293 2
1294 -1
1295 -1
1296 113
1297 113
1298 -1
1299 113
1301 36
1302 143
1303 2
1304 -1
1305 156
1306 19
1307 -1
1308 -1
1309 146
1310 141
1311 -1
1312 -1
1313 161
1314 154
1315 130
1316 130
1317 130
1318 -1
1319 49
1320 -1
1321 94
1322 173
1323 65
1324 -1
1325 120
1326 138
1327 139
1328 49
1329 -1
1330 113
1331 -1
1332 -1
1333 127
1334 127
1335 127
1336 120
1337 -1
1338 65
1339 -1
1340 -1
1341 -1
1342 -1
1343 -1
1344 -1
1345 2
1346 -1
1347 -1
1348 -1
1349 -1
1350 127
1351 127
1352 142
1353 -1
1354 64
1355 -1
1356 -1
1357 127
1358 64
1359 64
1360 -1
1361 94
1362 79
1363 113
1364 113
1365 113
1366 -1
1367 -1
1368 -1
1369 -1
1370 -1
1371 -1
1372 -1
1373 131
1374 -1
1375 -1
1376 -1
1377 -1
1378 -1
1379 64
1380 2
1381 96
1382 96
1383 96
1384 141
1385 64
1386 64
1387 -1
1388 113
1389 121
1390 176
1391 149
1392 -1
1393 2
1394 2
1395 146
1396 146
1397 43
1398 2
1399 -1
1400 127
1401 127
1402 -1
1403 151
1404 42
1405 121
1406 65
1407 -1
1408 -1
1409 121
1410 40
1411 40
1412 91
1413 2
1414 -1
1415 -1
1416 57
1417 -1
1418 113
1419 113
1420 -1
1421 -1
1422 -1
1423 -1
1424 2
1425 2
1426 132
1427 -1
1428 -1
1429 19
1430 19
1431 70
1432 70
1433 70
1435 70
1436 -1
1437 -1
1438 -1
1440 -1
1441 141
1442 -1
1443 -1
1444 -1
1445 -1
1446 2
1447 -1
1448 -1
1449 127
1450 127
1451 2
1452 -1
1453 127
1454 64
1455 127
1456 68
1457 104
1458 -1
1459 -1
1460 2
1461 162
1462 -1
1463 68
1464 -1
1465 -1
1466 43
1467 108
1468 161
1469 -1
1470 -1
1471 2
1472 125
1473 -1
1474 -1
1475 -1
1476 98
1477 -1
1478 -1
1479 -1
1480 -1
1481 -1
1482 40
1483 177
1484 127
1485 127
1486 -1
1487 154
1488 -1
1489 177
1490 -1
1491 173
1492 66
1493 66
1494 125
1495 122
1496 132
1497 141
1498 -1
1499 42
1500 -1
1501 -1
1502 -1
1503 2
1504 -1
1505 127
1506 -1
1507 36
1508 127
1509 127
1510 92
1511 -1
1512 158
1513 49
1514 64
1515 -1
1516 -1
1517 -1
1518 -1
1519 -1
1520 139
1521 -1
1522 -1
1523 44
1524 44
1525 -1
1526 -1
1527 115
1528 -1
1529 -1
1530 161
1531 -1
1532 34
1533 171
1534 -1
1535 81
1536 173
1537 125
1538 125
1539 -1
1540 -1
1541 -1
1542 103
1543 51
1544 51
1545 65
1546 42
1547 -1
1548 -1
1549 -1
1550 -1
1551 177
1552 155
1553 135
1554 30
1555 30
1556 64
1557 -1
1558 -1
1559 103
1560 -1
1561 -1
1562 -1
1563 27
1564 108
1565 -1
1566 49
1567 107
1568 -1
1569 61
1570 100
1571 -1
1572 120
1573 97
1574 -1
1575 -1
1576 -1
1577 127
1578 -1
1579 123
1580 -1
1581 -1
1582 26
1583 74
1584 110
1585 -1
1586 43
1587 139
1588 -1
1589 125
1590 -1
1591 -1
1592 68
1593 27
1594 162
1595 -1
1596 162
1597 171
1598 -1
1599 167
1600 177
1601 64
1602 120
1603 -1
1604 119
1605 137
1606 -1
1607 -1
1608 -1
1609 -1
1610 42
1611 -1
1612 44
1613 -1
1614 -1
1615 170
1616 -1
1617 -1
1618 -1
1619 -1
1620 102
1621 49
1622 49
1623 -1
1625 102
1626 102
1627 -1
1628 15
1629 -1
1630 64
1631 40
1632 74
1633 100
1634 -1
1635 -1
1636 -1
1637 -1
1638 -1
1639 -1
1640 -1
1641 -1
1642 -1
1643 120
1644 32
1645 114
1646 32
1647 28
1648 -1
1649 103
1650 156
1651 -1
1652 -1
1653 10
1654 162
1655 -1
1656 131
1657 57
1658 49
1659 49
1660 36
1661 -1
1662 -1
1663 -1
1664 168
1665 128
1666 -1
1667 107
1668 61
1669 -1
1670 -1
1671 -1
1672 120
1673 126
1674 -1
1675 -1
1676 -1
1677 126
1678 -1
1679 64
1680 160
1681 -1
1682 -1
1683 52
1684 81
1685 -1
1686 2
1687 -1
1688 -1
1689 127
1690 -1
1691 -1
1692 79
1693 -1
1694 123
1695 2
1696 131
1697 -1
1698 138
1699 -1
1700 -1
1701 147
1702 -1
1703 2
1704 49
1705 -1
1706 -1
1707 -1
1708 66
1709 -1
1710 -1
1711 -1
1712 -1
1713 64
1714 30
1715 26
1716 42
1717 80
1718 80
1719 80
1720 80
1721 80
1722 80
1723 80
1724 80
1725 80
1726 -1
1727 103
1728 -1
1729 163
1730 163
1731 -1
1732 -1
1733 80
1734 68
1735 32
1736 32
1737 42
1738 42
1739 32
1740 32
1741 107
1742 156
1743 -1
1744 121
1745 131
1746 131
1747 14
1748 14
1749 14
1750 14
1751 14
1752 14
1753 14
1754 14
1755 14
1756 14
1757 14
1758 14
1759 14
1760 118
1761 118
1762 131
1763 -1
1764 -1
1765 -1
1766 142
1767 -1
1768 -1
1769 49
1770 49
1771 49
1772 -1
1773 126
1774 40
1775 43
1776 43
1777 -1
1778 32
1779 -1
1780 148
1781 -1
1782 19
1783 19
1784 84
1785 161
1786 84
1787 173
1788 42
1789 26
1790 26
1791 -1
1792 -1
1793 -1
1794 160
1795 -1
1796 160
1797 131
1798 131
1799 -1
1800 -1
1802 102
1803 102
1804 -1
1805 -1
1806 -1
1807 -1
1808 -1
1809 -1
1810 -1
1811 -1
1812 -1
1813 -1
1814 -1
1815 -1
1816 144
1817 -1
1818 42
1819 127
1820 127
1821 -1
1822 161
1823 164
1824 120
1825 120
1826 -1
1827 58
1828 164
1829 164
1831 -1
1832 157
1833 157
1834 -1
1835 157
1836 79
1837 120
1838 120
1839 120
1840 120
1841 120
1842 -1
1843 79
1844 79
1845 79
1846 79
1847 120
1849 120
1850 102
1851 102
1852 102
1853 49
1854 102
1855 103
1856 43
1857 -1
1858 -1
1859 -1
1860 162
1861 162
1862 33
1863 -1
1864 49
1865 102
1866 49
1867 -1
1868 131
1869 -1
1870 -1
1871 40
1872 153
1873 127
1874 126
1875 131
1876 177
1877 -1
1878 -1
1879 -1
1880 44
1881 -1
1882 73
1883 142
1884 169
1885 169
1886 169
1887 32
1888 -1
1889 -1
1890 -1
1891 102
1892 -1
1893 2
1894 115
1895 -1
1896 -1
1897 -1
1899 49
1900 49
1901 49
1903 141
1904 29
1905 29
1906 66
1907 -1
1908 127
1910 151
1911 122
1912 122
1913 -1
1914 -1
1915 36
1916 36
1917 -1
1918 97
1919 -1
1920 2
1921 177
1922 107
1923 127
1924 -1
1925 65
1926 44
1927 -1
1928 80
1929 127
1930 84
1931 -1
1932 126
1933 148
1934 -1
1935 -1
1936 -1
1937 -1
1938 143
1939 42
1940 143
1942 -1
1943 -1
1944 -1
1945 -1
1946 -1
1947 -1
1948 33
1949 -1
1950 122
1951 68
1952 -1
1953 159
1954 159
1955 -1
1956 -1
1957 169
1958 169
1959 -1
1960 -1
1961 73
1962 73
1963 66
1964 66
1965 32
1966 32
1967 66
1968 66
1969 64
1970 -1
1971 64
1972 169
1973 -1
1974 66
1975 164
1976 164
1977 64
1978 68
1979 103
1980 -1
1981 43
1982 43
1983 -1
1984 -1
1985 -1
1986 -1
1987 -1
1988 -1
1989 152
1990 26
1991 173
1992 34
1993 32
1994 -1
1995 -1
1996 -1
1997 -1
1998 27
1999 84
2000 49
2001 49
2002 49
2003 26
2004 68
2005 134
2006 -1
2007 75
2008 -1
2009 -1
2010 75
2011 -1
2012 75
2013 -1
2014 75
2015 113
2016 -1
2017 -1
2018 66
2019 -1
2020 -1
2021 131
2022 -1
2023 -1
2024 -1
2025 -1
2026 -1
2027 -1
2028 177
2029 174
2030 174
2031 174
2032 174
2033 174
2034 174
2035 174
2036 -1
2037 44
2038 97
2039 -1
2040 156
2041 148
2042 114
2043 125
2044 173
2045 2
2046 173
2047 2
2048 -1
2049 -1
2050 -1
2051 -1
2052 82
2053 39
2054 -1
2055 2
2056 2
2057 -1
2058 2
2059 -1
2060 -1
2061 68
2062 42
2063 -1
2064 -1
2065 137
2066 -1
2067 -1
2068 52
2069 -1
2070 -1
2071 -1
2072 -1
2073 -1
2074 86
2075 -1
2076 -1
2077 -1
2078 159
2079 -1
2080 173
2081 154
2082 -1
2083 115
2084 115
2085 115
2086 67
2087 123
2088 -1
2089 33
2090 42
2091 -1
2092 -1
2093 177
2094 174
2095 174
2096 174
2097 27
2098 -1
2099 -1
2100 115
2101 95
2102 150
2103 -1
2104 -1
2105 -1
2106 177
2107 -1
2108 -1
2109 27
2110 -1
2111 159
2112 159
2113 43
2114 143
2115 26
2116 -1
2117 164
2118 164
2119 133
2120 -1
2121 -1
2122 -1
2123 -1
2124 -1
2125 -1
2126 142
2127 139
2128 141
2129 138
2130 -1
2131 -1
2132 -1
2133 97
2134 167
2136 64
2137 2
2138 2
2139 -1
2140 138
2141 -1
2142 -1
2143 2
2144 177
2145 -1
2146 -1
2147 146
2148 -1
2149 146
2150 -1
2151 146
2152 84
2153 -1
2154 -1
2155 129
2156 97
2157 -1
2158 104
2159 -1
2160 84
2161 77
2162 134
2163 -1
2164 -1
2165 -1
2166 -1
2167 -1
2168 27
2169 -1
2170 27
2171 107
2172 27
2173 122
2174 19
2175 -1
2176 -1
2177 -1
2178 -1
2179 153
2180 139
2181 44
2182 -1
2183 44
2184 -1
2185 -1
2186 -1
2187 33
2188 33
2189 33
2190 125
2191 120
2192 -1
2193 -1
2194 64
2195 -1
2196 -1
2197 -1
2198 -1
2199 126
2200 -1
2201 -1
2202 -1
2203 -1
2204 -1
2205 -1
2206 -1
2207 -1
2208 -1
2209 -1
2210 -1
2211 -1
2212 30
2213 114
2214 114
2215 27
2216 64
2217 26
2218 40
2219 40
2220 97
2221 108
2222 30
2223 -1
2224 -1
2225 -1
2226 51
2227 -1
2228 -1
2229 126
2230 -1
2231 146
2232 146
2233 -1
2234 125
2235 120
2236 136
2237 42
2238 -1
2239 -1
2240 121
2241 -1
2242 -1
2243 177
2244 -1
2245 141
2246 77
2247 107
2248 160
2249 141
2250 -1
2251 -1
2252 -1
2253 -1
2254 -1
2255 36
2256 120
2257 -1
2258 -1
2259 -1
2260 177
2261 142
2262 -1
2263 -1
2264 158
2265 2
2266 2
2267 2
2268 98
2269 -1
2270 89
2271 -1
2273 154
2274 2
2275 73
2276 2
2277 146
2278 146
2279 126
2280 -1
2281 -1
2282 31
2283 31
2284 31
2285 31
2286 -1
2287 2
2288 -1
2289 -1
2290 2
2291 156
2292 156
2293 166
2294 -1
2295 29
2296 120
2297 49
2298 -1
2299 -1
2300 116
2301 -1
2302 -1
2303 127
2304 171
2305 31
2306 31
2307 31
2308 154
2309 165
2310 154
2311 154
2312 -1
2313 -1
2314 -1
2315 -1
2316 -1
2317 68
2318 -1
2319 -1
2320 -1
2321 -1
2322 -1
2323 -1
2324 -1
2325 -1
2326 -1
2327 89
2328 -1
2329 2
2330 155
2331 31
2332 31
2333 31
2334 -1
2335 2
2336 -1
2337 31
2338 49
2339 31
2340 31
2341 31
2342 31
2343 31
2344 31
2345 146
2346 49
2347 31
2348 -1
2349 125
2350 65
2351 -1
2352 -1
2353 115
2354 -1
2355 -1
2356 -1
2357 -1
2358 98
2359 98
2360 98
2361 81
2362 74
2363 74
2364 74
2365 74
2366 74
2367 -1
2368 -1
2369 -1
2370 -1
2371 -1
2372 164
2373 134
2374 -1
2375 -1
2376 -1
2377 2
2378 -1
2379 2
2380 2
2381 2
2382 163
2383 2
2384 100
2385 2
2386 -1
2387 -1
2388 -1
2389 100
2390 104
2391 -1
2392 115
2393 44
2394 169
2395 -1
2396 123
2397 123
2398 -1
2399 -1
2400 115
2401 -1
2402 -1
2403 -1
2404 95
2405 -1
2406 -1
2407 146
2408 -1
2409 43
2410 -1
2411 -1
2412 -1
2413 122
2414 122
2415 122
2416 -1
2417 -1
2418 31
2420 31
2421 -1
2422 27
2423 27
2424 27
2425 -1
2426 -1
2427 114
2428 114
2429 175
2430 154
2431 154
2432 -1
2433 -1
2434 120
2435 -1
2436 103
2437 64
2438 91
2439 91
2440 97
2441 -1
2442 129
2443 154
2444 154
2445 -1
2446 44
2447 44
2448 2
2449 -1
2451 31
2452 114
2453 2
2454 114
2455 2
2456 2
2457 -1
2458 -1
2459 49
2460 98
2461 111
2462 147
2463 146
2464 146
2465 127
2466 69
2467 -1
2468 -1
2469 95
2471 120
2472 120
2473 142
2474 120
2475 67
2477 -1
2478 -1
2479 -1
2480 -1
2481 125
2482 -1
2483 -1
2484 44
2485 97
2486 158
2487 84
2488 -1
2489 146
2490 -1
2491 132
2492 -1
2493 -1
2494 148
2495 155
2496 173
2497 -1
2498 -1
2499 -1
2500 -1
2501 148
2502 -1
2503 -1
2504 -1
2505 156
2506 97
2507 97
2508 108
2509 108
2510 169
2511 2
2512 169
2513 2
2514 -1
2516 127
2517 2
2518 -1
2519 2
2520 58
2521 125
2522 125
2523 -1
2524 -1
2525 64
2526 26
2527 2
2528 26
2529 -1
2530 -1
2531 -1
2532 -1
2533 -1
2534 -1
2535 102
2536 2
2538 -1
2539 81
2540 -1
2541 -1
2542 -1
2543 -1
2544 68
2545 -1
2546 49
2548 125
2549 125
2550 161
2551 -1
2552 155
2553 155
2554 -1
2555 123
2556 -1
2557 168
2558 148
2560 -1
2561 -1
2562 -1
2563 -1
2564 126
2565 102
2566 74
2567 42
2568 40
2569 105
2570 -1
2571 144
2572 151
2573 -1
2574 166
2575 169
2576 139
2577 139
2578 -1
2579 64
2580 121
2581 31
2582 31
2583 -1
2584 68
2585 -1
2586 -1
2588 43
2589 43
2590 65
2591 -1
2592 -1
2593 128
2594 -1
2595 2
2596 2
2597 130
2598 146
2599 -1
2600 -1
2601 95
2602 95
2603 95
2604 95
2605 95
2606 -1
2607 -1
2608 -1
2609 95
2610 95
2611 95
2612 95
2613 95
2614 -1
2615 -1
2616 92
2617 -1
2618 102
2619 25
2620 -1
2621 139
2622 44
2623 44
2624 27
2625 27
2626 -1
2627 -1
2628 138
2629 138
2630 -1
2631 -1
2632 -1
2633 -1
2634 120
2635 -1
2636 160
2637 160
2638 -1
2639 97
2640 97
2641 126
2642 -1
2643 -1
2644 107
2645 143
2646 27
2647 154
2648 154
2649 52
2650 21
2651 -1
2652 21
2653 -1
2654 -1
2655 -1
2656 -1
2657 -1
2658 -1
2659 -1
2660 -1
2661 -1
2663 40
2666 -1
2670 -1
2671 121
2674 126
2675 -1
2676 21
2677 21
2678 21
2679 21
2680 -1
2681 35
2682 122
2683 32
2684 123
2685 123
2686 -1
2687 -1
2688 -1
2689 146
2690 64
2691 -1
2692 -1
2693 26
2694 -1
2695 94
2696 2
2698 36
2700 2
2701 173
2702 173
2703 173
2704 -1
2705 2
2706 125
2707 2
2709 125
2710 -1
2711 119
2712 2
2713 153
2714 57
2715 2
2716 2
2718 131
2719 63
2720 92
2721 135
2722 -1
2723 34
2724 98
2725 68
2726 -1
2727 -1
2728 -1
2729 2
2730 2
2731 -1
2732 64
2733 171
2734 154
2735 2
2736 154
2737 -1
2739 -1
2740 146
2741 -1
2742 43
2743 125
2744 -1
2745 -1
2746 2
2747 2
2748 49
2750 2
2751 176
2753 154
2754 25
2755 25
2756 25
2758 95
2759 -1
2760 -1
2761 97
2762 121
2763 -1
2764 -1
2765 81
2766 120
2767 -1
2768 -1
2769 -1
2770 -1
2771 106
2772 67
2773 2
2774 120
2775 158
2776 75
2777 75
2778 75
2779 141
2780 -1
2782 -1
2783 155
2784 -1
2785 141
2786 -1
2787 171
2788 -1
2789 30
2790 -1
2791 49
2792 49
2793 49
2794 2
2795 -1
2796 128
2797 148
2798 133
2799 128
2800 173
2801 -1
2802 -1
2804 -1
2805 -1
2806 121
2807 116
2808 116
2809 121
2810 121
2811 107
2812 107
2813 -1
2814 131
2815 98
2816 98
2817 98
2818 98
2819 98
2820 -1
2821 98
2822 98
2823 -1
2824 104
2825 -1
2826 -1
2827 -1
2828 -1
2829 -1
2830 -1
2831 -1
2832 -1
2833 120
2834 63
2835 -1
2836 -1
2837 134
2838 134
2839 -1
2840 -1
2841 103
2842 -1
2843 114
2844 111
2845 -1
2846 -1
2847 111
2848 111
2849 67
2850 67
2851 66
2852 67
2853 67
2854 67
2855 -1
2856 164
2857 128
2858 128
2859 142
2860 142
2861 142
2862 142
2863 131
2864 -1
2865 -1
2866 -1
2867 -1
2868 -1
2869 144
2870 144
2871 126
2872 126
2873 139
2874 164
2875 44
2876 27
2877 -1
2878 144
2879 -1
2880 -1
2881 137
2882 -1
2883 75
2884 75
2885 75
2886 139
2887 -1
2888 67
2889 67
2890 -1
2891 -1
2892 -1
2893 123
2894 124
2895 123
2896 123
2897 123
2898 123
2899 85
2900 -1
2901 -1
2902 -1
2903 40
2904 137
2905 2
2906 2
2907 137
2908 176
2909 154
2910 -1
2911 44
2912 44
2913 44
2914 44
2915 -1
2916 -1
2917 -1
2918 -1
2919 -1
2920 -1
2921 164
2922 -1
2923 -1
2924 -1
2925 177
2926 32
2927 67
2928 -1
2929 67
2930 67
2931 67
2932 67
2933 67
2934 67
2935 143
2936 148
2937 120
2938 -1
2939 -1
2940 64
2941 82
2942 -1
2943 -1
2944 -1
2945 107
2946 106
2947 64
2948 -1
2949 -1
2950 19
2951 -1
2952 -1
2953 -1
2954 -1
2955 156
2956 -1
2957 67
2958 67
2959 -1
2960 75
2961 75
2962 75
2963 75
2964 -1
2965 128
2966 123
2967 -1
2968 -1
2969 -1
2970 121
2971 121
2972 33
2973 67
2974 36
2975 68
2976 -1
2977 64
2978 67
2979 -1
2980 107
2981 107
2982 146
2983 146
2984 146
2985 -1
2986 120
2987 -1
2988 158
2989 32
2990 -1
2991 111
2992 67
2993 67
2994 67
2995 -1
2996 68
2997 -1
2998 -1
2999 -1
3001 -1
3002 49
3003 -1
3004 42
3005 123
3006 48
3007 120
3008 -1
3009 -1
3010 -1
3011 -1
3012 2
3013 -1
3014 -1
3015 80
3016 80
3017 80
3018 177
3019 -1
3020 77
3021 -1
3022 65
3023 65
3024 65
3025 65
3026 64
3027 -1
3028 49
3029 19
3030 173
3031 107
3032 -1
3033 -1
3034 -1
3035 -1
3036 165
3037 -1
3038 -1
3039 -1
3040 136
3041 83
3042 131
3043 131
3044 131
3045 -1
3046 177
3047 132
3048 61
3049 -1
3050 120
3051 167
3052 139
3053 148
3054 -1
3055 -1
3056 121
3057 80
3058 40
3059 155
3060 64
3061 -1
3062 -1
3063 -1
3064 -1
3065 -1
3066 67
3067 -1
3068 -1
3069 61
3070 -1
3071 177
3072 64
3073 -1
3074 177
3075 -1
3076 40
3077 -1
3078 2
3079 2
3080 2
3081 159
3082 114
3083 -1
3084 82
3085 49
3086 126
3087 142
3088 144
3089 144
3090 160
3091 160
3092 107
3093 107
3094 -1
3095 34
3096 34
3097 44
3098 -1
3099 -1
3100 -1
3101 -1
3102 62
3103 177
3104 120
3105 161
3106 -1
3107 -1
3108 57
3109 -1
3110 -1
3111 -1
3112 -1
3113 -1
3114 -1
3115 125
3116 137
3117 61
3118 -1
3119 -1
3120 173
3121 173
3122 49
3123 -1
3124 -1
3125 -1
3126 -1
3127 129
3128 129
3129 -1
3130 142
3131 142
3132 142
3133 57
3134 57
3135 107
3136 107
3137 107
3138 107
3139 107
3140 142
3141 142
3142 -1
3143 -1
3144 -1
3145 -1
3146 -1
3147 -1
3148 -1
3149 -1
3150 42
3151 -1
3152 -1
3153 -1
3154 -1
3155 -1
3156 -1
3157 110
3158 177
3159 170
3160 171
3161 -1
3162 132
3163 125
3164 -1
3165 -1
3166 -1
3167 128
3168 128
3169 -1
3170 144
3171 171
3172 -1
3173 -1
3174 123
3175 -1
3176 158
3177 121
3178 121
3179 142
3180 -1
3181 -1
3182 -1
3183 -1
3184 127
3186 2
3187 144
3188 144
3189 -1
3190 43
3191 43
3192 -1
3193 2
3194 2
3195 -1
3196 110
3197 137
3198 146
3199 146
3200 146
3201 146
3202 146
3203 -1
3204 146
3205 146
3206 -1
3207 -1
3208 -1
3209 -1
3210 146
3211 146
3212 146
3213 -1
3214 146
3215 146
3216 146
3217 146
3218 146
3219 146
3220 146
3221 102
3222 -1
3223 -1
3224 -1
3225 -1
3226 -1
3227 -1
3228 143
3229 40
3230 33
3231 107
3232 44
3233 44
3234 -1
3235 -1
3236 -1
3237 -1
3238 146
3239 146
3240 146
3241 174
3242 89
3243 110
3244 121
3245 146
3246 -1
3247 115
3248 115
3251 2
3252 115
3253 148
3254 35
3255 -1
3256 146
3257 -1
3258 111
3260 111
3261 97
3263 154
3265 -1
3268 -1
3269 61
3270 36
3272 36
3273 148
3274 151
3275 -1
3276 111
3277 111
3278 111
3279 111
3280 111
3281 111
3282 111
3283 111
3284 67
3285 81
3286 81
3287 -1
3288 -1
3289 51
3290 -1
3291 121
3292 -1
3293 97
3294 125
3295 -1
3296 -1
3297 -1
3298 67
3299 67
3300 -1
3301 49
3302 -1
3303 -1
3304 -1
3305 139
3306 -1
3307 121
3308 -1
3309 122
3310 111
3311 -1
3312 49
3313 177
3314 68
3315 33
3316 146
3317 147
3318 -1
3319 147
3320 -1
3321 66
3322 103
3323 148
3324 73
3325 148
3326 26
3327 -1
3328 66
3329 61
3330 61
3331 114
3332 114
3333 114
3334 114
3335 111
3336 171
3337 -1
3338 144
3339 120
3340 -1
3341 115
3342 121
3343 148
3344 -1
3345 -1
3346 -1
3347 66
3348 -1
3349 -1
3350 -1
3351 -1
3352 -1
3353 -1
3354 -1
3355 147
3356 146
3357 107
3358 107
3359 40
3360 147
3361 147
3362 148
3363 147
3364 155
3365 83
3366 -1
3367 -1
3368 -1
3369 -1
3370 -1
3371 -1
3372 -1
3373 161
3374 81
3375 -1
3376 118
3377 120
3378 63
3379 147
3380 -1
3381 146
3382 147
3383 147
3384 66
3385 147
3386 147
3387 -1
3388 -1
3389 -1
3390 -1
3391 66
3392 107
3393 107
3394 120
3395 121
3396 -1
3397 121
3398 121
3399 148
3400 -1
3401 97
3402 147
3403 -1
3404 -1
3405 114
3406 -1
3407 54
3408 -1
3409 114
3410 -1
3411 -1
3412 176
3413 -1
3414 26
3415 -1
3416 114
3417 113
3418 113
3419 107
3420 113
3421 -1
3422 147
3423 147
3424 -1
3425 -1
3426 113
3427 113
3428 102
3429 -1
3430 -1
3431 -1
3432 -1
3433 -1
3434 -1
3435 113
3436 -1
3437 -1
3438 113
3439 113
3440 -1
3441 -1
3442 114
3443 114
3444 114
3445 114
3446 113
3448 113
3449 139
3450 113
3451 113
3452 113
3453 113
3454 113
3455 113
3456 113
3457 114
3458 114
3459 114
3460 114
3461 114
3462 114
3463 114
3464 114
3465 114
3466 114
3467 114
3468 114
3469 114
3470 114
3471 114
3472 114
3473 114
3474 114
3475 114
3476 114
3477 42
3478 147
3479 -1
3480 158
3481 158
3482 64
3483 135
3484 -1
3485 69
3486 49
3487 49
3488 -1
3489 -1
3490 28
3491 74
3492 -1
3493 49
3494 148
3495 147
3496 -1
3497 164
3498 120
3499 120
3500 103
3501 -1
3502 -1
3503 79
3504 79
3505 79
3506 -1
3507 -1
3508 -1
3509 154
3510 147
3511 -1
3512 81
3513 -1
3514 -1
3515 -1
3516 -1
3517 -1
3518 -1
3519 -1
3520 121
3521 121
3522 121
3523 76
3524 121
3525 39
3526 121
3527 -1
3528 121
3529 -1
3530 123
3531 -1
3532 153
3533 121
3534 49
3535 -1
3536 -1
3537 121
3538 121
3539 106
3540 121
3541 121
3542 153
3543 121
3544 -1
3545 43
3546 -1
3547 -1
3548 -1
3549 144
3550 115
3551 147
3552 147
3553 147
3554 115
3555 64
3556 30
3557 153
3558 44
3559 -1
3560 147
3561 95
3562 -1
3563 147
3564 146
3565 -1
3566 107
3567 147
3568 -1
3569 40
3570 -1
3571 -1
3572 -1
3573 73
3574 -1
3575 147
3576 68
3577 -1
3578 123
3579 64
3580 147
3581 82
3582 33
3583 33
3584 -1
3585 147
3586 -1
3587 -1
3588 -1
3589 32
3590 32
3591 -1
3592 -1
3593 121
3594 -1
3595 -1
3596 -1
3597 147
3598 166
3599 147
3600 147
3601 84
3602 -1
3603 -1
3604 -1
3605 147
3606 -1
3607 147
3608 129
3609 36
3610 173
3611 162
3612 64
3613 147
3614 -1
3615 68
3616 147
3617 -1
3618 -1
3619 120
3620 26
3621 143
3622 135
3623 -1
3624 147
3625 143
3626 27
3627 -1
3628 -1
3629 70
3630 161
3631 -1
3632 -1
3633 68
3634 -1
3635 -1
3636 125
3637 -1
3638 -1
3639 146
3640 146
3641 106
3642 -1
3643 -1
3644 169
3645 169
3646 -1
3647 -1
3648 40
3649 77
3650 162
3651 -1
3652 -1
3653 155
3654 139
3655 147
3656 -1
3657 -1
3658 -1
3659 -1
3660 -1
3661 -1
3662 -1
3663 162
3664 -1
3665 66
3666 -1
3667 68
3668 94
3669 -1
3670 -1
3671 -1
3672 -1
3673 147
3674 -1
3675 -1
3676 63
3677 146
3678 146
3679 -1
3680 -1
3681 -1
3682 49
3683 142
3684 147
3686 146
3687 132
3688 126
3689 126
3690 127
3691 73
3692 -1
3694 37
3695 64
3696 137
3697 68
3698 -1
3699 -1
3700 141
3701 27
3702 126
3703 -1
3704 43
3705 58
3706 -1
3707 120
3708 146
3709 177
3710 146
3711 123
3712 33
3713 68
3714 144
3715 144
3716 143
3718 147
3719 -1
3720 -1
3721 -1
3722 168
3723 -1
3724 95
3725 -1
3726 40
3727 123
3728 146
3729 -1
3730 135
3731 148
3732 -1
3733 -1
3734 -1
3735 -1
3736 135
3737 135
3738 137
3739 -1
3740 -1
3741 -1
3742 49
3743 126
3744 154
3745 63
3746 -1
3747 44
3748 -1
3749 154
3750 -1
3751 -1
3752 -1
3753 -1
3754 49
3755 173
3756 146
3757 -1
3758 173
3759 -1
3760 29
3761 29
3762 -1
3763 -1
3764 -1
3765 -1
3766 -1
3767 -1
3768 29
3769 29
3770 -1
3771 153
3772 42
3773 42
3774 -1
3775 -1
3776 -1
3777 120
3778 120
3779 -1
3780 -1
3781 -1
3782 -1
3783 -1
3784 -1
3785 -1
3786 -1
3787 -1
3788 -1
3789 -1
3790 -1
3791 -1
3792 155
3793 113
3794 113
3795 113
3796 113
3797 113
3798 113
3799 113
3800 113
3801 113
3802 113
3803 113
3804 113
3805 113
3806 113
3807 113
3808 -1
3809 34
3810 33
3811 68
3812 177
3813 177
3814 143
3815 128
3816 -1
3817 -1
3818 154
3819 -1
3820 -1
3821 141
3822 -1
3823 131
3824 -1
3825 138
3826 -1
3827 67
3828 164
3829 164
3830 -1
3831 -1
3832 147
3833 -1
3834 -1
3835 147
3836 43
3837 165
3838 -1
3839 44
3840 44
3841 -1
3842 -1
3843 146
3844 147
3845 146
3846 95
3847 -1
3848 148
3849 -1
3850 -1
3851 -1
3852 108
3853 139
3854 -1
3855 -1
3856 -1
3857 -1
3858 71
3859 148
3860 115
3861 -1
3862 -1
3863 -1
3864 151
3865 -1
3866 -1
3867 -1
3868 -1
3869 -1
3870 -1
3871 71
3872 -1
3873 -1
3874 147
3875 64
3876 142
3877 81
3878 -1
3879 26
3880 107
3881 100
3882 -1
3883 71
3884 17
3885 67
3886 154
3887 -1
3888 -1
3889 -1
3890 -1
3891 146
3892 146
3893 -1
3894 -1
3895 -1
3896 -1
3897 -1
3898 71
3899 71
3900 -1
3901 40
3902 40
3903 40
3904 -1
3905 -1
3906 134
3907 95
3908 -1
3910 177
3911 155
3912 155
3913 138
3914 75
3915 75
3916 75
3917 -1
3918 120
3919 -1
3920 131
3921 -1
3922 -1
3923 161
3924 161
3925 -1
3926 -1
3927 123
3928 146
3929 49
3930 -1
3931 131
3932 104
3933 -1
3934 -1
3935 114
3936 102
3937 114
3938 114
3939 -1
3940 114
3941 114
3942 103
3943 103
3944 103
3945 -1
3946 -1
3947 -1
3948 67
3949 -1
3950 -1
3951 148
3952 26
3953 -1
3954 -1
3955 -1
3956 146
3957 -1
3958 67
3959 17
3960 143
3961 -1
3962 61
3963 -1
3964 34
3965 -1
3966 139
3967 48
3968 71
3969 71
3970 71
3971 52
3972 52
3973 -1
3974 52
3975 52
3976 132
3977 132
3978 132
3979 132
3980 -1
3981 -1
3982 -1
3983 -1
3984 173
3985 -1
3986 19
3987 19
3988 -1
3989 -1
3990 -1
3991 115
3992 115
3993 -1
3994 -1
3995 -1
3996 91
3997 105
3998 141
3999 91
4000 91
4001 91
4002 164
4003 -1
4004 131
4005 -1
4006 123
4007 -1
4008 -1
4009 -1
4010 107
4011 107
4012 97
4013 -1
4014 99
4015 139
4016 128
4017 -1
4018 160
4019 160
4020 -1
4021 142
4022 146
4023 19
4024 19
4025 19
4026 -1
4027 30
4028 42
4029 97
4030 36
4031 -1
4032 64
4033 -1
4034 139
4035 -1
4036 26
4037 147
4038 -1
4039 32
4040 148
4041 -1
4042 123
4043 123
4044 -1
4045 -1
4046 -1
4047 -1
4048 -1
4049 100
4050 -1
4051 100
4052 99
4053 100
4054 100
4055 -1
4056 -1
4057 146
4058 146
4059 -1
4060 142
4061 -1
4062 107
4063 107
4064 107
4065 139
4066 139
4068 -1
4069 -1
4070 137
4071 -1
4072 -1
4073 -1
4074 177
4075 64
4076 -1
4077 125
4078 165
4079 165
4080 -1
4082 148
4083 146
4084 146
4085 146
4086 146
4087 146
4088 68
4089 -1
4090 148
4091 64
4092 -1
4093 -1
4094 146
4095 115
4096 115
4097 120
4098 120
4099 157
4100 -1
4101 -1
4102 67
4103 120
4104 66
4105 126
4106 120
4107 147
4108 134
4109 146
4110 146
4111 146
4112 26
4113 -1
4114 -1
4115 -1
4116 171
4117 62
4118 126
4119 26
4120 -1
4121 -1
4122 -1
4123 44
4124 49
4125 -1
4126 148
4127 -1
4128 -1
4129 -1
4130 130
4131 -1
4132 -1
4133 -1
4134 119
4135 65
4136 154
4137 131
4138 43
4139 43
4140 148
4141 -1
4142 169
4143 -1
4144 -1
4145 159
4146 157
4147 -1
4148 168
4149 169
4150 168
4151 -1
4152 49
4153 49
4154 154
4155 -1
4156 40
4157 -1
4158 -1
4159 126
4160 126
4161 93
4162 -1
4163 -1
4164 -1
4165 -1
4166 -1
4167 18
4168 -1
4169 -1
4171 -1
4172 105
4173 97
4174 97
4175 -1
4176 33
4177 108
4178 132
4179 -1
4180 19
4181 -1
4182 162
4183 120
4184 120
4185 84
4186 66
4187 -1
4188 114
4189 -1
4190 -1
4191 122
4192 122
4193 -1
4194 -1
4195 161
4196 66
4197 161
4198 -1
4199 66
4200 67
4201 -1
4202 -1
4203 105
4204 146
4205 146
4206 146
4207 146
4208 146
4209 161
4210 131
4211 142
4212 107
4213 19
4214 -1
4215 -1
4216 146
4217 128
4218 75
4219 -1
4220 177
4221 122
4222 -1
4223 74
4224 32
4225 97
4226 57
4227 42
4228 -1
4229 -1
4230 49
4231 90
4232 63
4233 -1
4234 -1
4235 134
4236 26
4237 26
4238 -1
4239 -1
4240 -1
4241 -1
4242 -1
4243 -1
4244 -1
4245 -1
4246 -1
4247 -1
4248 -1
4249 -1
4250 67
4251 107
4252 -1
4253 122
4255 122
4256 122
4257 122
4258 160
4259 27
4260 105
4261 104
4262 -1
4263 107
4264 107
4265 107
4266 107
4267 -1
4268 -1
4269 115
4270 115
4271 115
4272 115
4273 115
4274 115
4275 115
4276 115
4277 -1
4278 -1
4279 -1
4280 -1
4281 -1
4282 98
4283 -1
4284 -1
4285 -1
4286 -1
4287 173
4288 33
4289 120
4290 29
4291 120
4292 -1
4293 64
4294 -1
4295 131
4296 68
4297 63
4298 -1
4299 63
4300 -1
4301 146
4302 146
4303 148
4304 -1
4305 -1
4306 139
4307 -1
4308 158
4309 97
4310 126
4311 107
4312 107
4313 -1
4314 -1
4315 -1
4316 88
4317 157
4318 157
4319 -1
4320 -1
4321 -1
4322 -1
4323 64
4324 -1
4325 125
4326 125
4327 49
4328 49
4329 -1
4330 151
4331 -1
4332 105
4333 -1
4334 104
4335 105
4336 -1
4337 67
4338 -1
4339 -1
4340 -1
4341 -1
4342 115
4343 115
4344 115
4345 115
4346 115
4347 -1
4348 115
4349 -1
4350 115
4351 110
4352 -1
4353 -1
4354 -1
4355 123
4356 127
4357 135
4358 -1
4359 -1
4360 126
4361 115
4362 115
4363 105
4364 115
4365 -1
4366 77
4367 107
4368 120
4369 172
4370 -1
4371 -1
4372 -1
4373 66
4374 120
4375 -1
4376 165
4377 163
4378 154
4379 43
4380 -1
4381 -1
4382 121
4383 121
4384 -1
4385 -1
4386 -1
4387 -1
4388 45
4389 -1
4390 105
4391 146
4392 -1
4393 115
4394 105
4395 61
4396 133
4397 52
4398 61
4399 132
4400 132
4401 146
4402 -1
4403 146
4404 146
4405 146
4406 146
4407 -1
4408 -1
4409 -1
4410 -1
4411 -1
4412 -1
4413 89
4414 89
4415 89
4416 115
4417 115
4418 2
4419 115
4420 115
4421 139
4422 -1
4423 -1
4424 -1
4425 121
4426 121
4427 163
4428 163
4429 74
4430 74
4431 127
4432 26
4433 -1
4434 -1
4435 63
4436 154
4437 -1
4438 -1
4439 97
4440 166
4441 163
4442 66
4443 172
4444 165
4445 43
4446 61
4447 129
4448 130
4449 67
4450 130
4451 -1
4452 114
4453 153
4454 -1
4455 40
4456 64
4457 -1
4458 21
4459 21
4460 21
4461 -1
4462 21
4463 21
4464 174
4465 -1
4466 -1
4467 -1
4469 -1
4470 -1
4471 155
4472 -1
4473 54
4474 -1
4475 154
4476 -1
4477 54
4478 -1
4479 -1
4480 -1
4481 27
4482 -1
4483 -1
4484 -1
4485 81
4486 -1
4487 -1
4488 -1
4489 -1
4490 -1
4491 -1
4492 -1
4493 40
4494 -1
4495 -1
4496 -1
4497 -1
4498 -1
4499 -1
4500 -1
4501 144
4502 172
4503 -1
4504 -1
4505 -1
4506 -1
4507 161
4508 -1
4509 32
4510 -1
4511 -1
4512 -1
4513 -1
4514 -1
4515 36
4516 173
4517 170
4518 -1
4519 84
4520 -1
4522 97
4523 123
4524 -1
4525 -1
4526 -1
4527 -1
4528 57
4529 57
4530 57
4531 33
4532 139
4533 -1
4534 -1
4535 158
4536 -1
4537 115
4538 64
4539 -1
4540 64
4542 120
4543 -1
4544 146
4545 146
4546 146
4547 146
4548 146
4549 -1
4550 131
4551 -1
4552 68
4553 -1
4554 -1
4555 -1
4556 67
4557 -1
4558 -1
4559 30
4560 64
4561 -1
4562 104
4563 126
4564 -1
4565 135
4566 -1
4567 33
4568 33
4569 81
4570 -1
4571 164
4572 -1
4573 107
4574 107
4575 66
4576 -1
4577 -1
4578 161
4579 -1
4580 64
4581 -1
4582 121
4583 27
4584 27
4585 135
4586 84
4587 32
4588 74
4589 163
4590 163
4591 -1
4592 -1
4593 -1
4595 -1
4596 97
4597 -1
4598 -1
4599 -1
4600 -1
4601 81
4602 81
4603 81
4604 165
4605 68
4606 -1
4607 170
4608 120
4609 120
4610 68
4611 62
4612 146
4613 -1
4614 125
4615 146
4616 146
4617 146
4618 95
4619 146
4620 146
4621 -1
4622 -1
4623 -1
4624 -1
4625 115
4626 63
4627 -1
4628 -1
4629 62
4630 146
4631 130
4632 68
4633 164
4634 -1
4635 -1
4636 -1
4637 -1
4638 -1
4639 26
4640 177
4641 -1
4642 138
4643 64
4644 120
4645 27
4646 -1
4647 39
4648 76
4649 -1
4650 159
4651 153
4652 -1
4653 84
4654 -1
4655 -1
4656 -1
4657 30
4658 146
4659 130
4660 44
4661 -1
4662 176
4663 -1
4664 176
4665 176
4666 176
4667 172
4668 139
4669 40
4670 -1
4671 158
4672 -1
4673 -1
4674 -1
4675 162
4676 162
4677 76
4678 -1
4679 -1
4680 -1
4681 -1
4682 -1
4683 -1
4684 29
4685 -1
4686 29
4687 -1
4688 -1
4689 105
4690 -1
4691 105
4692 105
4693 -1
4694 -1
4695 120
4696 71
4697 35
4698 67
4699 97
4700 32
4701 32
4702 161
4703 124
4704 29
4705 -1
4706 -1
4707 -1
4708 -1
4709 -1
4710 -1
4711 119
4712 119
4713 119
4714 119
4715 -1
4716 115
4717 -1
4718 -1
4719 -1
4720 -1
4721 73
4722 73
4723 73
4724 73
4725 73
4726 73
4727 73
4728 73
4729 73
4732 114
4733 115
4734 115
4735 -1
4736 -1
4737 64
4738 -1
4739 146
4740 -1
4741 26
4742 34
4743 61
4744 114
4745 30
4746 -1
4747 177
4748 -1
4749 172
4750 -1
4751 -1
4752 -1
4753 -1
4754 163
4755 63
4756 131
4757 92
4758 26
4759 -1
4760 -1
4761 137
4762 148
4763 126
4764 148
4765 88
4766 -1
4767 166
4768 171
4769 120
4770 132
4771 64
4772 115
4773 115
4774 115
4775 160
4776 160
4777 10
4778 173
4779 173
4780 10
4781 143
4783 115
4784 115
4785 115
4786 115
4787 -1
4788 139
4789 37
4790 10
4791 -1
4792 124
4793 -1
4794 -1
4795 -1
4796 -1
4797 -1
4798 84
4799 177
4800 32
4801 52
4802 52
4803 52
4804 140
4805 129
4806 -1
4807 -1
4808 -1
4809 164
4810 164
4811 164
4812 164
4813 156
4814 -1
4815 -1
4816 115
4817 27
4818 27
4819 127
4820 117
4821 -1
4822 146
4823 146
4824 146
4825 146
4826 146
4827 146
4828 146
4829 128
4830 -1
4831 123
4832 -1
4833 -1
4834 89
4835 -1
4836 158
4837 -1
4838 -1
4839 -1
4840 -1
4841 -1
4842 158
4843 83
4844 83
4845 83
4846 -1
4847 98
4848 -1
4849 -1
4850 -1
4851 -1
4852 43
4853 68
4854 67
4855 125
4856 -1
4857 10
4858 177
4859 -1
4860 -1
4861 164
4862 -1
4863 65
4864 65
4865 -1
4866 -1
4867 -1
4868 125
4869 -1
4870 -1
4871 139
4872 69
4873 69
4874 64
4875 64
4876 64
4877 73
4878 5
4879 5
4880 -1
4881 -1
4882 5
4883 -1
4884 5
4885 5
4886 -1
4887 -1
4888 146
4889 146
4890 146
4891 5
4892 -1
4893 -1
4894 10
4895 10
4896 177
4897 -1
4898 167
4899 167
4900 130
4901 -1
4902 132
4903 132
4904 132
4905 -1
4906 -1
4907 5
4908 -1
4909 114
4910 -1
4911 -1
4918 5
4920 0
4941 5
4949 -1
4953 5
4965 11
4967 -1
4975 5
4985 5
4995 10
5001 27
5004 27
5009 2
5014 5
5029 10
5045 10
5057 5
5058 5
5060 5
5065 5
5073 10
5080 10
5081 5
5092 10
5101 2
5107 5
5108 5
5112 5
5130 10
5134 10
5135 10
5139 10
5148 5
5149 10
5153 5
5174 10
5187 10
5190 5
5202 5
5203 5
5210 3
5218 5
5232 5
5253 10
5254 10
5257 10
5258 10
5264 146
5265 10
5273 10
5274 8
5290 5
5291 5
5301 5
5302 5
5308 5
5323 5
5324 5
5325 5
5326 5
5343 1
5402 0
5420 0
5429 6
5431 6
5434 0
5440 6
5449 6
5459 6
5472 6
5479 6
5481 6
5515 0
5520 0
5529 6
5530 0
5531 0
5532 0
5533 0
5534 0
5535 0
5540 0
5545 6
5566 0
5592 1
5618 1
5619 1
5620 1
5639 1
5640 1
5641 1
5642 1
5687 1
5699 1
5700 1
5712 1
5713 1
5737 0
5738 0
5740 0
5743 0
5755 0
5762 0
5764 6
5783 0
5794 6
5823 0
5835 0
5843 0
5855 0
5857 0
5872 0
5874 0
5878 0
5879 0
5880 0
5882 0
5883 0
5884 0
5887 0
5893 0
5902 0
5908 6
5926 6
5930 0
5931 0
5932 0
5933 0
5934 0
5935 0
5940 6
5945 0
5949 0
5950 6
5951 0
5953 0
5955 0
5958 6
5963 0
5984 6
5986 6
5997 0
6004 0
6009 6
6013 6
6014 6
6016 6
6019 6
6021 6
6022 0
6023 0
6027 6
6031 0
6032 3
6033 3
6039 0
6057 0
6059 6
6069 0
6070 0
6082 6
6085 6
6100 3
6102 6
6104 6
6123 6
6127 0
6129 6
6157 0
6162 0
6166 0
6172 0
6174 1
6175 0
6177 8
6186 8
6195 0
6218 1
6219 1
6220 1
6223 0
6250 0
6251 0
6272 0
6293 0
6294 0
6295 0
6306 0
6326 0
6348 0
6354 0
6356 0
6357 0
6390 0
6403 0
6417 0
6449 0
6457 -1
6459 0
6467 173
6468 0
6469 0
6477 126
6489 0
6492 81
6494 81
6495 126
6498 0
6511 177
6514 0
6515 0
6516 0
6517 0
6518 0
6519 0
6520 0
6536 0
6538 73
6539 1
6541 0
6542 0
6550 1
6551 1
6557 0
6560 0
6577 -1
6581 0
6598 0
6630 0
6647 0
6649 0
6657 177
6669 -1
6683 0
6703 40
6723 0
6724 0
6725 0
6729 53
6730 53
6731 27
6732 -1
6733 -1
6734 -1
6735 148
6736 146
6737 -1
6738 -1
6739 -1
6740 -1
6741 -1
6742 -1
6743 -1
6744 42
6745 42
6746 -1
6747 -1
6748 -1
6749 27
6750 27
6751 -1
6752 -1
6753 137
6754 137
6755 -1
6756 -1
6757 137
6758 137
6759 121
6760 100
6761 100
6762 100
6763 64
6764 64
6765 64
6766 64
6767 134
6768 134
6769 -1
6770 134
6771 -1
6772 134
6773 134
6774 -1
6775 134
6776 134
6777 134
6778 134
6779 68
6780 68
6781 148
6782 -1
6783 80
6784 80
6785 80
6786 80
6787 146
6788 146
6789 81
6790 146
6791 146
6792 115
6793 115
6794 84
6795 84
6796 84
6797 84
6798 -1
6799 -1
6800 -1
6801 -1
6802 142
6803 142
6804 86
6805 86
6806 86
6807 86
6808 177
6809 177
6810 1
6811 61
6812 164
6813 139
6814 139
6815 1
6816 -1
6817 64
6818 58
6819 58
6820 27
6821 -1
6822 -1
6823 142
6824 142
6825 0
6826 0
6827 0
6828 173
6829 173
6830 173
6831 97
6832 123
6833 -1
6834 123
6835 123
6836 123
6837 68
6838 146
6839 123
6840 51
6841 64
6842 154
6843 -1
6844 142
6845 -1
6846 -1
6847 109
6848 109
6849 109
6850 109
6851 109
6852 94
6853 150
6854 150
6855 171
6856 171
6857 89
6858 -1
6859 68
6860 88
6861 126
6862 126
6863 27
6864 85
6865 85
6866 121
6867 100
6868 33
6869 -1
6870 1
6871 33
6872 33
6873 152
6874 62
6875 152
6876 152
6877 164
6878 123
6879 -1
6880 123
6881 148
6882 125
6883 -1
6884 162
6885 171
6886 -1
6887 106
6888 -1
6889 121
6890 -1
6891 0
6892 164
6893 -1
6894 177
6895 104
6896 -1
6897 95
6898 146
6899 -1
6900 84
6901 84
6902 -1
6903 -1
6904 -1
6905 -1
6906 -1
6907 0
6908 62
6909 62
6910 62
6911 -1
6912 -1
6913 -1
6914 -1
6915 144
6916 43
6917 144
6918 144
6919 144
6920 144
6921 81
6922 43
6923 43
6924 -1
6925 0
6926 -1
6927 -1
6928 97
6929 45
6930 45
6931 169
6932 45
6933 45
6934 45
6935 45
6936 45
6937 45
6938 -1
6939 45
6940 45
6941 45
6942 45
6943 45
6944 45
6945 45
6946 1
6947 1
6948 45
6949 45
6950 45
6951 45
6952 169
6953 45
6954 45
6955 45
6956 45
6957 45
6958 27
6959 98
6960 115
6961 146
6962 146
6963 146
6964 146
6965 104
6966 61
6967 -1
6968 151
6969 -1
6970 -1
6971 64
6972 -1
6973 131
6974 131
6975 -1
6976 52
6977 -1
6978 -1
6979 -1
6980 -1
6981 -1
6982 -1
6983 -1
6984 130
6985 -1
6986 -1
6987 154
6988 111
6989 -1
6990 76
6991 76
6992 -1
6993 89
6994 121
6995 -1
6996 -1
6997 142
6998 0
6999 164
7000 -1
7001 -1
7002 -1
7003 -1
7004 68
7005 68
7006 0
7007 68
7008 67
7009 115
7010 148
7011 148
7012 148
7013 148
7014 148
7015 -1
7016 81
7017 -1
7018 -1
7019 52
7020 73
7021 73
7022 73
7023 -1
7024 -1
7025 -1
7026 121
7027 121
7028 -1
7029 137
7030 137
7031 146
7032 -1
7033 -1
7034 -1
7035 -1
7036 129
7037 129
7038 26
7039 139
7040 -1
7041 -1
7042 47
7043 47
7044 47
7045 157
7046 -1
7047 -1
7048 169
7049 -1
7050 -1
7051 67
7052 159
7053 -1
7054 120
7055 95
7056 95
7057 95
7058 -1
7059 26
7060 -1
7061 -1
7062 67
7063 67
7064 -1
7065 44
7066 44
7067 -1
7068 -1
7069 -1
7070 63
7071 63
7072 -1
7073 -1
7074 -1
7075 -1
7076 129
7077 129
7078 129
7079 129
7080 129
7081 -1
7082 148
7083 -1
7084 139
7085 100
7086 27
7087 27
7088 -1
7089 -1
7090 -1
7091 -1
7092 -1
7093 -1
7094 -1
7095 0
7096 130
7097 130
7098 130
7099 130
7100 130
7101 127
7102 127
7103 146
7104 146
7105 -1
7106 -1
7107 -1
7108 -1
7109 -1
7110 64
7111 64
7112 -1
7113 62
7114 -1
7115 -1
7116 0
7117 -1
7118 -1
7119 128
7120 128
7121 -1
7122 153
7123 153
7124 -1
7125 81
7126 -1
7127 -1
7128 -1
7129 100
7130 100
7131 100
7132 84
7133 -1
7134 133
7135 133
7136 -1
7137 133
7138 47
7139 -1
7140 119
7141 119
7142 -1
7143 143
7144 -1
7145 -1
7146 -1
7147 -1
7148 49
7149 49
7150 156
7151 156
7152 -1
7153 -1
7154 -1
7155 -1
7156 -1
7157 146
7158 146
7159 -1
7160 -1
7161 -1
7162 -1
7163 -1
7164 115
7165 115
7166 -1
7167 -1
7168 176
7169 176
7170 27
7171 27
7172 108
7173 108
7174 148
7175 148
7176 -1
7177 -1
7178 -1
7179 27
7180 -1
7181 147
7182 -1
7183 137
7184 -1
7185 -1
7186 94
7187 35
7188 35
7189 35
7190 35
7191 35
7192 164
7193 164
7194 164
7195 -1
7196 104
7197 130
7198 64
7199 115
7200 177
7201 146
7202 28
7203 28
7204 -1
7205 -1
7206 114
7207 69
7208 134
7209 134
7210 114
7211 146
7212 146
7213 146
7214 -1
7215 -1
7216 47
7217 47
7218 47
7219 47
7220 47
7221 47
7222 47
7223 47
7224 47
7225 85
7226 -1
7227 28
7228 28
7229 28
7230 28
7231 28
7232 0
7233 0
7234 -1
7235 -1
7236 104
7237 28
7238 28
7239 28
7240 28
7241 54
7242 54
7243 54
7244 54
7245 -1
7246 -1
7247 64
7248 54
7249 54
7250 54
7251 28
7252 54
7253 54
7254 54
7255 64
7256 63
7257 -1
7258 148
7259 0
7260 0
7261 85
7262 85
7263 0
7264 0
7265 0
7266 1
7267 177
7268 -1
7269 1
7270 121
7271 121
7272 36
7273 36
7274 36
7275 62
7276 62
7277 62
7278 62
7279 62
7280 -1
7281 -1
7282 -1
7283 -1
7284 -1
7285 -1
7286 -1
7287 -1
7288 -1
7289 -1
7290 160
7291 160
7292 107
7293 107
7294 146
7295 -1
7296 -1
7297 94
7298 94
7299 81
7300 -1
7301 47
7302 47
7303 1
7304 -1
7305 28
7306 64
7307 64
7308 28
7309 52
7310 52
7311 -1
7312 -1
7313 95
7314 95
7315 95
7316 95
7317 95
7318 95
7319 95
7320 -1
7321 28
7322 28
7323 28
7324 28
7325 28
7326 28
7327 28
7328 28
7329 28
7330 0
7331 28
7332 28
7333 28
7334 28
7335 28
7336 28
7337 28
7338 28
7339 1
7340 28
7341 28
7342 28
7343 28
7344 28
7345 28
7346 28
7347 28
7348 28
7349 28
7350 28
7351 1
7352 1
7353 28
7354 28
7355 28
7356 28
7357 28
7358 -1
7359 -1
7360 -1
7361 -1
7362 -1
7363 -1
7364 88
7365 -1
7366 88
7367 -1
7368 108
7369 108
7370 64
7371 64
7372 100
7373 -1
7374 -1
7375 49
7376 49
7377 0
7378 49
7379 51
7380 1
7381 -1
7382 -1
7383 -1
7384 -1
7385 1
7386 135
7387 -1
7388 132
7389 132
7390 0
7391 0
7392 0
7393 0
7394 -1
7395 1
7396 0
7397 0
7398 0
7399 0
7400 119
7401 119
7402 -1
7403 -1
7404 -1
7405 -1
7406 -1
7407 40
7408 97
7409 97
7410 97
7411 8
7412 8
7413 8
7414 110
7415 110
7416 -1
7417 102
7418 110
7419 110
7420 -1
7421 110
7422 110
7423 114
7424 114
7425 114
7426 -1
7427 66
7428 27
7429 27
7430 177
7431 177
7432 177
7433 177
7434 177
7435 177
7436 -1
7437 -1
7438 169
7439 169
7440 -1
7441 -1
7442 110
7443 110
7444 110
7445 110
7446 -1
7447 -1
7448 -1
7449 -1
7450 -1
7451 -1
7452 -1
7453 -1
7454 134
7455 -1
7456 -1
7457 148
7458 33
7459 33
7460 33
7461 33
7462 33
7463 114
7464 114
7465 -1
7466 -1
7467 27
7468 27
7469 74
7470 -1
7471 -1
7472 -1
7473 -1
7474 110
7475 110
7476 115
7477 68
7478 157
7479 142
7480 133
7481 25
7482 156
7483 156
7484 156
7485 156
7486 156
7487 156
7488 107
7489 107
7490 -1
7491 -1
7492 -1
7493 146
7494 146
7495 146
7496 -1
7497 -1
7498 -1
7499 -1
7500 164
7501 0
7502 -1
7503 27
7504 144
7505 144
7506 -1
7507 -1
7508 121
7509 121
7510 67
7511 67
7512 -1
7513 -1
7514 26
7515 154
7516 154
7517 100
7518 100
7519 100
7520 100
7521 126
7522 126
7523 -1
7524 -1
7525 100
7526 100
7527 100
7528 40
7529 40
7530 33
7531 68
7532 -1
7533 -1
7534 -1
7535 -1
7536 -1
7537 -1
7538 -1
7539 1
7540 -1
7541 174
7542 120
7543 1
7544 -1
7545 -1
7546 -1
7547 1
7548 146
7549 -1
7550 -1
7551 -1
7552 97
7553 97
7554 97
7555 97
7556 -1
7557 -1
7558 120
7559 134
7560 134
7561 134
7562 159
7563 -1
7564 -1
7565 -1
7566 65
7567 67
7568 -1
7569 159
7570 159
7571 159
7572 159
7573 -1
7574 -1
7575 8
7576 -1
7577 154
7578 118
7579 -1
7580 -1
7581 0
7582 0
7583 100
7584 100
7585 29
7586 -1
7587 114
7588 68
7589 -1
7590 1
7591 171
7592 171
7593 49
7594 176
7595 68
7596 68
7597 68
7598 75
7599 19
7600 -1
7601 -1
7602 -1
7603 88
7604 -1
7605 128
7606 -1
7607 88
7608 88
7609 89
7610 88
7611 -1
7612 123
7613 123
7614 120
7615 27
7616 123
7617 51
7618 -1
7619 -1
7620 -1
7621 -1
7622 -1
7623 146
7624 146
7625 119
7626 148
7627 121
7628 121
7629 84
7630 -1
7631 -1
7632 99
7633 99
7634 99
7635 -1
7636 142
7637 142
7638 108
7639 108
7640 108
7641 108
7642 -1
7643 138
7644 138
7645 -1
7646 -1
7647 85
7648 0
7649 100
7650 169
7651 -1
7652 -1
7653 100
7654 100
7655 -1
7656 0
7657 100
7658 -1
7659 -1
7660 158
7661 158
7662 102
7663 -1
7664 -1
7665 -1
7666 -1
7667 13
7668 85
7669 67
7670 -1
7671 -1
7672 158
7673 45
7674 45
7675 122
7676 120
7677 122
7678 122
7679 122
7680 122
7681 -1
7682 122
7683 102
7684 -1
7685 -1
7686 -1
7687 -1
7688 -1
7689 0
7690 174
7691 -1
7692 165
7693 -1
7694 -1
7695 -1
7696 141
7697 -1
7698 151
7699 -1
7700 -1
7701 -1
7702 -1
7703 128
7704 110
7705 27
7706 27
7707 40
7708 -1
7709 -1
7710 -1
7711 -1
7712 -1
7713 -1
7714 73
7715 125
7716 -1
7717 169
7718 169
7719 -1
7720 -1
7721 -1
7722 7
7723 7
7724 -1
7725 169
7726 -1
7727 -1
7728 -1
7729 -1
7730 -1
7731 -1
7732 105
7733 105
7734 -1
7735 95
7736 -1
7737 -1
7738 -1
7739 -1
7740 94
7741 120
7742 -1
7743 -1
7744 0
7745 67
7746 67
7747 146
7748 -1
7749 100
7750 67
7751 67
7752 67
7753 -1
7754 67
7755 100
7756 -1
7757 -1
7758 131
7759 34
7760 152
7761 -1
7762 114
7763 -1
7764 170
7765 -1
7766 0
7767 0
7768 -1
7769 173
7770 -1
7771 173
7772 173
7773 173
7774 -1
7775 -1
7776 -1
7777 121
7778 121
7779 -1
7780 131
7781 51
7782 51
7783 -1
7784 108
7785 118
7786 118
7787 -1
7788 -1
7789 -1
7790 -1
7791 -1
7792 -1
7793 -1
7794 118
7795 118
7796 118
7797 0
7798 0
7799 0
7800 0
7801 0
7802 118
7803 0
7804 0
7805 118
7806 -1
7807 -1
7808 -1
7809 169
7810 0
7811 169
7812 -1
7813 0
7814 -1
7815 112
7816 112
7817 0
7818 112
7819 112
7820 0
7821 112
7822 112
7823 -1
7824 -1
7825 157
7826 40
7827 -1
7828 163
7829 163
7830 163
7831 -1
7832 -1
7833 0
7834 0
7835 166
7836 -1
7837 -1
7838 -1
7839 163
7840 163
7841 98
7842 -1
7843 -1
7844 0
7845 -1
7846 -1
7847 -1
7848 -1
7849 88
7850 88
7851 88
7852 88
7853 160
7854 -1
7855 -1
7856 -1
7857 0
7858 -1
7859 0
7860 -1
7861 -1
7862 120
7863 -1
7864 100
7865 169
7866 -1
7867 -1
7868 100
7869 -1
7870 43
7871 118
7872 118
7873 118
7874 118
7875 -1
7876 139
7877 138
7878 -1
7879 25
7880 -1
7881 167
7882 -1
7883 94
7884 -1
7885 -1
7886 -1
7887 57
7888 57
7889 103
7890 103
7891 103
7892 103
7893 81
7894 -1
7895 155
7896 26
7897 95
7898 148
7899 -1
7900 1
7901 1
7902 177
7903 52
7904 177
7905 167
7906 52
7907 177
7908 177
7909 177
7910 30
7911 -1
7912 -1
7913 -1
7914 0
7915 -1
7916 105
7917 105
7918 -1
7919 104
7920 146
7921 0
7922 146
7923 146
7924 146
7925 146
7926 -1
7927 148
7928 -1
7929 126
7930 -1
7931 -1
7932 -1
7933 -1
7934 -1
7935 -1
7936 -1
7937 -1
7938 -1
7939 -1
7940 -1
7941 -1
7942 49
7943 105
7944 27
7945 33
7946 0
7947 133
7948 146
7949 52
7950 52
7951 -1
7952 -1
7953 104
7954 104
7955 91
7956 91
7957 91
7958 -1
7959 -1
7960 -1
7961 -1
7962 -1
7963 -1
7964 -1
7965 122
7966 -1
7967 91
7968 44
7969 91
7970 -1
7971 61
7972 -1
7973 -1
7974 -1
7975 142
7976 -1
7977 -1
7978 -1
7979 167
7980 -1
7981 67
7982 -1
7983 176
7984 127
7985 127
7986 0
7987 -1
7988 -1
7989 130
7990 0
7991 95
7992 95
7993 95
7994 95
7995 95
7996 95
7997 95
7998 148
7999 -1
8000 -1
8001 -1
8002 -1
8003 -1
8004 -1
8005 49
8006 -1
8007 146
8008 146
8009 146
8010 159
8011 -1
8012 -1
8013 -1
8014 -1
8015 -1
8016 -1
8017 -1
8018 3
8019 3
8020 3
8021 -1
8022 3
8023 3
8024 0
8025 -1
8026 3
8027 3
8028 -1
8029 -1
8030 -1
8031 -1
8032 153
8033 154
8034 81
8035 -1
8036 -1
8037 -1
8038 -1
8039 1
8040 1
8041 -1
8042 -1
8043 -1
8044 -1
8045 -1
8046 150
8047 0
8048 0
8049 96
8050 103
8051 177
8052 -1
8053 52
8054 -1
8055 8
8056 8
8057 8
8058 -1
8059 -1
8060 -1
8061 -1
8062 -1
8063 0
8064 8
8065 118
8066 118
8067 -1
8068 -1
8069 26
8070 177
8071 64
8072 64
8073 154
8074 154
8075 -1
8076 -1
8077 -1
8078 -1
8079 -1
8080 8
8081 120
8082 73
8083 73
8084 73
8085 -1
8086 158
8087 146
8088 147
8089 -1
8090 147
8091 147
8092 98
8093 -1
8094 -1
8095 -1
8096 -1
8097 108
8098 64
8099 146
8100 97
8101 104
8102 95
8103 118
8104 118
8105 161
8106 1
8107 158
8108 146
8109 0
8110 -1
8111 -1
8112 -1
8113 67
8114 121
8115 -1
8116 142
8117 141
8118 -1
8119 8
8120 0
8121 142
8122 142
8123 174
8124 130
8125 130
8126 -1
8127 92
8128 128
8129 157
8130 146
8131 -1
8132 27
8133 157
8134 157
8135 -1
8136 -1
8137 157
8138 130
8139 -1
8140 1
8141 1
8142 169
8143 1
8144 1
8145 146
8146 -1
8147 85
8148 -1
8149 108
8150 17
8151 -1
8152 85
8153 85
8154 -1
8155 127
8156 -1
8157 -1
8158 1
8159 49
8160 -1
8161 68
8162 132
8163 -1
8164 0
8165 -1
8166 -1
8167 -1
8168 0
8169 -1
8170 35
8171 108
8172 162
8173 120
8174 -1
8175 121
8176 -1
8177 134
8178 36
8179 -1
8180 -1
8181 -1
8182 -1
8183 -1
8184 97
8185 -1
8186 -1
8187 -1
8188 -1
8189 118
8190 27
8191 127
8192 -1
8193 174
8194 28
8195 118
8196 160
8197 -1
8198 153
8199 64
8200 -1
8201 26
8202 -1
8203 173
8204 -1
8205 -1
8206 -1
8207 -1
8208 -1
8209 88
8210 -1
8211 140
8212 -1
8213 177
8214 64
8215 109
8216 100
8217 -1
8218 -1
8219 -1
8220 -1
8221 -1
8222 -1
8223 90
8224 123
8225 62
8226 -1
8227 -1
8228 109
8229 -1
8230 98
8231 94
8232 148
8233 -1
8234 -1
8235 -1
8236 27
8237 94
8238 -1
8239 0
8240 -1
8241 -1
8242 27
8243 -1
8244 26
8245 64
8246 52
8247 -1
8248 33
8249 146
8250 -1
8251 -1
8252 -1
8253 120
8254 -1
8255 -1
8256 -1
8257 -1
8258 0
8259 0
8260 98
8261 16
8262 16
8263 16
8264 16
8265 16
8266 16
8267 16
8268 16
8269 16
8270 16
8271 16
8272 16
8273 16
8274 16
8275 16
8276 16
8277 16
8278 16
8279 16
8280 16
8281 16
8282 16
8283 16
8284 16
8285 16
8286 16
8287 16
8288 16
8289 1
8290 16
8291 16
8292 16
8293 16
8294 16
8295 16
8296 16
8297 16
8298 16
8299 16
8300 16
8301 16
8302 16
8303 16
8304 0
8305 0
8306 16
8307 16
8308 0
8309 0
8310 0
8311 0
8312 0
8313 0
8314 0
8315 0
8316 0
8317 0
8318 0
8319 16
8320 16
8321 16
8322 16
8323 16
8324 16
8325 16
8326 16
8327 16
8328 16
8329 16
8330 156
8331 64
8332 157
8333 128
8334 139
8335 16
8336 147
8337 -1
8338 -1
8339 44
8340 44
8341 92
8342 -1
8343 95
8344 164
8345 168
8346 88
8347 157
8348 27
8349 98
8350 -1
8351 120
8352 176
8353 -1
8354 88
8355 127
8356 -1
8357 -1
8358 114
8359 -1
8360 144
8361 -1
8362 34
8363 -1
8364 138
8365 -1
8366 -1
8367 52
8368 -1
8369 -1
8370 146
8371 -1
8372 146
8373 0
8374 0
8375 0
8376 0
8377 0
8378 0
8379 0
8380 -1
8381 -1
8382 -1
8383 -1
8384 -1
8385 148
8386 115
8387 115
8388 47
8389 -1
8390 0
8391 0
8392 0
8393 -1
8394 -1
8395 0
8396 0
8397 0
8398 65
8399 27
8400 -1
8401 83
8402 156
8403 83
8404 0
8405 114
8406 148
8407 -1
8408 137
8409 174
8410 108
8411 108
8412 97
8413 -1
8414 30
8415 109
8416 109
8417 52
8418 52
8419 134
8420 35
8421 -1
8422 0
8423 -1
8424 -1
8425 169
8426 0
8427 115
8428 0
8429 -1
8430 -1
8431 -1
8432 95
8433 115
8434 43
8435 131
8436 58
8437 58
8438 58
8439 -1
8440 57
8441 79
8442 -1
8443 -1
8444 -1
8445 139
8446 139
8447 -1
8448 -1
8449 -1
8450 -1
8451 15
8452 15
8453 0
8454 19
8455 -1
8456 -1
8457 -1
8458 88
8459 -1
8460 1
8461 -1
8462 -1
8463 -1
8464 146
8465 144
8466 144
8467 -1
8468 -1
8469 -1
8470 -1
8471 -1
8472 -1
8473 104
8474 104
8475 98
8476 163
8477 -1
8478 19
8479 -1
8480 1
8481 -1
8482 -1
8483 26
8484 94
8485 -1
8486 1
8487 128
8488 128
8489 155
8490 171
8491 42
8492 122
8493 115
8494 164
8495 -1
8496 -1
8497 -1
8498 146
8499 123
8500 -1
8501 -1
8502 121
8503 116
8504 15
8505 15
8506 15
8507 15
8508 15
8509 15
8510 15
8511 -1
8512 15
8513 15
8514 15
8515 15
8516 15
8517 15
8518 15
8519 15
8520 15
8521 15
8522 15
8523 15
8524 15
8525 15
8526 15
8527 15
8528 15
8529 -1
8530 15
8531 15
8532 15
8533 14
8534 14
8535 15
8536 15
8537 15
8538 15
8539 15
8540 15
8541 15
8542 15
8543 15
8544 15
8545 15
8546 15
8547 15
8548 -1
8549 15
8550 15
8551 15
8552 15
8553 15
8554 15
8555 15
8556 15
8557 15
8558 15
8559 15
8560 15
8561 126
8562 126
8563 15
8564 15
8565 15
8566 15
8567 15
8568 15
8569 15
8570 15
8571 15
8572 15
8573 15
8574 15
8575 15
8576 15
8577 15
8578 15
8579 15
8580 15
8581 15
8582 15
8583 15
8584 15
8585 15
8586 15
8587 15
8588 15
8589 15
8590 15
8591 15
8592 15
8593 -1
8594 -1
8595 15
8596 67
8597 15
8598 15
8599 15
8600 15
8601 15
8602 15
8603 15
8604 15
8605 15
8606 15
8607 15
8608 15
8609 15
8610 18
8611 18
8612 18
8613 18
8614 18
8615 18
8616 18
8617 18
8618 18
8619 18
8620 18
8621 18
8622 19
8623 0
8624 0
8625 0
8626 52
8627 52
8628 0
8629 0
8630 0
8631 146
8632 -1
8633 158
8634 17
8635 -1
8636 40
8637 -1
8638 96
8639 17
8640 17
8641 17
8642 -1
8643 -1
8644 68
8645 164
8646 26
8647 -1
8648 -1
8649 -1
8650 -1
8651 -1
8652 -1
8653 -1
8654 -1
8655 146
8656 128
8657 91
8658 91
8659 -1
8660 132
8661 43
8662 0
8663 -1
8664 0
8665 123
8666 -1
8667 -1
8668 121
8669 73
8670 -1
8671 68
8672 79
8673 121
8674 121
8675 -1
8676 123
8677 -1
8678 -1
8679 32
8680 -1
8681 174
8682 133
8683 -1
8684 -1
8685 -1
8686 -1
8687 47
8688 47
8689 -1
8690 -1
8691 146
8692 146
8693 -1
8694 -1
8695 -1
8696 -1
8697 177
8698 127
8699 91
8700 -1
8701 174
8702 174
8703 174
8704 43
8705 -1
8706 -1
8707 -1
8708 -1
8709 -1
8710 168
8711 168
8712 -1
8713 158
8714 158
8715 142
8716 142
8717 -1
8718 90
8719 44
8720 -1
8721 168
8722 -1
8723 -1
8724 63
8725 81
8726 156
8727 -1
8728 139
8729 27
8730 -1
8731 -1
8732 -1
8733 -1
8734 132
8735 -1
8736 17
8737 114
8738 114
8739 -1
8740 -1
8741 17
8742 -1
8743 91
8744 153
8745 27
8746 137
8747 148
8748 -1
8749 -1
8750 40
8751 17
8752 155
8753 -1
8754 95
8755 64
8756 -1
8757 88
8758 115
8759 115
8760 115
8761 19
8762 97
8763 97
8764 60
8765 60
8766 19
8767 19
8768 19
8769 19
8770 19
8771 -1
8772 -1
8773 51
8774 68
8775 -1
8776 -1
8777 17
8778 17
8779 60
8780 0
8781 60
8782 60
8783 146
8784 -1
8785 60
8786 60
8787 60
8788 60
8789 0
8790 0
8791 0
8792 27
8793 94
8794 -1
8795 114
8796 103
8797 162
8798 36
8799 108
8800 27
8801 -1
8802 177
8803 -1
8804 -1
8805 -1
8806 1
8807 120
8808 168
8809 146
8810 -1
8811 146
8812 -1
8813 102
8814 134
8815 174
8816 -1
8817 158
8818 158
8819 163
8820 -1
8821 0
8822 0
8823 148
8824 35
8825 0
8826 148
8827 67
8828 -1
8829 -1
8830 -1
8831 163
8832 122
8833 1
8834 -1
8835 -1
8836 94
8837 -1
8838 -1
8839 -1
8840 125
8841 -1
8842 0
8843 -1
8844 0
8845 -1
8846 120
8847 120
8848 65
8849 27
8850 94
8851 0
8852 -1
8853 128
8854 33
8855 123
8856 127
8857 -1
8858 0
8859 -1
8860 0
8861 -1
8862 -1
8863 -1
8864 -1
8865 164
8866 -1
8867 -1
8868 -1
8869 -1
8870 -1
8871 0
8872 164
8873 43
8874 67
8875 90
8876 90
8877 90
8878 -1
8879 163
8880 -1
8881 27
8882 -1
8883 63
8884 25
8885 90
8886 90
8887 90
8888 90
8889 90
8890 90
8891 90
8892 90
8893 90
8894 90
8895 120
8896 102
8897 90
8898 120
8899 21
8900 164
8901 63
8902 156
8903 121
8904 121
8905 84
8906 84
8907 84
8908 -1
8909 169
8910 -1
8911 -1
8912 61
8913 139
8914 -1
8915 167
8916 133
8917 60
8918 60
8919 44
8920 60
8921 -1
8922 -1
8923 -1
8924 60
8925 -1
8926 115
8927 130
8928 153
8929 146
8930 146
8931 146
8932 146
8933 146
8934 146
8935 103
8936 60
8937 -1
8938 60
8939 19
8940 19
8941 19
8942 19
8943 19
8944 19
8945 19
8946 19
8947 19
8948 19
8949 19
8950 19
8951 19
8952 19
8953 19
8954 19
8955 19
8956 19
8957 19
8958 19
8959 19
8960 19
8961 19
8962 19
8963 19
8964 19
8965 19
8966 19
8967 19
8968 19
8969 19
8970 19
8971 19
8972 19
8973 19
8974 19
8975 19
8976 19
8977 19
8978 19
8979 19
8980 19
8981 0
8982 0
8983 19
8984 0
8985 0
8986 19
8987 19
8988 19
8989 19
8990 19
8991 0
8992 19
8993 19
8994 19
8995 19
8996 19
8997 19
8998 19
8999 19
9000 19
9001 19
9002 19
9003 0
9004 19
9005 19
9006 19
9007 102
9008 19
9009 19
9010 19
9011 19
9012 19
9013 19
9014 19
9015 19
9016 19
9017 19
9018 19
9019 19
9020 19
9021 19
9022 19
9023 19
9024 19
9025 19
9026 19
9027 19
9028 19
9029 0
9030 19
9031 19
9032 19
9033 19
9034 19
9035 0
9036 19
9037 19
9038 19
9039 19
9040 19
9041 19
9042 19
9043 19
9044 19
9045 19
9046 0
9047 19
9048 19
9049 19
9050 19
9051 19
9052 19
9053 19
9054 19
9055 19
9056 19
9057 19
9058 19
9059 19
9060 19
9061 19
9062 19
9063 19
9064 19
9065 19
9066 19
9067 19
9068 19
9069 19
9070 0
9071 19
9072 19
9073 19
9074 19
9075 19
9076 19
9077 19
9078 19
9079 19
9080 19
9081 0
9082 19
9083 1
9084 19
9085 19
9086 19
9087 19
9088 19
9089 19
9090 19
9091 19
9092 19
9093 19
9094 19
9095 102
9096 19
9097 19
9098 19
9099 19
9100 19
9101 19
9102 19
9103 19
9104 19
9105 19
9106 19
9107 19
9108 19
9109 19
9110 19
9111 19
9112 19
9113 -1
9114 19
9115 19
9116 19
9117 19
9118 19
9119 19
9120 19
9121 19
9122 19
9123 19
9124 19
9125 19
9126 19
9127 19
9128 19
9129 19
9130 19
9131 19
9132 19
9133 19
9134 19
9135 19
9136 19
9137 19
9138 19
9139 19
9140 19
9141 19
9142 19
9143 19
9144 19
9145 19
9146 19
9147 19
9148 19
9149 19
9150 19
9151 19
9152 19
9153 19
9154 19
9155 19
9156 19
9157 19
9158 19
9159 19
9160 19
9161 19
9162 19
9163 19
9164 19
9165 19
9166 19
9167 19
9168 19
9169 19
9170 19
9171 19
9172 19
9173 19
9174 19
9175 19
9176 19
9177 19
9178 19
9179 19
9180 19
9181 19
9182 19
9183 19
9184 19
9185 19
9186 19
9187 19
9188 19
9189 19
9190 19
9191 19
9192 19
9193 -1
9194 19
9195 19
9196 19
9197 19
9198 19
9199 19
9200 19
9201 19
9202 19
9203 1
9204 1
9205 1
9206 1
9207 1
9208 19
9209 19
9210 19
9211 19
9212 19
9213 19
9214 19
9215 19
9216 19
9217 19
9218 19
9219 19
9220 19
9221 19
9222 19
9223 19
9224 40
9225 -1
9226 19
9227 19
9228 19
9229 19
9230 19
9231 19
9232 17
9233 17
9234 119
9235 -1
9236 19
9237 19
9238 19
9239 19
9240 19
9241 19
9242 19
9243 19
9244 19
9245 19
9246 19
9247 19
9248 19
9249 19
9250 19
9251 19
9252 19
9253 19
9254 19
9255 19
9256 19
9257 19
9258 19
9259 19
9260 19
9261 19
9262 19
9263 19
9264 19
9265 19
9266 19
9267 19
9268 19
9269 19
9270 19
9271 19
9272 19
9273 19
9274 19
9275 19
9276 19
9277 19
9278 19
9279 19
9280 19
9281 19
9282 19
9283 19
9284 19
9285 19
9286 19
9287 19
9288 19
9289 19
9290 19
9291 19
9292 19
9293 19
9294 19
9295 19
9296 19
9297 19
9298 19
9299 19
9300 19
9301 19
9302 19
9303 19
9304 19
9305 19
9306 19
9307 19
9308 19
9309 19
9310 19
9311 19
9312 19
9313 19
9314 19
9315 19
9316 19
9317 19
9318 19
9319 19
9320 19
9321 142
9322 19
9323 19
9324 19
9325 19
9326 19
9327 19
9328 104
9329 19
9330 19
9331 19
9332 19
9333 19
9334 19
9335 19
9336 19
9337 19
9338 19
9339 19
9340 19
9341 19
9342 19
9343 19
9344 19
9345 19
9346 19
9347 19
9348 19
9349 19
9350 19
9351 19
9352 19
9353 19
9354 19
9355 -1
9356 19
9357 19
9358 19
9359 19
9360 19
9361 19
9362 19
9363 19
9364 19
9365 19
9366 19
9367 19
9368 19
9369 19
9370 61
9371 19
9372 18
9373 19
9374 19
9375 -1
9376 19
9377 -1
9378 19
9379 19
9380 19
9381 19
9382 19
9383 19
9384 19
9385 19
9386 19
9387 19
9388 19
9389 19
9390 19
9391 19
9392 19
9393 157
9394 14
9395 14
9396 14
9397 1
9398 1
9399 14
9400 14
9401 14
9402 14
9403 14
9404 14
9405 14
9406 14
9407 14
9408 14
9409 14
9410 14
9411 14
9412 14
9413 14
9414 14
9415 14
9416 14
9417 14
9418 14
9419 14
9420 102
9421 102
9422 14
9423 14
9424 14
9425 14
9426 14
9427 19
9428 157
9429 159
9430 0
9431 0
9432 127
9433 -1
9434 -1
9435 7
9436 -1
9437 1
9438 -1
9439 97
9440 -1
9441 97
9442 -1
9443 -1
9444 -1
9445 63
9446 109
9447 -1
9448 96
9449 121
9450 -1
9451 148
9452 -1
9453 1
9454 60
9455 121
9456 125
9457 114
9458 163
9459 164
9460 -1
9461 -1
9462 -1
9463 1
9464 -1
9465 -1
9466 132
9467 133
9468 33
9469 120
9470 15
9471 64
9472 88
9473 0
9474 -1
9475 1
9476 1
9477 141
9478 -1
9479 87
9480 -1
9481 -1
9482 -1
9483 -1
9484 99
9485 99
9486 52
9487 164
9488 -1
9489 157
9490 156
9491 -1
9492 139
9493 -1
9494 -1
9495 -1
9496 -1
9497 158
9498 -1
9499 -1
9500 120
9501 120
9502 -1
9503 -1
9504 -1
9505 -1
9506 100
9507 -1
9508 -1
9509 111
9510 -1
9511 -1
9512 -1
9513 94
9514 139
9515 115
9516 -1
9517 -1
9518 -1
9519 -1
9520 -1
9521 -1
9522 -1
9523 109
9524 154
9525 43
9526 -1
9527 177
9528 17
9529 -1
9530 1
9531 142
9532 -1
9533 35
9534 -1
9535 -1
9536 0
9537 -1
9538 -1
9539 -1
9540 -1
9541 146
9542 159
9543 -1
9544 99
9545 -1
9546 -1
9547 0
9548 99
9549 146
9550 146
9551 -1
9552 -1
9553 177
9554 -1
9555 27
9556 -1
9557 74
9558 -1
9559 139
9560 33
9561 -1
9562 139
9563 138
9564 138
9565 138
9566 -1
9567 108
9568 27
9569 -1
9570 169
9571 -1
9572 -1
9573 -1
9574 0
9575 -1
9576 76
9577 123
9578 -1
9579 -1
9580 42
9581 120
9582 127
9583 125
9584 -1
9585 82
9586 -1
9587 -1
9588 173
9589 -1
9590 1
9591 -1
9592 96
9593 -1
9594 0
9595 -1
9596 153
9597 130
9598 49
9599 60
9600 60
9601 -1
9602 148
9603 95
9604 95
9605 -1
9606 52
9607 52
9608 127
9609 39
9610 39
9611 39
9612 39
9613 1
9614 39
9615 39
9616 39
9617 1
9618 1
9619 1
9620 1
9621 39
9622 39
9623 39
9624 39
9625 39
9626 120
9627 33
9628 54
9629 33
9630 15
9631 33
9632 33
9633 33
9634 33
9635 33
9636 33
9637 33
9638 1
9639 1
9640 1
9641 1
9642 33
9643 33
9644 33
9645 -1
9646 33
9647 33
9648 33
9649 1
9650 33
9651 1
9652 33
9653 158
9654 -1
9655 -1
9656 120
9657 0
9658 0
9659 0
9660 0
9661 0
9662 0
9663 0
9664 0
9665 0
9666 0
9667 84
9668 -1
9669 -1
9670 -1
9671 -1
9672 -1
9673 -1
9674 -1
9675 -1
9676 -1
9677 -1
9678 -1
9679 -1
9680 -1
9681 43
9682 43
9683 177
9684 99
9685 -1
9686 125
9687 127
9688 127
9689 120
9690 157
9691 -1
9692 -1
9693 120
9694 17
9695 1
9696 1
9697 137
9698 0
9699 0
9700 170
9701 44
9702 -1
9703 -1
9704 119
9705 -1
9706 27
9707 -1
9708 52
9709 98
9710 139
9711 -1
9712 -1
9713 -1
9714 51
9715 -1
9716 157
9717 163
9718 139
9719 139
9720 138
9721 171
9722 174
9723 158
9724 73
9725 73
9726 155
9727 79
9728 0
9729 119
9730 177
9731 120
9732 148
9733 121
9734 123
9735 -1
9736 -1
9737 -1
9738 -1
9739 -1
9740 1
9741 114
9742 8
9743 -1
9744 176
9745 -1
9746 52
9747 1
9748 52
9749 126
9750 161
9751 133
9752 166
9753 -1
9754 -1
9755 176
9756 91
9757 81
9758 -1
9759 -1
9760 151
9761 102
9762 -1
9763 115
9764 90
9765 27
9766 -1
9767 -1
9768 -1
9769 -1
9770 -1
9771 122
9772 69
9773 -1
9774 -1
9775 -1
9776 -1
9777 -1
9778 -1
9779 138
9780 138
9781 64
9782 74
9783 0
9784 -1
9785 29
9786 -1
9787 -1
9788 -1
9789 60
9790 60
9791 -1
9792 64
9793 125
9794 158
9795 -1
9796 -1
9797 -1
9798 134
9799 120
9800 120
9801 49
9802 -1
9803 60
9804 131
9805 154
9806 -1
9807 -1
9808 143
9809 0
9810 112
9811 -1
9812 51
9813 51
9814 51
9815 0
9816 112
9817 112
9818 -1
9819 0
9820 -1
9821 0
9822 0
9823 18
9824 18
9825 0
9826 -1
9827 0
9828 0
9829 0
9830 0
9831 18
9832 18
9833 18
9834 18
9835 0
9836 18
9837 18
9838 18
9839 0
9840 18
9841 18
9842 18
9843 18
9844 18
9845 0
9846 18
9847 18
9848 18
9849 18
9850 0
9851 0
9852 42
9853 162
9854 90
9855 90
9856 -1
9857 -1
9858 157
9859 120
9860 -1
9861 91
9862 -1
9863 91
9864 -1
9865 -1
9866 35
9867 -1
9868 -1
9869 0
9870 -1
9871 171
9872 90
9873 90
9874 20
9875 1
9876 -1
9877 8
9878 8
9879 63
9880 157
9881 -1
9882 -1
9883 -1
9884 133
9885 81
9886 -1
9887 128
9888 128
9889 76
9890 68
9891 43
9892 -1
9893 -1
9894 -1
9895 -1
9896 -1
9897 60
9898 73
9899 -1
9900 60
9901 60
9902 -1
9903 -1
9904 -1
9905 121
9906 121
9907 -1
9908 64
9909 115
9910 115
9911 49
9912 162
9913 -1
9914 -1
9915 -1
9916 60
9917 -1
9918 -1
9919 -1
9920 -1
9921 0
9922 44
9923 42
9924 -1
9925 33
9926 -1
9927 -1
9928 59
9929 -1
9930 -1
9931 3
9932 99
9933 99
9934 120
9935 135
9936 -1
9937 146
9938 146
9939 146
9940 146
9941 146
9942 129
9943 129
9944 -1
9945 1
9946 1
9947 -1
9948 129
9949 0
9950 0
9951 -1
9952 103
9953 103
9954 0
9955 0
9956 156
9957 156
9958 155
9959 59
9960 59
9961 59
9962 0
9963 -1
9964 -1
9965 -1
9966 60
9967 60
9968 60
9969 60
9970 81
9971 -1
9972 121
9973 125
9974 60
9975 103
9976 60
9977 90
9978 -1
9979 40
9980 -1
9981 -1
9982 0
9983 1
9984 49
9985 1
9986 171
9987 114
9988 171
9989 127
9990 -1
9991 -1
9992 34
9993 -1
9994 60
9995 -1
9996 63
9997 -1
9998 60
9999 17
10000 17
10001 17
10002 17
10003 17
10004 17
10005 17
10006 17
10007 17
10008 60
10009 17
10010 17
10011 60
10012 0
10013 17
10014 17
10015 -1
10016 -1
10017 -1
10018 17
10019 17
10020 1
10021 0
10022 17
10023 64
10024 36
10025 138
10026 1
10027 98
10028 -1
10029 60
10030 60
10031 0
10032 139
10033 1
10034 132
10035 105
10036 132
10037 -1
10038 139
10039 -1
10040 160
10041 125
10042 -1
10043 163
10044 1
10045 1
10046 -1
10047 104
10048 -1
10049 -1
10050 152
10051 -1
10052 146
10053 146
10054 146
10055 146
10056 146
10057 146
10058 146
10059 146
10060 0
10061 0
10062 50
10063 0
10064 121
10065 1
10066 121
10067 -1
10068 -1
10069 1
10070 -1
10071 -1
10072 127
10073 -1
10074 1
10075 49
10076 125
10077 49
10078 115
10079 115
10080 66
10081 51
10082 51
10083 -1
10084 27
10085 -1
10086 60
10087 -1
10088 125
10089 102
10090 -1
10091 -1
10092 105
10093 0
10094 -1
10095 114
10096 102
10097 90
10098 164
10099 116
10100 67
10101 -1
10102 81
10103 1
10104 177
10105 100
10106 -1
10107 169
10108 132
10109 -1
10110 52
10111 105
10112 90
10113 131
10114 131
10115 -1
10116 -1
10117 94
10118 168
10119 -1
10120 0
10121 0
10122 0
10123 -1
10124 -1
10125 0
10126 -1
10127 -1
10128 1
10129 -1
10130 -1
10131 40
10132 -1
10133 -1
10134 -1
10135 64
10136 59
10137 0
10138 -1
10139 103
10140 66
10141 58
10142 0
10143 95
10144 93
10145 157
10146 -1
10147 27
10148 100
10149 95
10150 -1
10151 59
10152 -1
10153 -1
10154 0
10155 -1
10156 -1
10157 71
10158 148
10159 -1
10160 -1
10161 -1
10162 -1
10163 -1
10164 -1
10165 171
10166 171
10167 171
10168 -1
10169 1
10170 0
10171 -1
10172 1
10173 154
10174 1
10175 -1
10176 121
10177 -1
10178 108
10179 95
10180 -1
10181 0
10182 -1
10183 127
10184 84
10185 64
10186 -1
10187 -1
10188 121
10189 161
10190 0
10191 -1
10192 -1
10193 0
10194 59
10195 -1
10196 -1
10197 -1
10198 -1
10199 -1
10200 154
10201 -1
10202 92
10203 -1
10204 173
10205 -1
10206 17
10207 17
10208 104
10209 0
10210 -1
10211 0
10212 97
10213 105
10214 52
10215 100
10216 120
10217 0
10218 0
10219 0
10220 114
10221 114
10222 0
10223 0
10224 0
10225 0
10226 0
10227 157
10228 -1
10229 -1
10230 -1
10231 114
10232 -1
10233 42
10234 19
10235 102
10236 -1
10237 -1
10238 157
10239 157
10240 -1
10241 98
10242 115
10243 -1
10244 -1
10245 -1
10246 102
10247 -1
10248 -1
10249 78
10250 -1
10251 -1
10252 162
10253 -1
10254 1
10255 1
10256 169
10257 169
10258 1
10259 60
10260 -1
10261 -1
10262 -1
10263 30
10264 1
10265 90
10266 137
10267 102
10268 0
10269 169
10270 0
10271 1
10272 -1
10273 -1
10274 -1
10275 0
10276 0
10277 -1
10278 78
10279 -1
10280 -1
10281 102
10282 -1
10283 -1
10284 64
10285 27
10286 -1
10287 154
10288 137
10289 127
10290 169
10291 1
10292 39
10293 -1
10294 123
10295 -1
10296 -1
10297 169
10298 -1
10299 40
10300 40
10301 40
10302 40
10303 -1
10304 -1
10305 -1
10306 126
10307 84
10308 88
10309 158
10310 -1
10311 158
10312 -1
10313 -1
10314 -1
10315 78
10316 90
10317 78
10318 78
10319 -1
10320 94
10321 102
10322 102
10323 94
10324 94
10325 -1
10326 121
10327 -1
10328 -1
10329 -1
10330 -1
10331 -1
10332 -1
10333 -1
10334 1
10335 125
10336 68
10337 173
10338 -1
10339 -1
10340 -1
10341 34
10342 -1
10343 -1
10344 68
10345 -1
10346 -1
10347 -1
10348 105
10349 0
10350 0
10351 0
10352 0
10353 103
10354 -1
10355 1
10356 1
10357 59
10358 -1
10359 -1
10360 171
10361 -1
10362 151
10363 118
10364 -1
10365 102
10366 1
10367 120
10368 -1
10369 -1
10370 -1
10371 78
10372 100
10373 -1
10374 -1
10375 -1
10376 -1
10377 -1
10378 -1
10379 -1
10380 -1
10381 -1
10382 -1
10383 -1
10384 0
10385 0
10386 0
10387 43
10388 43
10389 109
10390 109
10391 -1
10392 -1
10393 0
10394 102
10395 94
10396 100
10397 -1
10398 137
10399 -1
10400 146
10401 -1
10402 0
10403 120
10404 -1
10405 -1
10406 134
10407 48
10408 48
10409 48
10410 48
10411 48
10412 48
10413 0
10414 0
10415 48
10416 0
10417 48
10418 48
10419 48
10420 64
10421 48
10422 159
10423 -1
10424 48
10425 48
10426 48
10427 -1
10428 -1
10429 -1
10430 -1
10431 27
10432 27
10433 122
10434 -1
10435 -1
10436 130
10437 -1
10438 -1
10439 0
10440 100
10441 102
10442 102
10443 -1
10444 -1
10445 -1
10446 -1
10447 -1
10448 -1
10449 77
10450 102
10451 130
10452 100
10453 -1
10454 44
10455 -1
10456 93
10457 64
10458 0
10459 -1
10460 64
10461 27
10462 64
10463 153
10464 27
10465 137
10466 137
10467 114
10468 81
10469 81
10470 -1
10471 86
10472 86
10473 86
10474 -1
10475 -1
10476 -1
10477 -1
10478 97
10479 54
10480 -1
10481 -1
10482 -1
10483 -1
10484 -1
10485 -1
10486 -1
10487 24
10488 24
10489 24
10490 24
10491 24
10492 24
10493 24
10494 24
10495 24
10496 24
10497 24
10498 24
10499 24
10500 24
10501 24
10502 8
10503 8
10504 24
10505 24
10506 8
10507 8
10508 1
10509 1
10510 8
10511 8
10512 24
10513 24
10514 24
10515 24
10516 24
10517 24
10518 24
10519 24
10520 24
10521 24
10522 24
10523 24
10524 24
10525 24
10526 24
10527 24
10528 24
10529 24
10530 24
10531 24
10532 24
10533 24
10534 24
10535 24
10536 24
10537 24
10538 24
10539 24
10540 24
10541 24
10542 -1
10543 120
10544 157
10545 87
10546 87
10547 -1
10548 -1
10549 124
10550 132
10551 109
10552 -1
10553 -1
10554 33
10555 61
10556 27
10557 1
10558 27
10559 102
10560 -1
10561 20
10562 -1
10563 20
10564 20
10565 20
10566 20
10567 100
10568 1
10569 -1
10570 35
10571 35
10572 0
10573 -1
10574 8
10575 -1
10576 -1
10577 -1
10578 0
10579 17
10580 -1
10581 68
10582 -1
10583 -1
10584 125
10585 57
10586 57
10587 -1
10588 114
10589 159
10590 -1
10591 0
10592 -1
10593 36
10594 36
10595 0
10596 100
10597 146
10598 60
10599 60
10600 108
10601 90
10602 90
10603 148
10604 116
10605 127
10606 127
10607 100
10608 64
10609 64
10610 -1
10611 38
10612 3
10613 3
10614 3
10615 3
10616 3
10617 3
10618 3
10619 102
10620 42
10621 -1
10622 -1
10623 171
10624 0
10625 -1
10626 0
10627 0
10628 0
10629 -1
10630 -1
10631 38
10632 0
10633 0
10634 0
10635 0
10636 0
10637 0
10638 -1
10639 49
10640 102
10641 114
10642 49
10643 113
10644 154
10645 148
10646 -1
10647 -1
10648 -1
10649 -1
10650 -1
10651 160
10652 137
10653 127
10654 27
10655 -1
10656 115
10657 100
10658 100
10659 100
10660 100
10661 -1
10662 100
10663 -1
10664 149
10665 86
10666 86
10667 -1
10668 0
10669 0
10670 -1
10671 164
10672 100
10673 -1
10674 38
10675 48
10676 48
10677 48
10678 48
10679 48
10680 48
10681 -1
10682 -1
10683 67
10684 134
10685 100
10686 134
10687 -1
10688 134
10689 -1
10690 126
10691 126
10692 0
10693 126
10694 -1
10695 -1
10696 -1
10697 -1
10698 67
10699 -1
10700 126
10701 -1
10702 -1
10703 100
10704 100
10705 100
10706 100
10707 100
10708 0
10709 100
10710 156
10711 162
10712 -1
10713 -1
10714 -1
10715 -1
10716 148
10717 -1
10718 -1
10719 -1
10720 -1
10721 27
10722 27
10723 27
10724 148
10725 73
10726 0
10727 102
10728 73
10729 73
10730 102
10731 -1
10732 146
10733 146
10734 146
10735 146
10736 73
10737 27
10738 119
10739 137
10740 112
10741 38
10742 38
10743 32
10744 32
10745 81
10746 1
10747 1
10748 1
10749 -1
10750 -1
10751 100
10752 100
10753 100
10754 102
10755 100
10756 100
10757 100
10758 100
10759 100
10760 100
10761 100
10762 -1
10763 102
10764 64
10765 162
10766 100
10767 100
10768 87
10769 42
10770 -1
10771 -1
10772 87
10773 59
10774 137
10775 92
10776 -1
10777 -1
10778 -1
10779 92
10780 100
10781 100
10782 0
10783 -1
10784 49
10785 0
10786 -1
10787 100
10788 100
10789 -1
10790 -1
10791 -1
10792 -1
10793 -1
10794 -1
10795 154
10796 -1
10797 157
10798 17
10799 17
10800 17
10801 17
10802 -1
10803 94
10804 -1
10805 102
10806 59
10807 -1
10808 59
10809 59
10810 25
10811 -1
10812 38
10813 64
10814 -1
10815 119
10816 -1
10817 23
10818 23
10819 23
10820 23
10821 23
10822 23
10823 23
10824 23
10825 23
10826 23
10827 23
10828 23
10829 23
10830 23
10831 23
10832 23
10833 23
10834 40
10835 40
10836 -1
10837 134
10838 -1
10839 30
10840 0
10841 100
10842 -1
10843 -1
10844 139
10845 -1
10846 100
10847 38
10848 -1
10849 -1
10850 0
10851 136
10852 -1
10853 125
10854 94
10855 26
10856 -1
10857 -1
10858 -1
10859 134
10860 134
10861 -1
10862 -1
10863 -1
10864 0
10865 0
10866 0
10867 7
10868 -1
10869 -1
10870 -1
10871 0
10872 -1
10873 122
10874 25
10875 161
10876 49
10877 57
10878 -1
10879 -1
10880 38
10881 173
10882 -1
10883 -1
10884 91
10885 91
10886 -1
10887 -1
10888 -1
10889 -1
10890 -1
10891 -1
10892 -1
10893 121
10894 121
10895 94
10896 121
10897 -1
10898 42
10899 -1
10900 64
10901 116
10902 -1
10903 -1
10904 -1
10905 -1
10906 -1
10907 -1
10908 -1
10909 0
10910 0
10911 0
10912 0
10913 0
10914 0
10915 0
10916 0
10917 0
10918 0
10919 42
10920 123
10921 122
10922 122
10923 122
10924 0
10925 85
10926 -1
10927 38
10928 -1
10929 -1
10930 -1
10931 -1
10932 -1
10933 -1
10934 -1
10935 -1
10936 38
10937 -1
10938 -1
10939 164
10940 -1
10941 -1
10942 -1
10943 -1
10944 -1
10945 43
10946 -1
10947 43
10948 -1
10949 98
10950 -1
10951 -1
10952 -1
10953 58
10954 -1
10955 169
10956 -1
10957 94
10958 146
10959 146
10960 146
10961 -1
10962 146
10963 146
10964 97
10965 108
10966 27
10967 67
10968 -1
10969 92
10970 -1
10971 95
10972 95
10973 -1
10974 -1
10975 -1
10976 -1
10977 64
10978 38
10979 64
10980 0
10981 0
10982 -1
10983 0
10984 177
10985 127
10986 -1
10987 -1
10988 -1
10989 -1
10990 -1
10991 -1
10992 -1
10993 -1
10994 -1
10995 -1
10996 -1
10997 64
10998 0
10999 -1
11000 151
11001 -1
11002 -1
11003 139
11004 139
11005 -1
11006 1
11007 -1
11008 -1
11009 -1
11010 -1
11011 -1
11012 -1
11013 -1
11014 1
11015 64
11016 64
11017 64
11018 40
11019 -1
11020 40
11021 -1
11022 40
11023 -1
11024 0
11025 -1
11026 160
11027 -1
11028 57
11029 69
11030 -1
11031 -1
11032 -1
11033 1
11034 -1
11035 1
11036 -1
11037 0
11038 -1
11039 111
11040 -1
11041 1
11042 84
11043 1
11044 1
11045 1
11046 1
11047 127
11048 127
11049 -1
11050 -1
11051 -1
11052 38
11053 1
11054 1
11055 1
11056 48
11057 1
11058 1
11059 1
11060 1
11061 1
11062 1
11063 1
11064 1
11065 1
11066 0
11067 0
11068 0
11069 0
11070 0
11071 0
11072 0
11073 -1
11074 136
11075 0
11076 0
11077 0
11078 0
11079 -1
11080 114
11081 134
11082 -1
11083 -1
11084 -1
11085 -1
11086 60
11087 42
11088 42
11089 148
11090 -1
11091 -1
11092 -1
11093 -1
11094 -1
11095 27
11096 27
11097 27
11098 27
11099 38
11100 0
11101 0
11102 -1
11103 1
11104 0
11105 38
11106 -1
11107 64
11108 17
11109 171
11110 148
11111 148
11112 160
11113 27
11114 36
11115 36
11116 -1
11117 141
11118 1
11119 1
11120 67
11121 -1
11122 -1
11123 1
11124 67
11125 1
11126 67
11127 -1
11128 155
11129 -1
11130 163
11131 156
11132 40
11133 40
11134 96
11135 96
11136 0
11137 0
11138 0
11139 134
11140 27
11141 109
11142 61
11143 52
11144 -1
11145 0
11146 49
11147 -1
11148 -1
11149 103
11150 169
11151 -1
11152 -1
11153 76
11154 -1
11155 -1
11156 -1
11157 0
11158 0
11159 0
11160 65
11161 137
11162 0
11163 123
11164 42
11165 40
11166 1
11167 1
11168 1
11169 1
11170 169
11171 -1
11172 0
11173 0
11174 0
11175 0
11176 0
11177 0
11178 83
11179 0
11180 -1
11181 -1
11182 121
11183 133
11184 111
11185 122
11186 -1
11187 127
11188 -1
11189 38
11190 126
11191 -1
11192 -1
11193 127
11194 0
11195 89
11196 -1
11197 0
11198 119
11199 136
11200 27
11201 -1
11202 114
11203 114
11204 125
11205 100
11206 0
11207 0
11208 0
11209 0
11210 122
11211 122
11212 0
11213 126
11214 126
11215 126
11216 126
11217 126
11218 126
11219 1
11220 1
11221 0
11222 -1
11223 8
11224 -1
11225 102
11226 -1
11227 -1
11228 -1
11229 -1
11230 -1
11231 78
11232 -1
11233 79
11234 138
11235 138
11236 138
11237 1
11238 87
11239 114
11240 137
11241 -1
11242 -1
11243 -1
11244 59
11245 -1
11246 0
11247 0
11248 141
11249 141
11250 1
11251 1
11252 38
11253 71
11254 -1
11255 30
11256 67
11257 -1
11258 -1
11259 -1
11260 0
11261 0
11262 0
11263 137
11264 17
11265 -1
11266 98
11267 -1
11268 177
11269 100
11270 -1
11271 100
11272 100
11273 108
11274 -1
11275 -1
11276 -1
11277 38
11278 110
11279 0
11280 157
11281 -1
11282 -1
11283 -1
11284 123
11285 139
11286 -1
11287 27
11288 -1
11289 -1
11290 -1
11291 64
11292 -1
11293 -1
11294 1
11295 1
11296 -1
11297 -1
11298 138
11299 162
11300 -1
11301 -1
11302 -1
11303 114
11304 48
11305 48
11306 48
11307 -1
11308 -1
11309 -1
11310 48
11311 162
11312 0
11313 164
11314 -1
11315 48
11316 48
11317 -1
11318 85
11319 -1
11320 -1
11321 -1
11322 -1
11323 27
11324 157
11325 -1
11326 1
11327 -1
11328 -1
11329 0
11330 0
11331 0
11332 0
11333 0
11334 0
11335 0
11336 126
11337 0
11338 0
11339 38
11340 -1
11341 0
11342 1
11343 102
11344 1
11345 148
11346 0
11347 -1
11348 -1
11349 -1
11350 0
11351 0
11352 157
11353 157
11354 -1
11355 163
11356 0
11357 -1
11358 -1
11359 -1
11360 0
11361 -1
11362 3
11363 3
11364 -1
11365 -1
11366 0
11367 0
11368 0
11369 109
11370 0
11371 109
11372 0
11373 109
11374 0
11375 132
11376 0
11377 -1
11378 -1
11379 -1
11380 -1
11381 40
11382 74
11383 0
11384 120
11385 0
11386 -1
11387 0
11388 6
11389 -1
11390 85
11391 0
11392 0
11393 0
11394 0
11395 0
11396 0
11397 0
11398 0
11399 0
11400 0
11401 -1
11402 20
11403 27
11404 -1
11405 162
11406 162
11407 162
11408 0
11409 -1
11410 0
11411 0
11412 143
11413 24
11414 -1
11415 46
11416 0
11417 38
11418 0
11419 0
11420 -1
11421 107
11422 0
11423 0
11424 0
11425 0
11426 0
11427 132
11428 134
11429 -1
11430 0
11431 -1
11432 0
11433 160
11434 160
11435 64
11436 -1
11437 0
11438 0
11439 0
11440 38
11441 0
11442 37
11443 0
11444 38
11445 -1
11446 -1
11447 0
11448 0
11449 0
11450 0
11451 1
11452 1
11453 -1
11454 35
11455 0
11456 0
11457 0
11458 0
11459 -1
11460 -1
11461 30
11462 0
11463 -1
11464 130
11465 60
11466 27
11467 -1
11468 127
11469 0
11470 0
11471 127
11472 154
11473 -1
11474 -1
11475 -1
11476 -1
11477 156
11478 62
11479 85
11480 85
11481 -1
11482 -1
11483 81
11484 1
11485 139
11486 169
11487 -1
11488 0
11489 162
11490 166
11491 -1
11492 -1
11493 0
11494 0
11495 -1
11496 0
11497 38
11498 0
11499 163
11500 -1
11501 162
11502 -1
11503 0
11504 0
11505 0
11506 -1
11507 0
11508 -1
11509 -1
11510 -1
11511 -1
11512 -1
11513 -1
11514 0
11515 -1
11516 -1
11517 -1
11518 -1
11519 -1
11520 -1
11521 -1
11522 1
11523 1
11524 1
11525 86
11526 134
11527 158
11528 0
11529 88
11530 0
11531 100
11532 40
11533 1
11534 143
11535 27
11536 176
11537 140
11538 -1
11539 158
11540 169
11541 -1
11542 98
11543 98
11544 98
11545 0
11546 1
11547 98
11548 -1
11549 27
11550 1
11551 -1
11552 3
11553 3
11554 0
11555 1
11556 1
11557 -1
11558 -1
11559 0
11560 0
11561 0
11562 40
11563 0
11564 0
11565 -1
11566 158
11567 8
11568 8
11569 -1
11570 -1
11571 96
11572 0
11573 105
11574 67
11575 -1
11576 65
11577 25
11578 157
11579 0
11580 37
11581 -1
11582 -1
11583 -1
11584 177
11585 128
11586 128
11587 0
11588 0
11589 0
11590 0
11591 62
11592 162
11593 -1
11594 -1
11595 -1
11596 -1
11597 -1
11598 37
11599 -1
11600 177
11601 138
11602 64
11603 -1
11604 157
11605 -1
11606 8
11607 -1
11608 148
11609 -1
11610 166
11611 166
11612 -1
11613 -1
11614 -1
11615 -1
11616 164
11617 0
11618 0
11619 0
11620 0
11621 0
11622 0
11623 0
11624 0
11625 44
11626 80
11627 -1
11628 -1
11629 -1
11630 153
11631 49
11632 64
11633 -1
11634 -1
11635 19
11636 -1
11637 145
11638 158
11639 52
11640 -1
11641 127
11642 -1
11643 -1
11644 -1
11645 -1
11646 0
11647 0
11648 0
11649 0
11650 0
11651 0
11652 -1
11653 84
11654 160
11655 -1
11656 -1
11657 -1
11658 -1
11659 -1
11660 -1
11661 142
11662 71
11663 0
11664 0
11665 -1
11666 19
11667 -1
11668 156
11669 -1
11670 -1
11671 -1
11672 37
11673 36
11674 -1
11675 114
11676 -1
11677 25
11678 25
11679 25
11680 -1
11681 -1
11682 -1
11683 34
11684 114
11685 37
11686 -1
11687 137
11688 137
11689 137
11690 137
11691 114
11692 177
11693 155
11694 -1
11695 150
11696 157
11697 121
11698 19
11699 177
11700 37
11701 -1
11702 0
11703 -1
11704 33
11705 89
11706 -1
11707 -1
11708 90
11709 90
11710 -1
11711 157
11712 157
11713 -1
11714 37
11715 57
11716 -1
11717 -1
11718 87
11719 87
11720 64
11721 94
11722 -1
11723 -1
11724 94
11725 94
11726 171
11727 96
11728 -1
11729 103
11730 37
11731 122
11732 -1
11733 158
11734 -1
11735 -1
11736 -1
11737 -1
11738 37
11739 -1
11740 -1
11741 120
11742 17
11743 -1
11744 -1
11745 -1
11746 -1
11747 127
11748 157
11749 157
11750 -1
11751 58
11752 19
11753 19
11754 1
11755 19
11756 6
11757 25
11758 -1
11759 -1
11760 -1
11761 121
11762 0
11763 0
11764 -1
11765 -1
11766 -1
11767 -1
11768 -1
11769 127
11770 156
11771 -1
11772 -1
11773 -1
11774 -1
11775 -1
11776 157
11777 -1
11778 49
11779 0
11780 93
11781 0
11782 0
11783 51
11784 121
11785 121
11786 65
11787 -1
11788 157
11789 127
11790 90
11791 90
11792 -1
11793 157
11794 159
11795 37
11796 -1
11797 164
11798 -1
11799 64
11800 -1
11801 -1
11802 121
11803 121
11804 -1
11805 121
11806 121
11807 -1
11808 -1
11809 -1
11810 121
11811 -1
11812 -1
11813 -1
11814 37
11815 157
11816 94
11817 121
11818 -1
11819 -1
11820 -1
11821 -1
11822 -1
11823 1
11824 -1
11825 40
11826 40
11827 -1
11828 172
11829 -1
11830 0
11831 62
11832 94
11833 54
11834 -1
11835 0
11836 -1
11837 0
11838 0
11839 0
11840 0
11841 0
11842 0
11843 -1
11844 37
11845 -1
11846 64
11847 114
11848 60
11849 -1
11850 130
11851 116
11852 33
11853 -1
11854 175
11855 -1
11856 -1
11857 158
11858 35
11859 0
11860 54
11861 1
11862 -1
11863 122
11864 1
11865 -1
11866 1
11867 -1
11868 1
11869 52
11870 52
11871 127
11872 -1
11873 0
11874 37
11875 121
11876 -1
11877 121
11878 76
11879 -1
11880 -1
11881 121
11882 69
11883 177
11884 -1
11885 -1
11886 -1
11887 122
11888 -1
11889 -1
11890 -1
11891 96
11892 0
11893 -1
11894 1
11895 37
11896 157
11897 121
11898 -1
11899 127
11900 -1
11901 79
11902 89
11903 59
11904 17
11905 -1
11906 -1
11907 148
11908 67
11909 -1
11910 -1
11911 59
11912 137
11913 -1
11914 -1
11915 94
11916 -1
11917 -1
11918 64
11919 1
11920 -1
11921 -1
11922 -1
11923 -1
11924 -1
11925 -1
11926 -1
11927 114
11928 170
11929 170
11930 161
11931 -1
11932 -1
11933 116
11934 116
11935 -1
11936 -1
11937 -1
11938 -1
11939 -1
11940 -1
11941 -1
11942 -1
11943 121
11944 121
11945 122
11946 -1
11947 -1
11948 -1
11949 -1
11950 94
11951 64
11952 157
11953 -1
11954 -1
11955 -1
11956 -1
11957 171
11958 76
11959 -1
11960 1
11961 76
11962 76
11963 67
11964 127
11965 127
11966 116
11967 76
11968 121
11969 121
11970 121
11971 -1
11972 -1
11973 -1
11974 -1
11975 -1
11976 29
11977 -1
11978 -1
11979 -1
11980 37
11981 37
11982 -1
11983 161
11984 -1
11985 121
11986 142
11987 121
11988 49
11989 177
11990 -1
11991 98
11992 -1
11993 106
11994 161
11995 157
11996 -1
11997 0
11998 0
11999 -1
12000 0
12001 -1
12002 -1
12003 -1
12004 -1
12005 1
12006 -1
12007 37
12008 -1
12009 1
12010 -1
12011 -1
12012 -1
12013 -1
12014 -1
12015 -1
12016 156
12017 156
12018 -1
12019 -1
12020 170
12021 170
12022 -1
12023 -1
12024 137
12025 83
12026 -1
12027 -1
12028 158
12029 -1
12030 37
12031 157
12032 -1
12033 -1
12034 121
12035 -1
12036 121
12037 76
12038 -1
12039 -1
12040 -1
12041 -1
12042 120
12043 -1
12044 52
12045 52
12046 177
12047 92
12048 121
12049 -1
12050 125
12051 127
12052 121
12053 -1
12054 148
12055 -1
12056 114
12057 -1
12058 -1
12059 -1
12060 112
12061 -1
12062 121
12063 148
12064 37
12065 87
12066 33
12067 37
12068 -1
12069 142
12070 17
12071 -1
12072 -1
12073 -1
12074 -1
12075 -1
12076 -1
12077 70
12078 -1
12079 93
12080 -1
12081 0
12082 0
12083 0
12084 0
12085 0
12086 0
12087 120
12088 33
12089 1
12090 0
12091 0
12092 0
12093 0
12094 0
12095 0
12096 0
12097 0
12098 -1
12099 93
12100 -1
12101 -1
12102 -1
12103 120
12104 1
12105 114
12106 169
12107 -1
12108 0
12109 -1
12110 -1
12111 -1
12112 -1
12113 49
12114 -1
12115 -1
12116 132
12117 134
12118 -1
12119 101
12120 101
12121 -1
12122 -1
12123 -1
12124 0
12125 -1
12126 95
12127 150
12128 159
12129 29
12130 -1
12131 108
12132 0
12133 0
12134 -1
12135 0
12136 0
12137 0
12138 -1
12139 -1
12140 49
12141 0
12142 -1
12143 -1
12144 -1
12145 -1
12146 -1
12147 -1
12148 -1
12149 -1
12150 158
12151 155
12152 -1
12153 -1
12154 33
12155 33
12156 -1
12157 120
12158 -1
12159 37
12160 0
12161 -1
12162 121
12163 0
12164 -1
12165 175
12166 175
12167 175
12168 175
12169 175
12170 -1
12171 127
12172 175
12173 0
12174 -1
12175 175
12176 175
12177 175
12178 112
12179 -1
12180 -1
12181 -1
12182 -1
12183 -1
12184 -1
12185 115
12186 29
12187 -1
12188 65
12189 -1
12190 -1
12191 171
12192 -1
12193 -1
12194 1
12195 65
12196 -1
12197 -1
12198 173
12199 -1
12200 -1
12201 -1
12202 -1
12203 -1
12204 -1
12205 -1
12206 -1
12207 -1
12208 -1
12209 157
12210 157
12211 -1
12212 64
12213 177
12214 -1
12215 -1
12216 95
12217 95
12218 157
12219 142
12220 -1
12221 -1
12222 -1
12223 -1
12224 -1
12225 6
12226 -1
12227 -1
12228 -1
12229 -1
12230 -1
12231 -1
12232 -1
12233 -1
12234 -1
12235 1
12236 -1
12237 -1
12238 -1
12239 117
12240 122
12241 158
12242 -1
12243 -1
12244 162
12245 -1
12246 162
12247 162
12248 162
12249 -1
12250 166
12251 162
12252 -1
12253 1
12254 1
12255 -1
12256 -1
12257 -1
12258 -1
12259 59
12260 -1
12261 114
12262 -1
12263 70
12264 121
12265 121
12266 -1
12267 -1
12268 -1
12269 -1
12270 -1
12271 125
12272 122
12273 -1
12274 -1
12275 -1
12276 73
12277 127
12278 -1
12279 -1
12280 111
12281 -1
12282 -1
12283 -1
12284 73
12285 25
12286 -1
12287 -1
12288 -1
12289 0
12290 -1
12291 -1
12292 25
12293 25
12294 30
12295 25
12296 25
12297 94
12298 137
12299 137
12300 0
12301 0
12302 44
12303 0
12304 40
12305 27
12306 0
12307 0
12308 0
12309 0
12310 0
12311 0
12312 0
12313 0
12314 158
12315 25
12316 58
12317 -1
12318 96
12319 -1
12320 65
12321 94
12322 157
12323 139
12324 -1
12325 -1
12326 -1
12327 -1
12328 61
12329 -1
12330 -1
12331 101
12332 -1
12333 0
12334 -1
12335 -1
12336 6
12337 -1
12338 27
12339 114
12340 -1
12341 120
12342 -1
12343 -1
12344 0
12345 -1
12346 0
12347 -1
12348 -1
12349 54
12350 -1
12351 -1
12352 -1
12353 -1
12354 -1
12355 86
12356 0
12357 0
12358 -1
12359 -1
12360 -1
12361 -1
12362 -1
12363 -1
12364 95
12365 -1
12366 157
12367 95
12368 95
12369 0
12370 95
12371 95
12372 95
12373 0
12374 95
12375 95
12376 95
12377 -1
12378 95
12379 0
12380 -1
12381 -1
12382 -1
12383 106
12384 -1
12385 -1
12386 -1
12387 -1
12388 -1
12389 -1
12390 -1
12391 158
12392 -1
12393 158
12394 1
12395 0
12396 1
12397 40
12398 1
12399 -1
12400 -1
12401 -1
12402 -1
12403 0
12404 0
12405 114
12406 -1
12407 -1
12408 -1
12409 -1
12410 -1
12411 -1
12412 -1
12413 49
12414 132
12415 48
12416 -1
12417 -1
12418 157
12419 -1
12420 -1
12421 -1
12422 -1
12423 -1
12424 -1
12425 -1
12426 -1
12427 20
12428 55
12429 1
12430 58
12431 -1
12432 58
12433 58
12434 58
12435 71
12436 -1
12437 -1
12438 -1
12439 -1
12440 159
12441 159
12442 159
12443 -1
12444 29
12445 78
12446 35
12447 71
12448 0
12449 -1
12450 -1
12451 177
12452 -1
12453 78
12454 0
12455 162
12456 120
12457 -1
12458 -1
12459 56
12460 56
12461 56
12462 -1
12463 -1
12464 -1
12465 -1
12466 -1
12467 -1
12468 1
12469 95
12470 1
12471 1
12472 -1
12473 -1
12474 71
12475 4
12476 64
12477 173
12478 66
12479 -1
12480 -1
12481 -1
12482 67
12483 162
12484 -1
12485 157
12486 148
12487 17
12488 -1
12489 4
12490 114
12491 124
12492 137
12493 -1
12494 121
12495 -1
12496 162
12497 101
12498 66
12499 87
12500 157
12501 92
12502 -1
12503 -1
12504 -1
12505 -1
12506 0
12507 -1
12508 101
12509 -1
12510 -1
12511 -1
12512 -1
12513 173
12514 157
12515 0
12516 -1
12517 -1
12518 -1
12519 7
12520 166
12521 -1
12522 -1
12523 172
12524 -1
12525 -1
12526 7
12527 -1
12528 0
12529 0
12530 0
12531 -1
12532 157
12533 163
12534 160
12535 89
12536 -1
12537 -1
12538 -1
12539 122
12540 76
12541 76
12542 123
12543 -1
12544 0
12545 0
12546 51
12547 93
12548 -1
12549 114
12550 -1
12551 -1
12552 -1
12553 4
12554 4
12555 4
12556 4
12557 4
12558 -1
12559 -1
12560 -1
12561 119
12562 0
12563 166
12564 166
12565 -1
12566 166
12567 166
12568 166
12569 166
12570 166
12571 -1
12572 -1
12573 101
12574 4
12575 94
12576 120
12577 -1
12578 -1
12579 -1
12580 0
12581 0
12582 0
12583 0
12584 118
12585 132
12586 58
12587 58
12588 -1
12589 115
12590 -1
12591 166
12592 -1
12593 -1
12594 -1
12595 -1
12596 86
12597 -1
12598 -1
12599 124
12600 161
12601 64
12602 0
12603 -1
12604 0
12605 70
12606 70
12607 42
12608 -1
12609 49
12610 49
12611 0
12612 0
12613 0
12614 0
12615 -1
12616 148
12617 4
12618 -1
12619 122
12620 70
12621 70
12622 153
12623 -1
12624 -1
12625 0
12626 146
12627 85
12628 -1
12629 34
12630 0
12631 0
12632 -1
12633 153
12634 -1
12635 158
12636 64
12637 -1
12638 -1
12639 -1
12640 137
12641 155
12642 0
12643 -1
12644 64
12645 -1
12646 -1
12647 -1
12648 161
12649 4
12650 177
12651 4
12652 157
12653 -1
12654 158
12655 50
12656 158
12657 -1
12658 112
12659 -1
12660 157
12661 0
12662 76
12663 -1
12664 -1
12665 -1
12666 -1
12667 -1
12668 -1
12669 -1
12670 -1
12671 86
12672 0
12673 0
12674 0
12675 0
12676 -1
12677 0
12678 -1
12679 -1
12680 116
12681 142
12682 4
12683 85
12684 -1
12685 -1
12686 177
12687 125
12688 -1
12689 154
12690 0
12691 -1
12692 -1
12693 -1
12694 87
12695 87
12696 87
12697 0
12698 -1
12699 -1
12700 -1
12701 -1
12702 -1
12703 -1
12704 162
12705 101
12706 101
12707 101
12708 155
12709 -1
12710 0
12711 -1
12712 -1
12713 -1
12714 -1
12715 158
12716 158
12717 0
12718 -1
12719 114
12720 -1
12721 4
12722 94
12723 64
12724 -1
12725 49
12726 49
12727 0
12728 0
12729 0
12730 -1
12731 -1
12732 -1
12733 -1
12734 -1
12735 -1
12736 25
12737 -1
12738 -1
12739 114
12740 -1
12741 -1
12742 -1
12743 87
12744 -1
12745 87
12746 87
12747 148
12748 17
12749 -1
12750 -1
12751 -1
12752 61
12753 -1
12754 158
12755 158
12756 96
12757 6
12758 101
12759 126
12760 -1
12761 -1
12762 40
12763 0
12764 -1
12765 4
12766 -1
12767 87
12768 87
12769 -1
12770 -1
12771 -1
12772 -1
12773 94
12774 29
12775 148
12776 94
12777 -1
12778 0
12779 -1
12780 -1
12781 7
12782 -1
12783 0
12784 0
12785 132
12786 132
12787 0
12788 0
12789 0
12790 -1
12791 -1
12792 0
12793 0
12794 0
12795 0
12796 0
12797 0
12798 0
12799 0
12800 0
12801 0
12802 0
12803 0
12804 0
12805 -1
12806 -1
12807 101
12808 -1
12809 -1
12810 4
12811 140
12812 -1
12813 -1
12814 -1
12815 4
12816 4
12817 4
12818 -1
12819 -1
12820 56
12821 40
12822 96
12823 -1
12824 -1
12825 -1
12826 133
12827 -1
12828 -1
12829 -1
12830 52
12831 123
12832 -1
12833 -1
12834 7
12835 7
12836 71
12837 4
12838 127
12839 121
12840 62
12841 64
12842 -1
12843 0
12844 0
12845 -1
12846 -1
12847 -1
12848 4
12849 36
12850 120
12851 64
12852 4
12853 56
12854 0
12855 0
12856 0
12857 -1
12858 -1
12859 -1
12860 -1
12861 78
12862 148
12863 148
12864 4
12865 4
12866 4
12867 -1
12868 8
12869 4
12870 -1
12871 91
12872 91
12873 91
12874 91
12875 -1
12876 0
12877 0
12878 4
12879 7
12880 -1
12881 -1
12882 -1
12883 -1
12884 20
12885 20
12886 0
12887 20
12888 -1
12889 0
12890 4
12891 20
12892 96
12893 96
12894 -1
12895 4
12896 42
12897 56
12898 56
12899 -1
12900 29
12901 56
12902 0
12903 148
12904 148
12905 148
12906 91
12907 137
12908 7
12909 20
12910 7
12911 -1
12912 101
12913 -1
12914 0
12915 0
12916 64
12917 20
12918 0
12919 0
12920 -1
12921 -1
12922 -1
12923 101
12924 101
12925 145
12926 66
12927 -1
12928 -1
12929 -1
12930 158
12931 0
12932 0
12933 0
12934 0
12935 0
12936 123
12937 127
12938 127
12939 55
12940 96
12941 0
12942 123
12943 4
12944 123
12945 123
12946 0
12947 4
12948 123
12949 123
12950 123
12951 -1
12952 -1
12953 123
12954 0
12955 0
12956 0
12957 123
12958 123
12959 123
12960 123
12961 123
12962 -1
12963 123
12964 123
12965 55
12966 55
12967 123
12968 -1
12969 -1
12970 -1
12971 -1
12972 55
12973 55
12974 -1
12975 55
12976 55
12977 55
12978 55
12979 -1
12980 101
12981 49
12982 123
12983 -1
12984 55
12985 -1
12986 55
12987 122
12988 55
12989 122
12990 55
12991 55
12992 55
12993 55
12994 55
12995 55
12996 4
12997 4
12998 4
12999 4
13000 0
13001 0
13002 0
13003 0
13004 0
13005 0
13006 157
13007 4
13008 56
13009 55
13010 55
13011 55
13012 56
13013 175
13014 138
13015 10
13016 10
13017 -1
13018 10
13019 10
13020 21
13021 -1
13022 123
13023 -1
13024 123
13025 123
13026 91
13027 164
13028 -1
13029 138
13030 0
13031 0
13032 57
13033 0
13034 -1
13035 -1
13036 -1
13037 50
13038 74
13039 -1
13040 98
13041 158
13042 127
13043 74
13044 -1
13045 0
13046 0
13047 -1
13048 -1
13049 56
13050 -1
13051 -1
13052 -1
13053 -1
13054 56
13055 -1
13056 40
13057 -1
13058 -1
13059 -1
13060 139
13061 -1
13062 -1
13063 -1
13064 -1
13065 -1
13066 -1
13067 155
13068 125
13069 -1
13070 133
13071 133
13072 133
13073 133
13074 148
13075 133
13076 -1
13077 4
13078 -1
13079 -1
13080 -1
13081 -1
13082 -1
13083 0
13084 -1
13085 -1
13086 105
13087 51
13088 51
13089 -1
13090 84
13091 -1
13092 96
13093 17
13094 85
13095 -1
13096 -1
13097 -1
13098 -1
13099 -1
13100 -1
13101 -1
13102 148
13103 148
13104 157
13105 59
13106 94
13107 122
13108 -1
13109 175
13110 -1
13111 -1
13112 0
13113 0
13114 0
13115 0
13116 0
13117 0
13118 -1
13119 -1
13120 -1
13121 70
13122 0
13123 -1
13124 0
13125 140
13126 -1
13127 -1
13128 -1
13129 7
13130 4
13131 40
13132 -1
13133 134
13134 169
13135 136
13136 0
13137 -1
13138 4
13139 -1
13140 -1
13141 4
13142 155
13143 -1
13144 -1
13145 56
13146 -1
13147 -1
13148 0
13149 31
13150 -1
13151 35
13152 116
13153 4
13154 131
13155 -1
13156 -1
13157 -1
13158 116
13159 116
13160 116
13161 163
13162 -1
13163 -1
13164 116
13165 -1
13166 94
13167 49
13168 49
13169 7
13170 7
13171 49
13172 49
13173 49
13174 132
13175 114
13176 114
13177 56
13178 7
13179 -1
13180 70
13181 70
13182 70
13183 56
13184 64
13185 56
13186 56
13187 148
13188 -1
13189 157
13190 4
13191 120
13192 93
13193 -1
13194 -1
13195 0
13196 0
13197 -1
13198 78
13199 78
13200 -1
13201 -1
13202 121
13203 -1
13204 7
13205 167
13206 -1
13207 158
13208 -1
13209 -1
13210 120
13211 116
13212 -1
13213 122
13214 0
13215 0
13216 70
13217 0
13218 132
13219 56
13220 56
13221 20
13222 20
13223 20
13224 125
13225 4
13226 20
13227 20
13228 4
13229 4
13230 0
13231 0
13232 -1
13233 -1
13234 4
13235 -1
13236 -1
13237 -1
13238 -1
13239 170
13240 0
13241 145
13242 56
13243 -1
13244 70
13245 0
13246 0
13247 0
13248 70
13249 -1
13250 49
13251 -1
13252 70
13253 0
13254 0
13255 -1
13256 126
13257 64
13258 -1
13259 -1
13260 93
13261 0
13262 124
13263 -1
13264 60
13265 -1
13266 -1
13267 -1
13268 73
13269 61
13270 49
13271 -1
13272 140
13273 127
13274 56
13275 -1
13276 -1
13277 -1
13278 -1
13279 -1
13280 29
13281 -1
13282 70
13283 70
13284 70
13285 70
13286 70
13287 0
13288 -1
13289 137
13290 -1
13291 133
13292 -1
13293 105
13294 145
13295 26
13296 142
13297 -1
13298 0
13299 157
13300 -1
13301 -1
13302 -1
13303 -1
13304 -1
13305 136
13306 -1
13307 0
13308 112
13309 -1
13310 109
13311 132
13312 145
13313 74
13314 155
13315 -1
13316 4
13317 -1
13318 145
13319 146
13320 93
13321 93
13322 29
13323 -1
13324 -1
13325 -1
13326 40
13327 -1
13328 -1
13329 6
13330 173
13331 173
13332 173
13333 173
13334 -1
13335 -1
13336 -1
13337 0
13338 73
13339 73
13340 73
13341 -1
13342 -1
13343 -1
13344 137
13345 107
13346 27
13347 73
13348 73
13349 -1
13350 -1
13351 49
13352 -1
13353 -1
13354 122
13355 175
13356 4
13357 95
13358 0
13359 0
13360 32
13361 126
13362 -1
13363 -1
13364 -1
13365 -1
13366 -1
13367 -1
13368 157
13369 157
13370 146
13371 146
13372 92
13373 -1
13374 -1
13375 92
13376 156
13377 49
13378 156
13379 156
13380 156
13381 156
13382 -1
13383 145
13384 -1
13385 -1
13386 -1
13387 27
13388 -1
13389 112
13390 -1
13391 52
13392 112
13393 112
13394 44
13395 -1
13396 6
13397 54
13398 51
13399 -1
13400 -1
13401 17
13402 149
13403 -1
13404 149
13405 0
13406 -1
13407 -1
13408 -1
13409 -1
13410 4
13411 8
13412 -1
13413 4
13414 -1
13415 49
13416 -1
13417 171
13418 49
13419 -1
13420 121
13421 121
13422 -1
13423 -1
13424 -1
13425 40
13426 -1
13427 149
13428 -1
13429 -1
13430 64
13431 -1
13432 0
13433 105
13434 -1
13435 -1
13436 -1
13437 0
13438 -1
13439 0
13440 0
13441 0
13442 49
13443 -1
13444 -1
13445 -1
13446 -1
13447 -1
13448 -1
13449 126
13450 -1
13451 4
13452 150
13453 156
13454 -1
13455 122
13456 122
13457 -1
13458 112
13459 -1
13460 -1
13461 -1
13462 0
13463 105
13464 -1
13465 -1
13466 -1
13467 -1
13468 93
13469 -1
13470 93
13471 -1
13472 0
13473 0
13474 150
13475 -1
13476 -1
13477 7
13478 -1
13479 -1
13480 -1
13481 0
13482 157
13483 -1
13484 109
13485 -1
13486 67
13487 -1
13488 149
13489 136
13490 136
13491 105
13492 -1
13493 -1
13494 -1
13495 0
13496 -1
13497 4
13498 105
13499 105
13500 0
13501 112
13502 112
13503 -1
13504 150
13505 17
13506 0
13507 112
13508 4
13509 112
13510 112
13511 67
13512 -1
13513 92
13514 -1
13515 -1
13516 -1
13517 -1
13518 -1
13521 -1
13522 170
13523 157
13524 134
13525 -1
13526 -1
13527 -1
13528 112
13529 -1
13530 112
13531 112
13532 112
13535 105
13537 105
13539 74
13541 -1
13542 122
13543 -1
13544 -1
13545 60
13546 45
13547 45
13548 101
13552 -1
13553 -1
13555 158
13558 -1
13559 157
13560 137
13561 -1
13562 157
13563 -1
13564 27
13565 -1
13567 -1
13568 -1
13570 -1
13571 -1
13572 101
13573 105
13575 125
13576 -1
13577 158
13578 112
13579 158
13581 -1
13582 -1
13583 157
13584 -1
13589 -1
13590 -1
13591 121
13592 -1
13593 122
13596 -1
13597 157
13598 177
13599 -1
13600 -1
13601 158
13602 127
13603 -1
13604 -1
13605 -1
13607 106
13608 -1
13609 164
13610 -1
13612 127
13613 124
13614 -1
13615 -1
13616 144
13617 -1
13618 171
13619 -1
13620 -1
13623 -1
13624 157
13625 -1
13626 -1
13627 -1
13628 162
13629 125
13630 -1
13631 25
13633 92
13634 -1
13635 98
13636 -1
13637 -1
13638 -1
13639 76
13640 105
13641 94
13642 157
13643 -1
13644 -1
13645 92
13646 49
13647 -1
13648 -1
13649 -1
13651 -1
13652 -1
13653 56
13654 -1
13655 150
13656 -1
13657 150
13658 73
13659 150
13660 150
13661 24
13662 -1
13663 -1
13664 107
13665 -1
13666 107
13668 -1
13669 124
13670 -1
13671 -1
13672 157
13674 -1
13678 114
13679 128
13680 108
13682 -1
13683 56
13684 148
13685 -1
13686 74
13687 -1
13688 -1
13689 -1
13690 150
13691 -1
13692 17
13693 -1
13694 -1
13695 -1
13696 -1
13697 93
13698 -1
13699 93
13700 93
13701 -1
13702 173
13703 -1
13704 35
13705 -1
13706 -1
13707 136
13708 107
13709 157
13710 159
13711 -1
13712 64
13713 -1
13714 -1
13715 157
13716 74
13717 73
13718 -1
13719 125
13720 -1
13721 148
13722 -1
13723 -1
13724 -1
13725 65
13726 65
13727 65
13728 65
13729 -1
13730 -1
13732 -1
13733 -1
13734 -1
13735 -1
13736 -1
13737 65
13739 -1
13740 -1
13741 -1
13742 -1
13743 28
13745 122
13746 -1
13747 157
13748 58
13749 112
13750 -1
13751 -1
13752 125
13753 -1
13754 65
13755 66
13756 -1
13757 136
13758 169
13759 -1
13760 -1
13761 114
13762 -1
13763 114
13764 148
13765 148
13766 -1
13767 -1
13769 73
13772 133
13773 157
13774 169
13775 133
13777 -1
13778 114
13779 -1
13780 -1
13781 76
13782 -1
13783 67
13784 67
13785 67
13786 116
13787 -1
13788 157
13789 -1
13790 -1
13791 -1
13792 168
13793 29
13794 -1
13795 -1
13796 128
13797 -1
13798 -1
13799 -1
13801 64
13802 -1
13803 -1
13804 -1
13805 83
13806 -1
13807 157
13809 -1
13810 156
13811 49
13812 145
13813 76
13814 67
13815 120
13816 -1
13817 -1
13818 160
13819 -1
13820 -1
13821 -1
13822 158
13823 65
13824 -1
13825 100
13826 157
13827 156
13828 -1
13829 150
13830 -1
13831 122
13832 122
13833 122
13834 155
13835 40
13836 127
13837 -1
13838 90
13839 -1
13840 92
13841 157
13842 -1
13843 -1
13844 -1
13845 83
13846 -1
13847 -1
13849 108
13850 -1
13851 -1
13852 35
13853 93
13854 93
13855 -1
13858 160
13859 -1
13860 -1
13861 -1
13862 107
13863 157
13864 51
13865 51
13866 51
13867 51
13868 51
13869 51
13870 51
13871 123
13872 123
13873 123
13874 107
13877 173
13878 37
13879 -1
13880 157
13881 -1
13882 158
13883 89
13884 -1
13885 116
13886 51
13887 51
13888 125
13889 -1
13890 158
13891 64
13892 64
13893 49
13894 -1
13895 -1
13896 157
13897 -1
13898 49
13899 -1
13900 -1
13901 -1
13902 -1
13903 51
13904 -1
13905 95
13906 173
13907 -1
13908 169
13909 133
13910 -1
13911 -1
13912 68
13913 -1
13914 -1
13915 -1
13916 -1
13917 -1
13922 -1
13923 177
13924 58
13925 155
13926 -1
13927 -1
13928 90
13929 27
13930 125
13931 131
13932 120
13933 94
13934 121
13935 122
13937 -1
13938 -1
13939 -1
13940 127
13941 -1
13942 -1
13943 30
13944 157
13945 171
13946 -1
13947 125
13948 -1
13949 -1
13950 120
13951 127
13952 -1
13953 -1
13954 -1
13956 -1
13957 -1
13958 -1
13959 64
13960 -1
13962 158
13963 106
13964 92
13965 128
13966 -1
13967 169
13968 -1
13969 -1
13970 159
13971 68
13972 -1
13974 -1
13975 -1
13976 143
13977 -1
13978 155
13980 156
13981 40
13983 -1
13984 -1
13985 116
13987 143
13988 -1
13989 -1
13993 -1
13994 93
13996 -1
13998 -1
13999 -1
14001 -1
14002 173
14005 -1
14006 76
14007 127
14008 -1
14009 -1
14010 -1
14011 -1
14012 123
14013 123
14014 -1
14016 -1
14017 -1
14018 105
14019 -1
14020 93
14021 -1
14023 -1
14025 -1
14027 -1
14029 163
14030 -1
14031 -1
14033 -1
14034 -1
14035 64
14036 123
14037 123
14038 159
14039 83
14040 -1
14041 83
14042 83
14048 157
14050 -1
14052 -1
14053 -1
14056 -1
14057 -1
14058 127
14059 127
14060 66
14062 66
14063 127
14064 177
14065 -1
14066 -1
14067 -1
14068 -1
14069 -1
14071 133
14072 144
14073 30
14074 -1
14075 -1
14076 -1
14077 -1
14078 -1
14079 134
14080 -1
14082 -1
14083 -1
14085 121
14086 -1
14087 -1
14088 64
14089 26
14090 157
14091 127
14092 -1
14093 78
14094 78
14095 78
14096 -1
14097 -1
14098 78
14099 78
14100 -1
14101 -1
14102 -1
14103 20
14104 -1
14105 -1
14106 122
14107 125
14108 40
14109 -1
14115 128
14116 128
14117 -1
14118 128
14119 81
14120 -1
14121 176
14122 -1
14123 -1
14124 56
14125 56
14126 -1
14127 -1
14128 -1
14129 146
14130 121
14131 134
14132 157
14133 148
14134 74
14135 123
14136 123
14137 123
14138 -1
14141 -1
14142 35
14143 81
14146 -1
14147 148
14148 81
14149 81
14150 157
14151 70
14152 70
14153 134
14154 -1
14156 148
14157 -1
14158 -1
14159 -1
14160 56
14161 -1
14162 -1
14164 93
14165 131
14166 175
14167 175
14168 175
14170 -1
14171 -1
14172 175
14173 -1
14175 -1
14176 -1
14177 -1
14178 86
14179 86
14180 86
14181 86
14182 86
14185 86
14186 175
14187 175
14189 -1
14191 -1
14192 -1
14193 -1
14194 -1
14195 155
14196 155
14197 -1
14198 158
14199 76
14200 116
14201 -1
14202 -1
14203 -1
14204 -1
14205 128
14206 41
14207 -1
14208 -1
14209 -1
14210 -1
14211 148
14212 -1
14213 -1
14214 -1
14215 -1
14216 145
14217 -1
14218 -1
14219 171
14220 -1
14222 171
14223 127
14224 127
14225 127
14226 127
14227 127
14228 49
14229 49
14230 145
14231 -1
14232 -1
14233 -1
14234 59
14235 -1
14236 17
14237 17
14238 17
14239 17
14240 17
14241 17
14242 17
14243 17
14244 -1
14245 -1
14246 123
14247 -1
14248 158
14249 157
14250 -1
14251 122
14252 122
14253 122
14254 93
14255 93
14256 93
14257 143
14258 -1
14259 -1
14260 157
14261 -1
14262 76
14263 -1
14264 -1
14265 121
14268 -1
14269 114
14270 122
14271 -1
14275 173
14276 -1
14277 122
14278 122
14281 158
14282 160
14283 160
14284 133
14287 -1
14288 171
14289 -1
14290 -1
14291 -1
14292 157
14293 33
14294 95
14295 112
14296 -1
14298 158
14301 -1
14302 -1
14303 154
14304 17
14305 175
14306 93
14307 93
14308 -1
14310 58
14311 -1
14312 -1
14313 -1
14314 64
14315 -1
14316 -1
14317 96
14318 -1
14319 169
14320 145
14321 -1
14323 127
14326 -1
14327 49
14328 -1
14329 157
14330 65
14331 -1
14334 -1
14335 -1
14336 -1
14337 -1
14343 160
14346 123
14347 123
14348 -1
14349 -1
14350 -1
14351 -1
14352 49
14353 17
14354 123
14355 128
14356 -1
14360 -1
14361 -1
14362 -1
14363 -1
14365 -1
14367 29
14368 -1
14369 -1
14370 -1
14374 123
14375 123
14376 166
14377 -1
14378 128
14379 67
14381 -1
14382 -1
14383 51
14384 -1
14385 -1
14386 21
14387 56
14388 157
14389 -1
14390 -1
14391 68
14392 -1
14393 173
14394 -1
14395 144
14396 -1
14397 -1
14398 -1
14399 -1
14400 -1
14402 17
14403 17
14404 157
14405 17
14406 17
14407 157
14408 -1
14409 -1
14410 -1
14411 -1
14412 128
14413 -1
14414 120
14415 120
14416 94
14417 120
14418 -1
14419 -1
14421 -1
14422 134
14423 -1
14424 -1
14425 87
14426 87
14427 160
14428 121
14431 -1
14433 67
14435 93
14437 -1
14439 93
14440 93
14442 -1
14443 -1
14444 -1
14445 35
14446 -1
14447 81
14448 -1
14449 -1
14450 106
14451 -1
14452 -1
14453 -1
14454 -1
14455 -1
14456 -1
14457 -1
14458 -1
14459 -1
14460 164
14461 -1
14462 -1
14463 -1
14465 -1
14466 107
14467 107
14468 127
14469 76
14470 -1
14472 -1
14473 -1
14474 162
14475 157
14476 115
14477 -1
14481 127
14483 -1
14484 -1
14485 -1
14486 123
14487 134
14488 -1
14489 -1
14490 170
14491 127
14492 127
14493 127
14494 -1
14495 -1
14496 -1
14497 -1
14498 64
14499 17
14500 -1
14502 -1
14503 -1
14504 -1
14505 60
14506 169
14507 -1
14508 -1
14511 62
14512 64
14513 -1
14515 -1
14516 156
14517 92
14518 169
14519 -1
14520 173
14521 17
14522 157
14525 128
14527 128
14528 -1
14529 169
14530 169
14533 -1
14534 -1
14537 96
14538 96
14540 -1
14543 -1
14545 -1
14546 147
14547 146
14549 93
14550 -1
14551 107
14553 -1
14554 -1
14555 158
14556 145
14559 145
14560 -1
14564 142
14565 -1
14567 145
14568 145
14569 -1
14570 128
14571 128
14572 123
14573 123
14574 123
14575 123
14576 123
14578 123
14579 -1
14580 -1
14581 123
14582 -1
14583 123
14586 158
14587 121
14588 121
14589 -1
14590 -1
14592 -1
14596 128
14598 -1
14599 145
14600 -1
14603 35
14605 -1
14606 -1
14607 -1
14611 -1
14614 -1
14615 -1
14617 -1
14618 137
14619 145
14620 127
14621 -1
14622 -1
14623 -1
14624 149
14625 148
14627 -1
14629 -1
14632 -1
14634 -1
14635 157
14638 49
14639 157
14640 -1
14641 -1
14642 -1
14643 169
14644 -1
14645 133
14646 119
14647 -1
14648 -1
14649 -1
14650 -1
14651 17
14652 17
14653 -1
14654 -1
14655 -1
14656 -1
14657 157
14659 114
14661 157
14662 93
14663 -1
14664 17
14665 -1
14666 120
14667 133
14668 174
14670 -1
14671 -1
14672 -1
14675 150
14676 -1
14678 150
14685 58
14688 -1
14689 -1
14691 -1
14692 -1
14693 -1
14694 -1
14695 -1
14696 -1
14697 -1
14698 27
14701 128
14702 133
14703 -1
14706 -1
14708 122
14709 -1
14710 122
14711 -1
14712 -1
14713 -1
14714 145
14715 105
14717 -1
14718 -1
14719 -1
14720 142
14721 145
14722 -1
14723 94
14724 142
14725 -1
14726 -1
14727 169
14728 -1
14729 115
14730 17
14731 177
14732 -1
14733 177
14734 130
14735 94
14736 44
14737 -1
14740 49
14741 -1
14742 157
14743 -1
14744 -1
14745 -1
14746 -1
14747 64
14748 27
14749 -1
14752 -1
14754 -1
14756 64
14757 -1
14758 -1
14759 -1
14760 -1
14761 -1
14763 56
14764 -1
14765 17
14766 -1
14767 93
14768 -1
14769 -1
14770 150
14771 -1
14772 56
14773 120
14774 33
14775 35
14777 -1
14779 -1
14780 127
14782 -1
14783 84
14785 -1
14786 -1
14788 -1
14789 -1
14790 -1
14791 -1
14795 -1
14796 -1
14797 150
14798 -1
14799 17
14800 79
14801 121
14802 150
14803 61
14804 145
14805 145
14807 -1
14808 -1
14809 -1
14810 -1
14811 -1
14812 177
14813 -1
14814 170
14815 -1
14816 -1
14817 -1
14818 -1
14819 -1
14820 -1
14821 -1
14822 -1
14823 -1
14824 17
14827 49
14828 -1
14830 -1
14831 157
14832 -1
14834 -1
14836 142
14837 94
14838 120
14839 67
14840 89
14841 -1
14842 -1
14843 -1
14844 -1
14845 -1
14846 45
14847 -1
14848 -1
14849 45
14850 -1
14851 -1
14852 -1
14853 -1
14854 29
14857 -1
14858 134
14859 -1
14860 93
14861 -1
14863 158
14864 145
14865 142
14866 -1
14867 115
14868 -1
14869 -1
14871 134
14872 -1
14874 -1
14875 -1
14876 -1
14877 -1
14878 -1
14879 -1
14880 -1
14881 -1
14882 175
14883 -1
14885 158
14886 92
14887 67
14888 175
14889 -1
14890 34
14891 -1
14892 -1
14893 64
14894 -1
14895 -1
14896 175
14897 -1
14898 -1
14899 -1
14900 -1
14901 -1
14902 17
14903 17
14904 -1
14905 27
14906 -1
14907 -1
14908 -1
14909 -1
14910 157
14911 -1
14912 148
14913 -1
14914 174
14915 -1
14916 152
14917 -1
14918 145
14919 64
14920 -1
14921 -1
14922 -1
14923 46
14924 -1
14925 -1
14926 -1
14927 74
14928 158
14929 -1
14930 49
14931 -1
14932 -1
14933 17
14934 -1
14935 -1
14936 46
14937 41
14938 17
14939 17
14941 -1
14942 17
14943 137
14946 -1
14947 125
14948 61
14949 67
14950 -1
14951 137
14957 -1
14958 -1
14959 -1
14960 -1
14961 -1
14962 157
14963 -1
14965 -1
14966 130
14967 58
14968 -1
14969 63
14970 -1
14971 167
14972 -1
14973 87
14974 87
14975 -1
14976 175
14977 175
14978 -1
14979 175
14980 175
14981 175
14982 175
14983 175
14984 -1
14985 -1
14986 -1
14987 -1
14988 -1
14989 -1
14990 -1
14991 -1
14992 -1
14993 -1
14994 -1
14995 -1
14996 -1
14997 -1
14998 -1
14999 -1
15000 -1
15001 -1
15002 -1
15003 -1
15004 52
15005 -1
15006 -1
15007 -1
15008 -1
15009 -1
15010 -1
15011 46
15012 46
15014 -1
15015 46
15016 -1
15017 -1
15018 29
15019 40
15020 -1
15021 -1
15022 -1
15023 64
15024 17
15025 -1
15026 35
15027 157
15028 157
15029 149
15030 -1
15031 -1
15032 17
15033 -1
15034 134
15035 -1
15036 64
15037 35
15038 125
15039 -1
15040 -1
15041 -1
15042 127
15043 125
15044 158
15045 173
15046 64
15047 64
15048 -1
15049 -1
15051 -1
15052 -1
15053 150
15054 -1
15055 150
15056 -1
15057 -1
15058 -1
15059 -1
15062 150
15063 148
15064 -1
15065 -1
15066 -1
15067 157
15068 111
15069 149
15070 -1
15071 -1
15072 157
15073 -1
15074 -1
15075 -1
15076 -1
15077 49
15078 49
15081 21
15082 21
15083 -1
15084 -1
15085 -1
15086 111
15087 -1
15088 -1
15089 67
15090 -1
15091 111
15092 -1
15093 94
15094 -1
15095 -1
15096 -1
15097 157
15098 -1
15099 -1
15102 -1
15103 67
15104 157
15105 74
15106 -1
15107 -1
15108 170
15110 76
15111 158
15112 -1
15113 -1
15114 95
15117 120
15118 120
15119 -1
15120 46
15121 177
15122 177
15123 -1
15124 -1
15125 -1
15126 -1
15127 114
15128 92
15129 92
15130 92
15133 -1
15134 -1
15135 -1
15136 -1
15138 -1
15139 -1
15140 154
15141 152
15142 -1
15145 -1
15146 -1
15147 150
15148 17
15149 150
15150 40
15151 29
15152 116
15157 -1
15160 -1
15161 -1
15162 -1
15164 -1
15165 -1
15167 -1
15168 83
15169 -1
15170 -1
15171 -1
15172 -1
15173 -1
15174 -1
15175 -1
15176 -1
15177 -1
15178 -1
15179 -1
15180 -1
15181 111
15182 -1
15184 -1
15185 148
15186 -1
15187 -1
15188 -1
15189 -1
15190 123
15191 -1
15192 -1
15193 123
15194 123
15195 123
15197 123
15198 -1
15199 -1
15200 123
15201 123
15203 50
15204 -1
15205 -1
15207 -1
15208 -1
15211 -1
15212 121
15213 -1
15214 151
15215 -1
15216 -1
15217 -1
15218 -1
15219 -1
15220 -1
15221 -1
15222 64
15223 64
15224 37
15226 -1
15227 67
15228 64
15229 -1
15230 123
15231 123
15232 123
15233 -1
15234 123
15235 -1
15236 157
15237 130
15238 19
15239 -1
15240 -1
15241 -1
15242 41
15243 -1
15244 46
15245 -1
15246 17
15247 -1
15248 46
15249 50
15250 -1
15251 -1
15252 125
15253 -1
15254 -1
15255 -1
15257 171
15258 -1
15259 142
15260 123
15261 51
15262 28
15263 -1
15264 -1
15265 17
15266 142
15267 -1
15268 -1
15269 -1
15270 -1
15271 -1
15273 -1
15274 -1
15275 41
15277 46
15279 41
15280 -1
15281 41
15282 -1
15283 -1
15285 46
15287 174
15288 174
15289 -1
15290 -1
15291 -1
15292 -1
15293 -1
15294 41
15298 -1
15299 61
15301 -1
15302 41
15303 -1
15304 -1
15305 41
15307 -1
15308 41
15309 -1
15310 73
15311 -1
15312 -1
15313 -1
15314 157
15315 -1
15316 -1
15319 -1
15320 -1
15321 -1
15322 -1
15323 175
15324 175
15325 175
15326 175
15327 175
15328 175
15331 -1
15332 -1
15333 -1
15334 -1
15335 -1
15336 -1
15337 -1
15338 46
15339 -1
15340 41
15342 41
15343 41
15344 -1
15345 46
15347 -1
15351 -1
15352 -1
15353 44
15354 27
15355 41
15356 87
15357 130
15359 121
15360 119
15361 -1
15362 160
15363 64
15364 164
15365 -1
15366 49
15367 145
15368 64
15369 64
15370 -1
15371 -1
15372 -1
15373 -1
15374 -1
15375 -1
15376 41
15377 -1
15379 41
15380 49
15382 41
15383 -1
15384 -1
15385 -1
15386 -1
15387 41
15389 41
15390 -1
15391 -1
15392 -1
15393 158
15394 -1
15395 -1
15396 -1
15397 -1
15398 -1
15399 41
15400 -1
15401 -1
15402 -1
15403 -1
15404 41
15405 -1
15406 79
15407 -1
15408 -1
15411 157
15412 -1
15413 -1
15414 49
15415 94
15416 -1
15417 -1
15418 -1
15419 133
15422 125
15426 64
15427 157
15428 -1
15429 177
15430 177
15431 -1
15432 -1
15434 -1
15435 -1
15436 -1
15437 -1
15438 -1
15439 46
15440 46
15442 46
15443 46
15444 46
15446 -1
15447 -1
15448 64
15449 -1
15450 157
15451 148
15452 -1
15454 -1
15455 24
15456 -1
15457 98
15458 -1
15459 61
15460 169
15461 26
15462 137
15463 169
15464 177
15465 43
15466 -1
15467 -1
15468 -1
15469 169
15471 67
15472 67
15473 126
15474 -1
15475 94
15478 -1
15479 64
15480 100
15481 -1
15482 -1
15483 71
15484 155
15485 125
15486 -1
15487 171
15488 -1
15489 -1
15490 155
15491 150
15492 -1
15493 -1
15494 148
15495 -1
15496 -1
15497 -1
15498 -1
15499 -1
15500 -1
15501 134
15503 65
15504 155
15506 143
15507 145
15508 35
15510 -1
15511 -1
15512 44
15513 130
15514 158
15515 67
15516 120
15517 95
15518 17
15519 49
15520 -1
15521 68
15523 148
15524 -1
15525 134
15526 -1
15527 64
15528 36
15529 133
15530 -1
15531 -1
15532 -1
15533 -1
15534 -1
15535 171
15536 125
15537 -1
15538 164
15539 169
15540 134
15541 21
15542 -1
15543 28
15544 16
15545 -1
15546 158
15547 95
15548 111
15549 -1
15550 -1
15551 100
15552 -1
15553 25
15554 -1
15557 73
15558 -1
15559 130
15561 17
15562 -1
15563 148
15564 137
15565 -1
15566 -1
15567 162
15568 134
15569 -1
15570 -1
15571 -1
15572 -1
15573 100
15574 57
15575 156
15576 -1
15577 64
15578 -1
15580 -1
15581 134
15583 64
15584 -1
15585 41
15586 -1
15587 41
15588 -1
15589 -1
15591 -1
15592 89
15593 64
15594 17
15595 137
15596 134
15597 89
15598 -1
15599 -1
15600 -1
15601 -1
15602 41
15603 -1
15604 -1
15605 -1
15606 -1
15607 -1
15608 -1
15609 -1
15610 108
15611 -1
15612 67
15613 -1
15614 41
15615 -1
15616 95
15617 -1
15618 134
15619 -1
15620 -1
15621 94
15622 -1
15624 108
15625 -1
15626 60
15627 67
15628 67
15629 -1
15630 167
15631 17
15632 64
15633 -1
15634 -1
15635 59
15637 -1
15638 -1
15639 -1
15640 -1
15641 62
15642 -1
15643 -1
15644 161
15645 161
15648 -1
15649 108
15650 122
15651 49
15652 94
15653 94
15654 94
15655 142
15656 157
15657 158
15658 -1
15659 -1
15660 -1
15661 -1
15662 46
15663 46
15664 46
15665 46
15666 46
15667 46
15668 46
15669 46
15670 46
15671 46
15672 46
15673 46
15674 148
15675 149
15676 -1
15677 -1
15678 -1
15679 -1
15680 124
15681 -1
15683 -1
15684 17
15685 156
15686 52
15687 52
15688 52
15689 52
15690 52
15691 52
15692 52
15693 -1
15694 64
15696 -1
15697 -1
15698 -1
15699 67
15701 64
15702 121
15703 43
15704 -1
15705 46
15706 -1
15707 -1
15720 67
15721 130
15722 44
15723 -1
15724 71
15725 71
15727 71
15728 71
15729 71
15730 71
15731 71
15732 49
15734 -1
15735 -1
15737 46
15738 46
15739 -1
15740 49
15741 -1
15742 175
15744 46
15745 175
15746 -1
15747 -1
15749 -1
15751 122
15752 161
15753 -1
15754 -1
15756 -1
15758 67
15759 25
15760 -1
15761 -1
15762 -1
15763 -1
15764 17
15765 -1
15766 29
15767 -1
15768 155
15769 124
15770 -1
15771 -1
15772 166
15773 155
15774 164
15775 50
15776 -1
15777 -1
15778 46
15779 35
15780 67
15781 152
15783 -1
15784 148
15785 -1
15786 -1
15787 -1
15788 114
15789 109
15790 -1
15791 27
15792 151
15793 -1
15794 64
15795 145
15796 125
15797 64
15798 160
15800 -1
15801 160
15802 64
15803 -1
15804 -1
15805 149
15806 134
15807 148
15808 -1
15809 -1
15810 -1
15811 122
15812 116
15813 116
15814 -1
15815 -1
15816 -1
15818 -1
15819 -1
15820 50
15821 -1
15822 133
15823 -1
15824 50
15825 50
15826 50
15827 50
15828 50
15829 50
15830 -1
15831 36
15832 -1
15833 120
15834 -1
15835 -1
15836 172
15837 -1
15838 116
15840 -1
15841 -1
15842 66
15843 41
15844 -1
15845 -1
15846 125
15847 -1
15848 -1
15849 -1
15850 -1
15851 -1
15852 -1
15853 98
15855 -1
15856 72
15857 72
15858 -1
15859 72
15860 71
15863 71
15866 89
15867 -1
15872 -1
15873 -1
15875 150
15876 150
15877 -1
15878 -1
15879 114
15880 -1
15881 -1
15882 -1
15883 -1
15884 146
15885 67
15888 94
15889 -1
15891 -1
15892 -1
15893 -1
15894 -1
15895 -1
15896 46
15901 70
15902 71
15903 -1
15904 -1
15905 71
15906 -1
15907 -1
15908 -1
15909 -1
15910 -1
15911 41
15913 41
15914 41
15915 -1
15916 -1
15917 142
15918 -1
15919 94
15920 94
15921 94
15922 122
15923 95
15924 -1
15925 17
15926 -1
15928 109
15930 169
15931 -1
15932 -1
15933 148
15934 148
15935 79
15936 -1
15937 149
15939 -1
15940 -1
15941 136
15942 -1
15943 -1
15944 -1
15945 -1
15946 -1
15947 -1
15948 25
15949 79
15950 -1
15952 71
15953 130
15954 148
15955 49
15956 142
15957 89
15958 -1
15959 150
15960 -1
15961 100
15962 119
15963 -1
15964 94
15965 -1
15966 -1
15967 114
15968 95
15971 -1
15972 148
15973 77
15974 -1
15975 156
15976 148
15977 -1
15978 -1
15979 123
15980 -1
15981 40
15982 128
15984 -1
15988 134
15989 109
15990 -1
15991 114
15992 -1
15993 -1
15994 -1
15995 -1
15997 -1
16000 157
16001 -1
16002 -1
16003 -1
16004 73
16005 149
16006 56
16007 -1
16008 -1
16009 -1
16010 -1
16011 -1
16012 -1
16013 73
16014 -1
16015 -1
16016 150
16017 -1
16018 149
16019 -1
16020 -1
16021 132
16025 17
16026 93
16027 130
16028 149
16029 145
16030 164
16031 94
16032 54
16033 145
16034 145
16035 -1
16036 -1
16037 -1
16038 42
16039 -1
16040 -1
16041 -1
16042 17
16043 64
16044 -1
16045 132
16046 145
16047 -1
16048 64
16049 33
16050 -1
16051 74
16052 -1
16053 -1
16054 95
16055 64
16056 -1
16057 79
16058 133
16059 177
16060 134
16061 -1
16062 -1
16063 -1
16064 148
16065 -1
16066 -1
16067 -1
16068 -1
16070 -1
16071 -1
16072 -1
16073 -1
16074 106
16075 -1
16076 115
16077 130
16078 14
16079 19
16080 -1
16082 19
16083 19
16084 14
16085 14
16086 14
16087 50
16088 50
16089 50
16090 14
16091 19
16092 19
16093 19
16094 19
16096 -1
16097 19
16100 19
16101 19
16102 19
16103 19
16104 -1
16106 14
16107 14
16108 14
16109 14
16110 14
16111 14
16112 14
16113 14
16114 14
16115 19
16116 19
16117 19
16118 19
16119 19
16120 19
16121 19
16122 50
16123 50
16124 50
16125 50
16126 50
16127 50
16128 50
16129 50
16130 50
16133 50
16134 50
16135 50
16138 19
16139 19
16140 19
16143 -1
16144 -1
16145 -1
16146 -1
16147 130
16148 65
16150 17
16151 -1
16152 -1
16155 95
16156 132
16157 49
16158 177
16159 10
16162 -1
16163 109
16164 -1
16165 -1
16168 177
16170 69
16171 -1
16172 148
16173 56
16174 173
16175 -1
16176 -1
16177 -1
16178 -1
16179 -1
16180 -1
16181 177
16182 -1
16183 87
16184 -1
16190 139
16191 150
16193 -1
16194 17
16197 -1
16202 177
16203 123
16204 -1
16205 13
16206 11
16207 -1
16208 -1
16209 -1
16210 -1
16211 -1
16212 41
16213 41
16214 -1
16215 -1
16216 -1
16217 41
16218 157
16219 41
16220 -1
16221 41
16222 41
16224 -1
16225 -1
16226 171
16227 157
16228 95
16229 -1
16230 -1
16231 -1
16232 149
16233 -1
16234 -1
16235 100
16236 49
16237 -1
16238 133
16239 -1
16240 -1
16241 157
16242 -1
16243 64
16244 -1
16245 177
16246 11
16247 169
16248 11
16249 -1
16251 9
16252 -1
16253 -1
16254 -1
16255 9
16256 125
16257 -1
16258 168
16259 120
16260 35
16261 -1
16262 -1
16263 159
16264 64
16265 -1
16266 17
16267 157
16268 -1
16269 102
16270 -1
16271 -1
16272 -1
16273 119
16274 148
16275 -1
16276 -1
16277 105
16278 -1
16279 142
16280 -1
16281 56
16282 -1
16283 -1
16284 124
16285 137
16286 -1
16287 124
16288 77
16289 77
16290 -1
16291 114
16292 114
16293 114
16294 124
16295 177
16296 177
16297 175
16298 151
16299 -1
16300 136
16301 -1
16302 109
16303 114
16304 114
16305 114
16306 114
16307 114
16310 -1
16311 -1
16312 114
16313 -1
16314 -1
16315 -1
16316 115
16317 114
16318 114
16319 11
16320 114
16321 -1
16322 120
16323 -1
16324 -1
16325 125
16326 169
16327 -1
16328 114
16329 -1
16330 -1
16331 -1
16332 -1
16333 -1
16334 123
16335 -1
16338 -1
16339 174
16340 126
16341 -1
16342 126
16343 -1
16344 17
16345 -1
16346 -1
16347 -1
16348 -1
16349 122
16350 125
16351 142
16352 102
16353 115
16354 -1
16355 173
16356 -1
16357 122
16358 -1
16359 -1
16360 134
16361 -1
16362 64
16363 -1
16364 -1
16365 136
16366 125
16367 -1
16368 -1
16369 21
16370 120
16371 -1
16373 -1
16374 148
16375 -1
16376 -1
16377 109
16378 115
16379 148
16380 -1
16381 136
16382 144
16383 117
16384 -1
16385 -1
16386 136
16389 -1
16390 -1
16391 -1
16392 158
16393 115
16394 121
16395 -1
16396 158
16397 -1
16398 -1
16399 -1
16400 -1
16401 -1
16402 -1
16403 154
16405 117
16407 128
16408 158
16409 158
16410 121
16411 -1
16412 -1
16413 -1
16414 -1
16415 -1
16416 83
16417 -1
16418 -1
16419 -1
16420 -1
16421 76
16422 -1
16423 -1
16424 -1
16425 -1
16426 -1
16427 -1
16428 109
16429 -1
16430 136
16431 158
16432 169
16433 -1
16434 -1
16435 116
16436 136
16437 -1
16438 169
16439 136
16440 -1
16441 -1
16442 -1
16443 158
16444 -1
16445 136
16446 136
16447 -1
16448 117
16449 119
16450 115
16451 -1
16452 123
16453 -1
16454 153
16455 -1
16456 -1
16457 -1
16458 125
16459 125
16460 53
16461 -1
16462 -1
16463 53
16464 116
16465 116
16466 116
16467 -1
16468 11
16469 136
16470 -1
16471 -1
16472 -1
16473 -1
16474 123
16475 158
16476 -1
16477 -1
16478 -1
16479 -1
16480 123
16481 -1
16482 -1
16483 -1
16484 -1
16485 -1
16486 109
16487 -1
16488 -1
16489 -1
16490 11
16491 -1
16492 -1
16493 -1
16494 -1
16495 -1
16496 -1
16497 158
16498 106
16499 -1
16500 156
16501 68
16502 -1
16503 116
16504 158
16505 152
16506 -1
16507 158
16508 116
16509 156
16510 -1
16511 -1
16512 -1
16513 109
16514 -1
16515 -1
16516 -1
16517 64
16518 155
16519 -1
16520 132
16521 161
16522 9
16523 68
16524 116
16525 -1
16526 -1
16527 9
16528 17
16529 -1
16530 53
16531 -1
16532 -1
16533 -1
16534 124
16535 -1
16536 9
16537 -1
16538 163
16539 -1
16540 -1
16541 116
16542 25
16543 116
16545 103
16546 25
16547 150
16548 116
16549 -1
16551 27
16552 77
16554 -1
16555 103
16557 172
16558 64
16559 124
16560 -1
16561 133
16562 12
16563 12
16564 12
16565 12
16566 12
16567 12
16568 12
16569 12
16570 12
16571 12
16572 12
16573 12
16574 12
16575 12
16576 12
16577 12
16578 12
16579 12
16580 12
16581 116
16582 9
16583 103
16584 25
16585 150
16586 116
16587 -1
16588 9
16589 9
16590 77
16591 9
16592 -1
16593 103
16594 9
16595 172
16596 64
16597 124
16598 -1
16599 133
16600 -1
16601 158
16602 136
16603 -1
16604 128
16605 -1
16606 83
16607 116
16608 148
16609 -1
16610 162
16611 121
16612 -1
16613 -1
16614 125
16615 -1
16616 64
16617 43
16618 -1
16619 98
16620 -1
16621 60
16622 168
16623 96
16624 -1
16625 121
16626 27
16627 -1
16628 -1
16629 122
16630 136
16631 136
16632 117
16633 -1
16634 -1
16635 -1
16636 158
16637 51
16638 136
16639 106
16640 -1
16641 -1
16642 -1
16644 -1
16645 -1
16646 -1
16647 128
16648 -1
16649 39
16650 62
16651 116
16652 -1
16653 -1
16654 -1
16655 -1
16656 -1
16657 -1
16658 -1
16659 136
16660 115
16661 115
16662 61
16663 -1
16664 61
16665 -1
16666 161
16667 161
16668 124
16669 -1
16670 132
16671 49
16672 -1
16673 -1
16674 177
16676 -1
16677 90
16678 152
16679 17
16680 133
16682 170
16684 -1
16685 132
16686 49
16687 -1
16688 132
16689 49
16690 -1
16691 44
16692 177
16693 -1
16694 44
16695 177
16696 152
16697 -1
16698 -1
16699 152
16700 -1
16701 -1
16702 152
16703 17
16705 152
16706 17
16708 139
16709 170
16710 -1
16711 130
16712 139
16713 170
16714 157
16715 130
16716 -1
16717 -1
16718 44
16719 44
16720 152
16721 114
16722 154
16723 -1
16724 -1
16725 150
16726 -1
16727 64
16728 -1
16729 -1
16730 121
16731 -1
16732 116
16733 158
16734 -1
16735 154
16736 -1
16737 64
16738 -1
16739 121
16740 -1
16741 116
16742 158
16743 -1
16744 154
16745 -1
16746 64
16747 -1
16748 -1
16749 121
16750 -1
16751 116
16752 158
16753 -1
16754 154
16755 -1
16756 -1
16757 64
16758 -1
16759 119
16760 9
16761 119
16762 119
16763 136
16764 88
16765 -1
16766 136
16767 88
16768 -1
16769 -1
16770 155
16771 148
16772 127
16773 -1
16774 121
16775 127
16776 12
16777 9
16778 71
16779 71
16780 -1
16781 128
16782 -1
16783 64
16784 120
16785 128
16786 -1
16787 -1
16788 106
16789 -1
16790 -1
16791 116
16792 -1
16793 11
16794 11
16795 11
16796 11
16797 -1
16798 -1
16799 -1
16800 -1
16801 35
16802 -1
16803 159
16804 134
16805 64
16806 34
16807 136
16808 136
16809 136
16810 120
16811 65
16812 60
16813 84
16814 14
16815 35
16816 158
16817 -1
16818 159
16819 -1
16820 -1
16821 -1
16822 -1
16823 -1
16824 -1
16825 154
16826 29
16827 -1
16828 -1
16829 17
16830 17
16831 123
16832 158
16833 35
16834 115
16835 -1
16836 -1
16837 61
16838 17
16839 -1
16840 -1
16841 136
16842 -1
16843 -1
16844 165
16845 165
16846 165
16847 69
16848 69
16849 69
16850 69
16851 69
16852 69
16853 69
16854 69
16855 69
16856 69
16857 69
16858 69
16859 69
16860 69
16861 69
16862 69
16863 69
16864 69
16865 69
16866 69
16867 69
16868 69
16869 69
16870 69
16871 69
16872 69
16873 69
16874 69
16875 69
16876 69
16877 69
16878 69
16879 69
16880 69
16881 69
16882 69
16883 69
16884 69
16885 69
16886 69
16887 69
16888 69
16889 69
16890 69
16891 69
16892 69
16893 69
16894 69
16895 69
16896 69
16897 69
16898 69
16899 69
16900 69
16901 69
16902 69
16903 69
16904 69
16905 69
16906 69
16907 69
16908 69
16909 69
16910 69
16911 69
16912 69
16913 69
16914 152
16915 17
16916 -1
16917 -1
16918 -1
16919 -1
16920 -1
16921 -1
16922 -1
16923 -1
16924 -1
16925 17
16926 125
16927 -1
16928 57
16929 104
16930 57
16931 57
16932 -1
16933 57
16934 57
16935 57
16936 57
16937 57
16938 57
16939 57
16940 57
16941 57
16942 57
16943 57
16944 57
16945 57
16946 57
16947 57
16949 57
16951 57
16952 57
16953 57
16954 57
16955 57
16956 57
16957 57
16958 57
16959 57
16960 57
16961 57
16962 57
16963 57
16964 57
16965 -1
16966 57
16967 57
16968 58
16969 57
16970 57
16971 57
16972 57
16973 57
16974 57
16975 57
16976 57
16977 57
16978 57
16979 57
16980 12
16981 57
16982 57
16983 57
16984 57
16985 57
16986 57
16987 57
16988 57
16989 57
16990 57
16991 57
16992 57
16993 156
16994 9
16995 -1
16996 -1
16997 -1
16998 -1
16999 154
17000 30
17001 -1
17002 64
17003 9
17004 176
17005 9
17006 -1
17007 26
17008 -1
17009 -1
17010 -1
17011 -1
17012 19
17013 9
17014 107
17015 33
17016 173
17017 -1
17018 26
17019 -1
17020 -1
17021 -1
17022 158
17023 66
17024 158
17025 155
17026 -1
17027 -1
17028 -1
17029 158
17030 -1
17031 -1
17032 -1
17033 -1
17034 -1
17035 68
17036 -1
17037 125
17038 109
17039 119
17040 144
17041 -1
17042 136
17043 169
17044 -1
17045 -1
17046 144
17047 118
17048 17
17049 -1
17050 136
17051 136
17052 158
17053 -1
17054 66
17055 -1
17056 136
17057 158
17058 9
17059 -1
17060 -1
17061 132
17062 -1
17063 142
17064 146
17065 -1
17066 -1
17067 -1
17068 113
17069 113
17070 136
17071 117
17072 -1
17073 -1
17074 125
17075 -1
17076 64
17077 144
17078 -1
17079 26
17080 167
17081 137
17082 19
17083 -1
17084 94
17085 43
17086 -1
17087 -1
17088 -1
17089 -1
17090 -1
17091 121
17092 -1
17093 -1
17094 -1
17095 -1
17096 -1
17097 145
17098 88
17099 88
17100 139
17101 98
17102 -1
17103 121
17104 -1
17106 43
17107 161
17108 -1
17109 136
17110 158
17111 158
17112 158
17113 98
17114 -1
17115 -1
17116 -1
17117 153
17118 40
17119 35
17120 -1
17121 -1
17122 107
17123 -1
17124 157
17125 -1
17126 -1
17127 -1
17128 -1
17129 67
17132 -1
17133 -1
17134 35
17135 -1
17136 -1
17137 -1
17138 -1
17139 82
17140 -1
17141 -1
17142 -1
17143 -1
17144 -1
17145 82
17146 136
17147 -1
17148 -1
17149 82
17150 -1
17151 82
17152 -1
17153 -1
17154 -1
17155 -1
17156 -1
17157 168
17158 -1
17159 155
17160 -1
17161 -1
17162 82
17163 82
17164 -1
17165 -1
17166 67
17167 -1
17168 -1
17169 -1
17170 -1
17171 -1
17172 -1
17173 -1
17174 -1
17175 82
17176 -1
17177 -1
17178 -1
17179 82
17180 82
17181 -1
17182 -1
17183 67
17184 67
17185 82
17186 154
17187 156
17188 -1
17189 67
17190 121
17191 -1
17192 -1
17193 -1
17194 -1
17195 58
17196 -1
17197 170
17198 136
17199 -1
17200 -1
17201 -1
17202 22
17203 22
17204 22
17205 22
17206 22
17207 22
17208 22
17209 22
17210 22
17211 22
17212 22
17213 22
17214 22
17215 22
17216 22
17217 22
17218 22
17219 22
17220 22
17221 22
17222 22
17223 22
17224 22
17225 22
17226 -1
17227 42
17228 30
17229 -1
17230 -1
17231 136
17232 136
17233 -1
17234 125
17235 -1
17236 -1
17237 169
17238 136
17239 -1
17240 -1
17241 -1
17242 158
17243 -1
17244 -1
17245 -1
17246 9
17247 -1
17248 -1
17249 115
17250 11
17251 67
17252 9
17253 164
17254 164
17255 177
17256 145
17257 -1
17258 146
17259 146
17260 146
17261 -1
17262 -1
17263 -1
17264 -1
17265 -1
17266 76
17267 -1
17268 -1
17269 -1
17270 137
17271 -1
17272 125
17273 -1
17274 72
17275 72
17276 72
17277 125
17278 -1
17279 162
17280 -1
17281 67
17282 -1
17283 136
17284 -1
17286 83
17287 -1
17288 9
17289 116
17290 -1
17291 -1
17292 -1
17293 -1
17294 -1
17295 -1
17296 72
17297 72
17298 158
17299 -1
17300 40
17301 -1
17302 154
17303 -1
17304 171
17305 49
17306 107
17307 -1
17308 134
17309 -1
17310 -1
17311 -1
17312 -1
17313 -1
17314 -1
17315 -1
17316 -1
17317 -1
17318 13
17319 177
17320 -1
17321 67
17322 -1
17323 -1
17324 133
17325 -1
17326 -1
17327 150
17328 -1
17329 17
17330 -1
17331 -1
17332 -1
17333 -1
17334 123
17335 128
17336 -1
17337 -1
17338 -1
17339 128
17340 -1
17341 176
17342 -1
17343 -1
17344 13
17345 -1
17346 164
17347 -1
17348 139
17349 64
17350 19
17351 29
17352 40
17353 154
17354 176
17355 -1
17356 -1
17357 156
17358 17
17359 132
17360 17
17361 72
17362 142
17363 -1
17364 121
17365 136
17366 -1
17367 -1
17368 136
17369 -1
17370 123
17371 13
17372 -1
17373 135
17374 -1
17375 142
17376 -1
17377 136
17378 13
17379 13
17380 116
17381 -1
17382 128
17383 109
17384 13
17385 13
17386 -1
17387 13
17388 13
17389 13
17390 13
17391 13
17392 13
17393 13
17394 13
17395 13
17396 13
17397 13
17398 13
17399 -1
17400 -1
17401 13
17402 13
17403 13
17404 13
17405 13
17406 13
17407 13
17408 13
17409 13
17410 13
17411 13
17412 13
17413 13
17414 13
17415 13
17416 13
17417 13
17418 13
17419 13
17420 13
17421 13
17422 13
17423 13
17424 13
17425 13
17426 13
17427 13
17428 13
17429 13
17430 13
17431 13
17432 13
17433 13
17434 13
17435 13
17436 -1
17437 -1
17438 148
17439 -1
17440 117
17441 136
17442 -1
17443 -1
17444 -1
17445 -1
17446 13
17447 13
17448 13
17449 13
17450 13
17451 13
17452 -1
17453 -1
17454 -1
17455 -1
17456 33
17457 142
17458 -1
17459 -1
17460 171
17461 -1
17462 -1
17463 133
17464 -1
17465 -1
17466 -1
17467 -1
17468 136
17469 136
17470 -1
17471 -1
17472 -1
17473 136
17474 136
17475 -1
17476 -1
17477 -1
17478 62
17479 -1
17480 121
17481 62
17482 62
17483 62
17484 62
17485 62
17486 62
17487 62
17488 62
17489 136
17490 136
17491 -1
17492 -1
17493 -1
17494 -1
17495 158
17496 -1
17497 -1
17499 159
17500 117
17501 123
17502 123
17503 -1
17504 -1
17505 -1
17506 175
17507 175
17508 -1
17509 -1
17510 -1
17511 -1
17512 -1
17513 -1
17514 158
17515 -1
17516 136
17517 -1
17518 117
17519 136
17520 121
17521 -1
17522 72
17523 136
17524 -1
17526 136
17527 68
17528 169
17529 -1
17530 76
17531 -1
17532 -1
17534 -1
17535 -1
17538 -1
17539 -1
17542 -1
17543 -1
17544 -1
17545 -1
17546 67
17547 -1
17548 -1
17549 -1
17550 -1
17551 -1
17552 67
17554 -1
17556 -1
17557 42
17558 42
17559 -1
17560 -1
17561 136
17562 122
17563 -1
17564 -1
17565 98
17566 -1
17567 -1
17568 -1
17569 -1
17570 -1
17571 -1
17572 -1
17576 64
17577 -1
17578 17
17579 -1
17580 -1
17581 -1
17582 58
17583 35
17584 -1
17585 95
17586 -1
17587 -1
17589 11
17591 136
17593 -1
17594 121
17595 -1
17596 -1
17597 -1
17599 144
17601 136
17602 9
17603 158
17604 158
17605 -1
17606 169
17607 -1
17608 169
17609 168
17610 -1
17611 136
17612 116
17613 116
17614 25
17615 136
17617 72
17618 128
17619 125
17620 103
17621 9
17623 136
17624 136
17625 136
17628 128
17629 -1
17631 -1
17632 52
17633 -1
17634 98
17635 -1
17636 -1
17637 -1
17638 -1
17639 133
17640 -1
17641 -1
17642 131
17643 -1
17645 49
17646 -1
17647 -1
17648 -1
17649 -1
17650 9
17651 -1
17652 9
17653 100
17655 -1
17656 -1
17657 -1
17659 9
17660 27
17661 108
17662 77
17663 136
17664 -1
17665 132
17666 -1
17667 64
17668 -1
17669 -1
17673 -1
17674 -1
17675 17
17676 -1
17677 77
17678 -1
17679 -1
17680 -1
17681 84
17682 -1
17683 -1
17684 -1
17685 -1
17686 -1
17687 -1
17688 65
17689 -1
17690 58
17691 58
17692 -1
17693 27
17694 64
17695 66
17696 67
17697 9
17698 -1
17699 -1
17700 -1
17701 171
17702 -1
17703 77
17704 -1
17705 -1
17706 -1
17707 9
17708 -1
17709 170
17710 -1
17711 -1
17712 -1
17713 -1
17714 136
17715 128
17716 84
17717 -1
17718 -1
17721 -1
17722 84
17723 -1
17724 72
17725 62
17726 62
17727 -1
17728 154
17729 -1
17730 45
17732 176
17733 151
17734 -1
17735 -1
17736 -1
17737 -1
17738 123
17740 161
17741 118
17742 150
17743 136
17744 136
17745 136
17746 29
17747 125
17748 -1
17749 119
17750 -1
17751 123
17752 -1
17753 -1
17755 -1
17757 9
17758 9
17759 170
17760 19
17761 9
17762 19
17763 19
17764 -1
17765 -1
17766 -1
17767 13
17768 13
17769 -1
17770 13
17772 140
17773 140
17774 145
17775 -1
17777 -1
17778 -1
17779 -1
17780 133
17781 -1
17782 132
17789 126
17790 128
17791 -1
17792 136
17793 -1
17794 121
17795 116
17796 126
17797 128
17799 140
17800 140
17801 140
17802 140
17803 -1
17804 140
17805 140
17806 140
17807 -1
17810 -1
17811 -1
17813 42
17814 -1
17815 116
17816 177
17820 -1
17821 168
17822 -1
17823 -1
17824 -1
17825 -1
17826 -1
17827 164
17829 -1
17830 -1
17831 136
17832 -1
17833 -1
17834 -1
17835 -1
17836 155
17837 140
17838 -1
17839 -1
17840 136
17841 -1
17842 -1
17844 132
17845 -1
17846 -1
17847 -1
17848 64
17849 -1
17852 -1
17853 -1
17854 -1
17855 136
17856 17
17857 -1
17858 134
17859 49
17860 -1
17861 -1
17862 -1
17863 64
17864 -1
17865 -1
17866 -1
17867 -1
17868 -1
17869 -1
17870 -1
17871 -1
17872 -1
17873 81
17874 81
17875 72
17876 72
17877 72
17878 72
17879 -1
17881 122
17882 -1
17884 11
17886 121
17887 122
17888 -1
17889 -1
17890 11
17892 -1
17893 122
17894 -1
17895 -1
17896 136
17897 40
17898 -1
17899 -1
17900 -1
17901 -1
17902 154
17903 -1
17904 136
17905 155
17906 154
17907 -1
17908 -1
17909 -1
17910 -1
17911 61
17912 153
17913 -1
17914 19
17915 84
17916 84
17917 -1
17918 -1
17919 17
17920 -1
17921 177
17922 153
17923 121
17924 136
17925 -1
17926 -1
17927 68
17928 -1
17929 -1
17930 136
17932 72
17933 61
17934 61
17935 93
17936 125
17937 72
17938 72
17939 72
17940 72
17941 72
17942 72
17943 72
17944 72
17945 72
17948 140
17949 140
17950 10
17951 10
17952 154
17954 168
17955 158
17956 140
17957 -1
17959 20
17960 10
17961 140
17962 -1
17963 -1
17964 136
17965 140
17966 22
17967 22
17968 -1
17970 9
17971 -1
17972 50
17973 -1
17974 43
17975 9
17977 -1
17978 9
17979 98
17980 77
17981 77
17982 9
17983 -1
17984 -1
17985 134
17986 -1
17987 134
17988 9
17989 -1
17990 152
17991 115
17992 118
17994 -1
17995 -1
17997 -1
17998 -1
17999 136
18001 121
18002 -1
18003 66
18004 -1
18005 -1
18006 172
18007 98
18008 152
18009 62
18010 172
18011 172
18012 172
18013 172
18014 172
18015 -1
18016 -1
18017 -1
18018 -1
18019 -1
18020 172
18021 172
18022 172
18023 172
18024 172
18025 172
18026 -1
18027 -1
18028 -1
18029 172
18030 -1
18031 -1
18032 -1
18033 136
18034 66
18035 -1
18036 121
18037 -1
18038 -1
18039 -1
18040 -1
18041 -1
18042 -1
18043 64
18044 -1
18045 -1
18046 -1
18047 127
18048 17
18049 -1
18050 67
18051 -1
18052 13
18053 29
18054 150
18055 26
18056 26
18058 2
18059 2
18060 95
18061 95
18062 -1
18063 -1
18064 9
18065 9
18066 -1
18067 -1
18068 -1
18069 -1
18070 -1
18071 148
18072 136
18073 -1
18074 160
18075 161
18076 161
18077 56
18078 19
18079 -1
18080 -1
18081 -1
18082 -1
18084 120
18085 -1
18087 -1
18089 72
18090 72
18093 35
18094 -1
18095 35
18096 72
18097 72
18098 72
18099 72
18100 72
18101 72
18102 72
18103 72
18104 72
18105 25
18106 17
18107 -1
18108 123
18109 64
18110 64
18111 -1
18112 9
18113 123
18114 -1
18115 125
18116 -1
18118 -1
18119 136
18120 136
18121 -1
18122 -1
18123 -1
18124 -1
18125 64
18126 134
18127 134
18128 -1
18129 -1
18130 -1
18131 140
18132 72
18133 -1
18134 140
18135 140
18136 140
18137 140
18138 140
18139 140
18140 140
18141 136
18142 136
18143 136
18144 9
18145 9
18146 -1
18147 95
18148 73
18149 -1
18150 122
18151 122
18152 136
18153 -1
18154 -1
18155 -1
18156 -1
18157 -1
18158 -1
18159 -1
18160 98
18161 -1
18162 -1
18163 -1
18164 -1
18165 128
18166 133
18167 17
18168 -1
18169 136
18170 -1
18171 -1
18172 -1
18173 -1
18174 -1
18175 -1
18176 -1
18177 67
18178 11
18179 67
18180 -1
18184 151
18186 136
18187 128
18188 121
18189 -1
18190 72
18191 177
18192 -1
18193 30
18194 -1
18195 -1
18196 -1
18197 -1
18198 9
18199 125
18200 -1
18201 -1
18202 118
18203 142
18204 142
18205 136
18206 34
18207 -1
18208 -1
18209 -1
18210 72
18211 72
18212 11
18213 125
18214 136
18217 -1
18219 132
18220 132
18221 132
18222 71
18224 170
18225 -1
18226 -1
18227 -1
18228 -1
18229 88
18230 -1
18231 -1
18232 -1
18233 -1
18234 88
18235 66
18236 -1
18237 -1
18238 -1
18239 -1
18240 77
18243 77
18244 11
18245 68
18246 170
18247 -1
18248 -1
18249 17
18250 114
18251 -1
18252 -1
18253 -1
18254 -1
18255 136
18256 122
18257 -1
18258 -1
18259 128
18260 121
18261 -1
18262 -1
18263 136
18264 -1
18265 121
18266 154
18267 -1
18268 136
18269 -1
18270 -1
18271 154
18272 122
18273 154
18274 128
18275 -1
18277 136
18278 -1
18281 -1
18282 136
18283 -1
18284 11
18285 -1
18286 -1
18287 155
18288 -1
18289 172
18290 172
18291 79
18292 -1
18293 -1
18294 -1
18295 136
18297 -1
18298 -1
18299 -1
18300 -1
18302 -1
18303 121
18306 11
18307 11
18309 117
18310 9
18311 9
18312 -1
18313 11
18314 -1
18315 114
18316 -1
18317 -1
18319 117
18321 9
18323 -1
18324 -1
18325 -1
18326 -1
18328 -1
18329 -1
18330 117
18331 136
18332 121
18333 -1
18334 -1
18335 121
18337 121
18338 -1
18339 121
18340 -1
18346 -1
18348 49
18349 121
18350 49
18352 -1
18358 -1
18359 -1
18360 -1
18361 -1
18362 155
18368 -1
18369 -1
18370 136
18371 121
18372 -1
18373 -1
18374 -1
18375 -1
18376 -1
18377 132
18378 -1
18379 121
18380 -1
18381 -1
18382 -1
18383 -1
18384 -1
18385 -1
18386 9
18387 9
18388 9
18389 9
18390 9
18391 9
18392 9
18393 9
18394 9
18395 9
18396 9
18397 9
18398 9
18399 9
18400 9
18401 9
18402 9
18403 9
18404 9
18405 9
18406 9
18407 9
18408 9
18409 9
18410 9
18411 9
18412 69
18413 9
18414 -1
18415 9
18416 155
18417 -1
18418 -1
18419 134
18420 -1
18421 9
18422 -1
18423 173
18424 -1
18425 -1
18426 -1
18427 149
18428 148
18429 19
18430 -1
18431 -1
18432 -1
18433 -1
18434 -1
18436 -1
18437 -1
18438 -1
18439 -1
18440 136
18442 160
18443 136
18444 -1
18445 58
18446 -1
18447 136
18448 121
18449 -1
18450 -1
18451 121
18452 -1
18453 -1
18454 58
18456 -1
18457 72
18458 72
18459 72
18461 136
18462 136
18464 128
18465 9
18467 136
18468 -1
18469 -1
18470 148
18471 -1
18472 139
18473 -1
18474 136
18475 -1
18476 -1
18477 -1
18479 125
18480 -1
18481 -1
18483 -1
18484 -1
18485 -1
18486 -1
18487 9
18488 -1
18489 -1
18490 136
18491 72
18492 -1
18493 136
18495 136
18496 136
18497 136
18498 -1
18499 -1
18500 136
18502 -1
18503 -1
18504 -1
18505 -1
18521 136
18522 136
18523 49
18524 136
18525 -1
18526 -1
18527 121
18528 -1
18529 -1
18530 -1
18531 128
18532 -1
18533 -1
18534 -1
18535 -1
18536 117
18537 136
18540 72
18541 72
18542 -1
18543 -1
18544 -1
18546 -1
18548 17
18550 -1
18551 82
18553 -1
18554 -1
18556 -1
18559 -1
18561 173
18565 -1
18568 -1
18591 -1
18592 -1
18593 173
18594 -1
18595 -1
18596 64
18597 149
18598 -1
18599 -1
18600 -1
18601 -1
18602 -1
18603 -1
18604 -1
18605 -1
18606 -1
18607 19
18608 -1
18609 155
18610 69
18611 -1
18612 148
18615 -1
18617 -1
18618 -1
18619 -1
18620 148
18621 -1
18622 -1
18623 121
18624 -1
18625 136
18627 136
18629 -1
18630 117
18631 136
18633 -1
18634 -1
18636 136
18637 154
18638 -1
18639 -1
18640 -1
18641 61
18642 -1
18643 -1
18644 -1
18645 -1
18646 128
18647 128
18648 117
18649 -1
18650 -1
18651 64
18652 136
18653 64
18654 121
18655 121
18656 122
18657 122
18658 117
18659 -1
18660 -1
18661 117
18662 121
18663 84
18664 114
18665 -1
18666 109
18667 71
18668 17
18669 -1
18670 25
18671 -1
18672 -1
18673 177
18674 62
18675 -1
18676 72
18678 164
18679 60
18680 65
18681 148
18682 -1
18683 17
18684 133
18685 25
18686 -1
18687 128
18688 49
18689 -1
18690 150
18691 -1
18692 -1
18693 -1
18694 -1
18695 98
18696 -1
18697 133
18698 98
18699 -1
18700 -1
18701 122
18702 121
18703 -1
18704 122
18705 -1
18706 -1
18707 -1
18708 -1
18709 -1
18710 121
18711 117
18712 -1
18713 -1
18714 -1
18715 121
18716 -1
18718 121
18719 136
18720 17
18721 -1
18722 -1
18723 -1
18724 75
18725 19
18726 166
18727 -1
18728 155
18729 -1
18730 -1
18731 -1
18732 66
18733 136
18734 -1
18736 121
18737 123
18740 -1
18741 -1
18742 -1
18743 -1
18744 136
18745 121
18749 121
18750 -1
18751 -1
18752 -1
18753 -1
18754 117
18755 -1
18756 61
18757 -1
18764 -1
18765 136
18766 136
18767 -1
18768 136
18769 -1
18770 117
18771 117
18772 -1
18773 128
18774 128
18775 -1
18776 161
18777 -1
18778 148
18779 -1
18780 -1
18781 136
18782 -1
18783 -1
18784 123
18785 123
18786 123
18787 117
18788 -1
18789 -1
18790 -1
18791 -1
18792 -1
18794 161
18796 -1
18797 -1
18798 -1
18799 -1
18802 -1
18803 -1
18804 -1
18818 136
18819 -1
18820 148
18821 -1
18822 -1
18823 -1
18824 136
18825 -1
18826 117
18827 -1
18828 121
18829 -1
18830 -1
18831 128
18832 137
18833 136
18834 128
18865 128
18866 128
18921 94
18922 94
18924 -1
18925 136
18927 -1
18929 -1
18930 162
18933 -1
18935 136
18936 136
18937 144
18938 -1
18939 -1
18940 -1
18941 -1
18942 -1
18943 -1
18944 170
18945 -1
18946 132
18947 133
18952 164
18953 49
18954 -1
18955 121
18956 -1
18957 17
18958 117
18959 -1
18960 121
18961 -1
18962 -1
18963 -1
18964 117
18965 121
18966 -1
18967 117
18968 121
18971 -1
18972 115
18973 -1
18975 -1
18977 150
18978 62
18980 105
18983 121
18990 142
18991 122
18992 -1
18993 173
18994 121
18995 173
18996 -1
18997 -1
18998 -1
18999 133
19000 121
19001 98
19002 -1
19003 -1
19004 98
19005 -1
19006 121
19007 -1
19008 -1
19009 121
19010 121
19011 133
19012 133
19013 -1
19014 -1
19015 133
19016 -1
19017 -1
19018 133
19019 -1
19020 -1
19021 122
19022 122
19023 -1
19024 121
19025 98
19026 121
19027 142
19028 -1
19029 121
19030 -1
19031 -1
19032 121
19033 133
19034 -1
19035 121
19036 122
19037 -1
19038 -1
19039 -1
19040 -1
19041 121
19042 -1
19043 133
19044 98
19045 -1
19046 -1
19047 -1
19048 -1
19049 -1
19050 64
19051 -1
19052 -1
19053 121
19054 153
19055 -1
19056 -1
19058 -1
19061 -1
19063 128
19065 -1
19066 -1
19067 -1
19068 -1
19070 64
19071 -1
19072 -1
19073 64
19074 98
19075 98
19076 -1
19077 -1
19078 156
19080 115
19081 115
19082 115
19083 115
19084 115
19085 115
19086 128
19090 17
19093 17
19094 17
19097 125
19098 -1
19099 117
19100 -1
19101 -1
19102 85
19104 85
19105 85
19106 85
19107 85
19108 85
19109 85
19110 -1
19111 85
19112 85
19113 85
19114 85
19115 85
19116 85
19117 85
19118 85
19119 85
19120 -1
19121 85
19122 -1
19123 85
19124 -1
19127 85
19129 85
19132 85
19133 85
19134 85
19137 -1
19141 85
19142 85
19143 -1
19144 177
19145 132
19146 128
19147 136
19148 136
19149 -1
19150 117
19151 117
19152 171
19153 -1
19154 -1
19155 -1
19156 75
19157 -1
19158 121
19159 171
19160 -1
19161 -1
19162 -1
19163 -1
19164 -1
19165 -1
19166 85
19167 85
19168 85
19169 85
19170 85
19171 85
19172 85
19173 85
19174 85
19175 85
19176 85
19177 85
19178 85
19179 -1
19180 85
19181 -1
19182 85
19183 85
19184 -1
19185 85
19186 85
19187 -1
19188 85
19190 85
19191 85
19192 85
19197 85
19200 -1
19204 85
19206 85
19208 85
19210 -1
19211 -1
19212 -1
19214 -1
19215 132
19216 -1
19217 114
19219 -1
19222 -1
19223 -1
19224 132
19225 132
19226 132
19227 176
19228 122
19229 17
19230 34
19231 164
19232 -1
19233 117
19234 94
19235 146
19236 -1
19237 19
19238 62
19239 149
19241 -1
19242 140
19245 -1
19246 161
19247 161
19248 -1
19249 -1
19251 136
19254 115
19255 -1
19256 -1
19257 136
19258 -1
19259 -1
19260 132
19261 136
19262 177
19263 -1
19265 -1
19266 -1
19267 136
19268 -1
19270 -1
19271 -1
19272 -1
19273 136
19274 -1
19275 121
19285 136
19286 -1
19287 -1
19288 -1
19289 148
19291 -1
19292 40
19293 -1
