identifier,cluster
1 -1
2 120
3 120
4 120
5 -1
6 -1
7 -1
8 12
9 122
10 -1
11 132
12 -1
13 118
14 118
15 118
16 33
17 136
18 68
19 136
20 136
21 136
22 136
23 1
25 65
26 65
28 65
29 1
31 63
34 130
35 130
36 130
37 130
38 -1
39 67
40 67
41 67
42 1
43 67
44 1
45 67
46 -1
47 56
48 -1
49 107
50 -1
51 -1
52 12
53 1
54 -1
55 169
56 -1
58 -1
59 156
60 56
61 28
62 28
63 26
64 136
65 136
66 52
67 -1
68 108
69 1
70 -1
71 -1
72 -1
73 -1
74 26
75 -1
76 172
77 150
78 136
79 -1
80 164
81 164
82 164
83 131
84 131
85 -1
86 109
87 -1
88 151
89 151
90 18
91 18
92 131
93 113
94 -1
95 -1
96 -1
97 160
98 160
99 12
100 1
101 60
102 60
103 -1
104 173
105 150
106 -1
107 135
108 -1
109 62
110 34
111 60
112 161
113 165
114 173
115 161
116 154
117 148
118 -1
119 164
120 118
121 -1
122 61
123 -1
124 163
125 120
126 120
127 -1
129 60
130 87
131 87
132 87
133 132
134 164
135 -1
136 -1
137 62
138 -1
139 28
140 28
141 65
142 -1
143 -1
144 35
145 1
146 1
148 129
149 129
150 87
151 91
152 -1
153 167
154 167
155 167
156 52
157 -1
159 -1
160 25
161 25
162 60
163 163
164 1
165 163
166 -1
167 -1
168 -1
169 -1
170 -1
171 -1
172 33
173 33
174 118
175 118
176 169
177 -1
178 -1
179 152
180 -1
181 91
182 -1
183 -1
184 34
185 34
186 145
187 26
188 160
189 25
190 25
191 70
192 -1
193 94
194 93
195 -1
196 60
197 -1
198 165
199 60
200 60
201 18
202 -1
203 -1
204 -1
205 -1
206 1
207 -1
208 64
209 164
210 164
211 -1
212 -1
213 -1
214 33
215 -1
216 129
217 129
218 -1
219 -1
220 -1
221 -1
222 -1
223 -1
224 -1
225 -1
226 -1
228 -1
229 -1
230 18
231 18
232 18
233 18
234 18
235 -1
236 -1
237 -1
238 -1
239 -1
240 -1
241 173
242 -1
243 -1
244 74
245 74
246 124
247 124
248 -1
249 -1
250 -1
251 124
252 -1
253 -1
254 142
255 -1
256 140
257 -1
258 -1
259 129
260 87
261 -1
262 87
263 -1
264 73
265 -1
266 -1
267 166
268 129
269 136
270 82
271 168
272 18
273 69
274 60
275 -1
276 164
277 129
278 129
279 60
280 -1
281 -1
282 167
283 167
284 164
285 138
286 -1
287 129
288 103
289 52
290 28
291 64
292 172
293 -1
294 64
295 -1
296 26
297 164
298 129
299 34
300 -1
301 34
302 117
303 146
304 129
305 -1
306 129
307 -1
308 -1
309 66
310 -1
311 -1
312 140
313 160
314 150
315 56
316 87
317 -1
318 131
319 -1
320 169
321 129
322 -1
323 -1
324 164
325 -1
326 -1
327 153
330 164
331 -1
332 166
333 64
334 64
335 165
336 165
337 165
338 25
339 -1
340 106
341 165
342 -1
345 1
346 1
348 164
349 164
350 164
352 -1
353 -1
354 -1
355 45
356 -1
357 -1
358 155
359 60
360 169
361 129
362 129
363 168
364 -1
365 108
366 -1
367 124
368 -1
369 -1
370 -1
371 -1
372 -1
373 -1
374 164
375 -1
376 -1
377 -1
378 -1
379 155
380 96
381 96
382 131
384 172
385 172
386 -1
387 160
388 -1
389 63
390 137
391 -1
392 -1
393 -1
394 136
395 -1
396 159
397 132
398 169
399 25
400 25
401 146
402 25
403 151
404 140
405 149
406 -1
407 -1
408 25
409 -1
410 77
411 -1
412 -1
413 150
414 -1
415 120
416 -1
417 -1
418 47
419 -1
420 65
421 146
422 113
423 113
424 -1
425 -1
426 -1
427 148
428 81
429 60
430 166
431 96
432 150
433 -1
434 58
435 28
438 164
439 164
440 47
441 47
442 1
444 -1
446 140
447 95
448 145
449 130
450 -1
451 164
452 -1
453 -1
454 103
455 135
456 33
457 60
458 19
459 19
460 -1
461 19
462 124
463 -1
464 160
465 19
466 19
467 129
468 19
469 19
470 19
471 149
472 132
473 125
474 74
475 74
476 -1
477 -1
478 37
479 37
480 -1
481 -1
482 138
483 19
484 -1
485 -1
486 124
487 125
488 125
489 125
490 125
491 125
492 -1
493 125
494 -1
495 146
496 19
497 19
498 -1
499 125
500 -1
501 74
502 -1
503 -1
504 125
506 34
507 34
508 45
509 45
510 -1
511 -1
512 -1
513 -1
514 140
515 140
516 -1
520 -1
522 -1
523 -1
524 153
525 153
526 -1
527 27
528 -1
529 100
532 100
533 -1
534 -1
538 103
539 25
542 33
546 -1
547 33
549 136
550 136
551 1
557 -1
558 118
560 1
561 125
562 125
563 125
564 150
566 -1
567 -1
568 -1
569 91
570 87
572 87
574 62
577 61
578 -1
579 19
580 -1
581 19
582 19
583 19
584 19
585 19
586 19
587 19
588 129
589 -1
590 60
591 60
592 -1
593 -1
594 82
595 129
596 -1
597 -1
598 125
599 125
600 -1
601 -1
602 35
603 26
604 -1
605 -1
606 125
607 125
608 125
609 125
610 131
612 131
613 125
614 162
615 -1
616 162
617 125
618 125
619 125
620 -1
621 72
622 -1
623 125
624 125
625 124
626 125
627 -1
628 166
629 -1
630 82
631 64
632 -1
634 -1
637 -1
638 60
639 148
640 148
642 -1
643 60
644 122
645 -1
646 122
649 -1
650 -1
651 -1
652 -1
655 136
656 136
657 136
658 123
660 131
661 -1
662 118
663 125
664 -1
665 -1
666 -1
667 150
668 -1
669 140
670 136
671 26
672 30
673 153
674 28
675 150
676 -1
677 87
678 -1
679 96
680 96
681 -1
682 -1
683 136
684 -1
685 136
686 136
687 136
688 136
689 136
690 60
691 60
692 66
693 60
694 -1
695 -1
696 18
697 131
698 -1
699 87
700 26
701 87
702 87
703 -1
704 87
705 -1
706 -1
707 -1
708 33
709 109
710 -1
711 -1
712 -1
713 34
714 12
715 140
716 87
717 87
718 129
719 173
720 -1
721 125
722 -1
723 -1
724 -1
728 -1
731 -1
732 -1
733 -1
734 146
735 43
736 -1
737 -1
738 146
739 77
740 145
741 33
742 -1
743 87
744 87
745 87
746 -1
747 -1
748 -1
749 -1
750 -1
751 -1
752 45
753 -1
754 -1
756 35
760 -1
762 -1
763 -1
764 152
765 152
766 152
767 -1
768 -1
769 -1
770 131
771 -1
772 87
773 87
774 87
776 -1
777 69
778 166
779 90
780 66
781 40
782 69
783 58
784 64
785 25
786 45
787 45
788 45
789 45
790 152
791 54
792 -1
793 -1
794 -1
795 -1
796 -1
797 -1
800 56
801 150
802 150
803 18
804 173
805 173
806 48
807 -1
809 -1
811 137
812 -1
813 125
814 132
815 125
816 125
817 103
818 103
819 -1
820 -1
821 173
822 169
823 -1
824 60
825 108
826 163
827 -1
828 125
829 -1
830 74
831 131
832 136
833 -1
834 148
835 173
836 -1
837 82
838 56
839 160
840 35
841 35
842 -1
843 87
844 87
845 87
846 -1
847 129
848 139
849 61
850 69
851 -1
852 131
853 131
854 150
855 150
856 -1
857 -1
858 -1
859 60
860 -1
861 -1
862 161
863 161
864 161
865 -1
866 87
870 -1
871 131
872 73
874 45
875 12
876 12
877 45
879 45
880 1
881 1
882 1
884 164
885 -1
887 45
891 164
892 1
893 1
894 1
897 164
898 1
899 113
900 113
901 103
902 31
905 60
908 -1
909 -1
910 -1
911 45
912 63
913 -1
914 1
916 -1
917 82
918 82
919 1
923 118
924 1
926 118
927 -1
928 -1
929 94
930 -1
931 -1
933 -1
935 1
936 1
937 146
938 1
939 166
940 -1
941 1
942 1
943 118
944 64
945 66
946 -1
947 1
950 1
951 1
952 124
953 124
955 -1
956 1
957 1
958 1
961 136
963 1
965 35
966 151
967 120
969 120
970 120
971 120
972 120
974 25
975 -1
976 1
978 1
979 131
980 -1
981 1
983 120
986 1
987 -1
989 -1
990 -1
991 113
992 1
993 35
994 26
995 -1
996 -1
997 -1
998 35
999 -1
1000 -1
1001 -1
1002 45
1003 58
1004 -1
1005 149
1006 149
1007 60
1008 -1
1009 1
1010 63
1011 123
1012 -1
1013 -1
1014 -1
1015 -1
1016 -1
1017 60
1018 148
1019 173
1020 1
1021 1
1022 1
1023 120
1024 120
1025 63
1026 -1
1027 149
1028 -1
1029 -1
1030 28
1031 -1
1032 -1
1033 -1
1034 160
1035 -1
1036 -1
1037 -1
1038 -1
1039 25
1040 56
1041 56
1042 45
1043 -1
1044 45
1045 -1
1046 152
1047 91
1048 -1
1049 -1
1050 172
1051 -1
1052 136
1053 136
1054 -1
1055 89
1056 81
1057 -1
1058 160
1059 -1
1060 156
1061 156
1062 156
1063 156
1064 156
1067 18
1068 -1
1069 149
1070 -1
1071 118
1072 118
1073 118
1074 118
1075 -1
1076 118
1077 118
1078 118
1079 118
1080 118
1081 118
1083 1
1084 -1
1085 132
1086 -1
1087 -1
1088 -1
1089 35
1090 125
1091 25
1092 -1
1093 -1
1094 -1
1095 35
1096 110
1097 115
1098 115
1099 110
1100 110
1101 1
1102 162
1103 -1
1104 1
1105 -1
1106 -1
1107 -1
1108 -1
1109 75
1110 -1
1111 -1
1112 18
1113 -1
1114 -1
1115 26
1116 31
1117 152
1118 152
1119 74
1120 -1
1121 -1
1122 -1
1123 56
1124 173
1125 -1
1126 1
1127 60
1128 60
1130 172
1131 136
1132 97
1133 152
1134 94
1135 1
1136 1
1137 1
1138 -1
1139 129
1140 129
1141 129
1142 129
1143 -1
1144 158
1145 -1
1146 -1
1147 -1
1148 -1
1149 1
1150 -1
1151 1
1152 136
1153 136
1154 33
1155 33
1156 124
1157 124
1158 124
1159 64
1160 1
1161 94
1162 -1
1163 -1
1164 123
1165 1
1166 -1
1167 -1
1168 1
1169 65
1170 1
1171 34
1172 146
1173 146
1174 -1
1175 1
1176 73
1177 73
1178 -1
1179 110
1180 165
1181 136
1182 136
1183 136
1184 29
1185 157
1186 110
1187 164
1188 -1
1189 93
1190 150
1191 29
1192 29
1193 69
1194 -1
1195 27
1196 132
1197 110
1198 47
1199 127
1200 59
1201 47
1202 47
1203 47
1204 110
1205 35
1206 -1
1207 1
1208 -1
1209 1
1210 1
1211 -1
1212 -1
1213 110
1214 110
1215 1
1216 35
1217 -1
1218 18
1219 33
1220 -1
1221 110
1222 110
1223 110
1224 110
1225 -1
1226 110
1227 155
1228 1
1229 118
1230 -1
1231 -1
1232 162
1233 110
1234 -1
1235 33
1236 33
1237 35
1238 1
1239 35
1240 -1
1241 -1
1242 -1
1243 161
1244 -1
1245 -1
1246 1
1247 1
1248 125
1249 125
1250 125
1251 -1
1252 165
1253 -1
1254 -1
1255 -1
1256 -1
1257 -1
1258 87
1259 87
1260 87
1261 87
1262 87
1263 87
1264 87
1265 -1
1266 -1
1267 -1
1268 -1
1269 -1
1270 69
1271 158
1272 -1
1273 -1
1274 -1
1275 -1
1276 -1
1277 110
1278 1
1279 110
1280 -1
1281 -1
1282 -1
1283 1
1284 1
1285 -1
1286 42
1287 -1
1288 -1
1289 -1
1290 110
1291 -1
1292 -1
1293 1
1294 -1
1295 173
1296 110
1297 110
1298 -1
1299 110
1301 28
1302 155
1303 1
1304 -1
1305 151
1306 18
1307 -1
1308 108
1309 87
1310 93
1311 -1
1312 87
1313 150
1314 146
1315 88
1316 88
1317 88
1318 -1
1319 47
1320 -1
1321 96
1322 162
1323 62
1324 -1
1325 131
1326 139
1327 140
1328 47
1329 -1
1330 110
1331 -1
1332 -1
1333 136
1334 136
1335 136
1336 131
1337 132
1338 62
1339 -1
1340 -1
1341 -1
1342 -1
1343 -1
1344 -1
1345 1
1346 -1
1347 -1
1348 18
1349 -1
1350 136
1351 136
1352 94
1353 173
1354 60
1355 -1
1356 90
1357 136
1358 60
1359 60
1360 90
1361 96
1362 72
1363 -1
1364 110
1365 110
1366 -1
1367 -1
1368 -1
1369 -1
1370 -1
1371 -1
1372 -1
1373 90
1374 -1
1375 -1
1376 -1
1377 -1
1378 -1
1379 60
1380 1
1381 101
1382 101
1383 101
1384 93
1385 60
1386 60
1387 -1
1388 110
1389 125
1390 172
1391 -1
1392 -1
1393 1
1394 1
1395 87
1396 87
1397 33
1398 1
1399 156
1400 136
1401 136
1402 -1
1403 149
1404 35
1405 125
1406 62
1407 -1
1408 -1
1409 125
1410 29
1411 29
1412 75
1413 1
1414 -1
1415 -1
1416 52
1417 -1
1418 110
1419 110
1420 -1
1421 -1
1422 -1
1423 -1
1424 1
1425 1
1426 -1
1427 -1
1428 -1
1429 18
1430 18
1431 85
1432 85
1433 85
1435 85
1436 -1
1437 -1
1438 -1
1440 -1
1441 93
1442 -1
1443 -1
1444 64
1445 -1
1446 1
1447 131
1448 -1
1449 136
1450 136
1451 1
1452 -1
1453 136
1454 60
1455 136
1456 64
1457 77
1458 -1
1459 -1
1460 1
1461 165
1462 -1
1463 64
1464 87
1465 -1
1466 33
1467 105
1468 150
1469 -1
1470 -1
1471 1
1472 82
1473 -1
1474 -1
1475 -1
1476 74
1477 -1
1478 -1
1479 -1
1480 -1
1481 -1
1482 29
1483 173
1484 136
1485 136
1486 -1
1487 146
1488 -1
1489 173
1490 -1
1491 162
1492 63
1493 63
1494 82
1495 125
1496 89
1497 93
1498 45
1499 35
1500 -1
1501 -1
1502 -1
1503 1
1504 -1
1505 136
1506 28
1507 28
1508 136
1509 136
1510 97
1511 -1
1512 158
1513 47
1514 60
1515 117
1516 -1
1517 -1
1518 40
1519 -1
1520 140
1521 -1
1522 -1
1523 34
1524 34
1525 -1
1526 -1
1527 129
1528 -1
1529 45
1530 150
1531 -1
1532 27
1533 160
1534 -1
1535 109
1536 162
1537 82
1538 82
1539 -1
1540 -1
1541 -1
1542 102
1543 51
1544 51
1545 62
1546 35
1547 -1
1548 -1
1549 -1
1550 -1
1551 173
1552 148
1553 91
1554 36
1555 36
1556 60
1557 25
1558 25
1559 102
1560 -1
1561 -1
1562 -1
1563 25
1564 105
1565 -1
1566 47
1567 118
1568 151
1569 56
1570 123
1571 -1
1572 131
1573 73
1574 -1
1575 -1
1576 -1
1577 136
1578 -1
1579 -1
1580 -1
1581 -1
1582 25
1583 61
1584 137
1585 90
1586 33
1587 140
1588 -1
1589 82
1590 -1
1591 -1
1592 64
1593 25
1594 165
1595 -1
1596 165
1597 160
1598 -1
1599 -1
1600 173
1601 60
1602 131
1603 -1
1604 130
1605 124
1606 -1
1607 -1
1608 66
1609 104
1610 35
1611 173
1612 34
1613 -1
1614 -1
1615 159
1616 -1
1617 -1
1618 -1
1619 -1
1620 103
1621 47
1622 47
1623 -1
1625 103
1626 103
1627 -1
1628 15
1629 -1
1630 60
1631 29
1632 61
1633 123
1634 -1
1635 -1
1636 -1
1637 -1
1638 -1
1639 -1
1640 -1
1641 -1
1642 -1
1643 131
1644 40
1645 -1
1646 40
1647 38
1648 -1
1649 102
1650 151
1651 -1
1652 -1
1653 12
1654 165
1655 90
1656 90
1657 52
1658 47
1659 47
1660 28
1661 -1
1662 -1
1663 -1
1664 167
1665 135
1666 -1
1667 118
1668 56
1669 -1
1670 -1
1671 -1
1672 131
1673 138
1674 -1
1675 60
1676 60
1677 -1
1678 -1
1679 60
1680 153
1681 -1
1682 -1
1683 59
1684 109
1685 163
1686 1
1687 -1
1688 -1
1689 136
1690 -1
1691 -1
1692 72
1693 -1
1694 -1
1695 1
1696 90
1697 -1
1698 139
1699 -1
1700 -1
1701 87
1702 -1
1703 1
1704 47
1705 -1
1706 -1
1707 62
1708 -1
1709 -1
1710 -1
1711 -1
1712 -1
1713 60
1714 36
1715 25
1716 35
1717 67
1718 67
1719 67
1720 67
1721 67
1722 67
1723 67
1724 67
1725 67
1726 -1
1727 102
1728 -1
1729 -1
1730 164
1731 -1
1732 108
1733 67
1734 64
1735 40
1736 40
1737 35
1738 35
1739 40
1740 40
1741 118
1742 151
1743 -1
1744 125
1745 90
1746 90
1747 14
1748 14
1749 14
1750 14
1751 14
1752 14
1753 14
1754 14
1755 14
1756 14
1757 14
1758 14
1759 14
1760 95
1761 95
1762 90
1763 -1
1764 -1
1765 77
1766 94
1767 -1
1768 47
1769 -1
1770 -1
1771 47
1772 -1
1773 -1
1774 29
1775 33
1776 33
1777 -1
1778 40
1779 -1
1780 132
1781 -1
1782 18
1783 18
1784 120
1785 -1
1786 120
1787 162
1788 35
1789 25
1790 25
1791 -1
1792 25
1793 25
1794 153
1795 -1
1796 153
1797 90
1798 90
1799 -1
1800 -1
1802 103
1803 103
1804 -1
1805 -1
1806 -1
1807 -1
1808 -1
1809 -1
1810 -1
1811 -1
1812 -1
1813 -1
1814 -1
1815 154
1816 154
1817 -1
1818 35
1819 136
1820 136
1821 90
1822 150
1823 163
1824 -1
1825 131
1826 -1
1827 53
1828 163
1829 163
1831 -1
1832 157
1833 157
1834 157
1835 157
1836 72
1837 131
1838 131
1839 131
1840 131
1841 131
1842 -1
1843 72
1844 72
1845 72
1846 72
1847 131
1849 131
1850 103
1851 103
1852 103
1853 47
1854 103
1855 102
1856 33
1857 33
1858 -1
1859 -1
1860 165
1861 165
1862 26
1863 -1
1864 47
1865 103
1866 47
1867 -1
1868 90
1869 -1
1870 -1
1871 29
1872 145
1873 136
1874 138
1875 90
1876 173
1877 -1
1878 -1
1879 -1
1880 -1
1881 -1
1882 69
1883 94
1884 168
1885 168
1886 168
1887 40
1888 -1
1889 125
1890 -1
1891 103
1892 -1
1893 1
1894 129
1895 -1
1896 -1
1897 -1
1899 47
1900 47
1901 47
1903 93
1904 31
1905 31
1906 63
1907 -1
1908 136
1910 -1
1911 125
1912 125
1913 -1
1914 63
1915 28
1916 28
1917 -1
1918 73
1919 -1
1920 1
1921 173
1922 118
1923 136
1924 -1
1925 62
1926 34
1927 -1
1928 67
1929 136
1930 -1
1931 -1
1932 138
1933 132
1934 -1
1935 -1
1936 -1
1937 -1
1938 155
1939 35
1940 155
1942 -1
1943 -1
1944 -1
1945 -1
1946 -1
1947 -1
1948 26
1949 -1
1950 125
1951 64
1952 -1
1953 156
1954 156
1955 -1
1956 -1
1957 168
1958 168
1959 -1
1960 -1
1961 69
1962 69
1963 63
1964 63
1965 40
1966 40
1967 63
1968 63
1969 60
1970 -1
1971 60
1972 168
1973 167
1974 63
1975 163
1976 163
1977 60
1978 64
1979 102
1980 104
1981 33
1982 33
1983 33
1984 -1
1985 -1
1986 -1
1987 -1
1988 39
1989 144
1990 25
1991 162
1992 27
1993 40
1994 -1
1995 -1
1996 -1
1997 -1
1998 25
1999 120
2000 47
2001 47
2002 47
2003 25
2004 64
2005 108
2006 -1
2007 116
2008 -1
2009 -1
2010 116
2011 116
2012 116
2013 -1
2014 116
2015 110
2016 -1
2017 164
2018 63
2019 -1
2020 -1
2021 -1
2022 -1
2023 -1
2024 -1
2025 -1
2026 -1
2027 -1
2028 173
2029 161
2030 161
2031 161
2032 161
2033 161
2034 161
2035 161
2036 -1
2037 34
2038 73
2039 -1
2040 -1
2041 132
2042 115
2043 82
2044 162
2045 1
2046 162
2047 1
2048 -1
2049 -1
2050 -1
2051 -1
2052 -1
2053 32
2054 -1
2055 1
2056 1
2057 -1
2058 1
2059 35
2060 -1
2061 64
2062 35
2063 -1
2064 -1
2065 124
2066 39
2067 -1
2068 59
2069 -1
2070 77
2071 -1
2072 -1
2073 -1
2074 99
2075 -1
2076 -1
2077 -1
2078 156
2079 -1
2080 162
2081 146
2082 -1
2083 129
2084 129
2085 129
2086 -1
2087 134
2088 -1
2089 26
2090 35
2091 -1
2092 163
2093 173
2094 161
2095 161
2096 161
2097 25
2098 -1
2099 -1
2100 129
2101 100
2102 -1
2103 25
2104 -1
2105 -1
2106 173
2107 -1
2108 -1
2109 25
2110 -1
2111 156
2112 156
2113 33
2114 -1
2115 25
2116 -1
2117 163
2118 163
2119 108
2120 -1
2121 -1
2122 -1
2123 -1
2124 -1
2125 -1
2126 94
2127 140
2128 93
2129 139
2130 -1
2131 -1
2132 -1
2133 73
2134 -1
2136 60
2137 1
2138 1
2139 -1
2140 139
2141 -1
2142 -1
2143 1
2144 173
2145 -1
2146 -1
2147 87
2148 87
2149 87
2150 87
2151 87
2152 120
2153 -1
2154 -1
2155 107
2156 73
2157 -1
2158 77
2159 -1
2160 120
2161 111
2162 108
2163 125
2164 125
2165 125
2166 -1
2167 -1
2168 25
2169 25
2170 25
2171 118
2172 25
2173 125
2174 18
2175 -1
2176 -1
2177 -1
2178 -1
2179 145
2180 140
2181 34
2182 90
2183 34
2184 104
2185 -1
2186 -1
2187 26
2188 26
2189 26
2190 82
2191 131
2192 -1
2193 -1
2194 60
2195 -1
2196 -1
2197 -1
2198 -1
2199 138
2200 -1
2201 -1
2202 -1
2203 -1
2204 -1
2205 -1
2206 -1
2207 -1
2208 -1
2209 -1
2210 -1
2211 -1
2212 36
2213 -1
2214 115
2215 25
2216 60
2217 25
2218 29
2219 -1
2220 73
2221 105
2222 36
2223 125
2224 125
2225 -1
2226 50
2227 -1
2228 49
2229 138
2230 -1
2231 87
2232 87
2233 -1
2234 82
2235 131
2236 -1
2237 35
2238 -1
2239 -1
2240 125
2241 -1
2242 -1
2243 173
2244 -1
2245 93
2246 111
2247 118
2248 -1
2249 93
2250 -1
2251 -1
2252 -1
2253 -1
2254 -1
2255 28
2256 131
2257 -1
2258 -1
2259 -1
2260 173
2261 -1
2262 -1
2263 -1
2264 158
2265 1
2266 1
2267 1
2268 74
2269 -1
2270 43
2271 -1
2273 146
2274 1
2275 69
2276 1
2277 87
2278 87
2279 138
2280 -1
2281 -1
2282 41
2283 41
2284 41
2285 41
2286 -1
2287 1
2288 -1
2289 -1
2290 1
2291 151
2292 151
2293 166
2294 -1
2295 31
2296 131
2297 47
2298 -1
2299 -1
2300 133
2301 81
2302 81
2303 136
2304 160
2305 41
2306 41
2307 41
2308 146
2309 166
2310 146
2311 146
2312 -1
2313 -1
2314 -1
2315 -1
2316 -1
2317 64
2318 -1
2319 64
2320 169
2321 -1
2322 -1
2323 -1
2324 -1
2325 -1
2326 -1
2327 43
2328 -1
2329 1
2330 148
2331 41
2332 41
2333 41
2334 124
2335 1
2336 -1
2337 41
2338 47
2339 41
2340 41
2341 41
2342 41
2343 41
2344 41
2345 87
2346 47
2347 41
2348 -1
2349 82
2350 62
2351 -1
2352 125
2353 129
2354 125
2355 125
2356 125
2357 -1
2358 74
2359 74
2360 74
2361 109
2362 61
2363 61
2364 61
2365 61
2366 61
2367 -1
2368 -1
2369 -1
2370 -1
2371 -1
2372 163
2373 108
2374 -1
2375 -1
2376 164
2377 1
2378 -1
2379 1
2380 1
2381 1
2382 164
2383 1
2384 123
2385 1
2386 -1
2387 -1
2388 -1
2389 123
2390 77
2391 -1
2392 129
2393 34
2394 168
2395 -1
2396 134
2397 134
2398 -1
2399 -1
2400 129
2401 -1
2402 -1
2403 173
2404 100
2405 -1
2406 -1
2407 87
2408 -1
2409 33
2410 -1
2411 -1
2412 -1
2413 125
2414 125
2415 125
2416 -1
2417 -1
2418 41
2420 41
2421 25
2422 25
2423 25
2424 25
2425 168
2426 -1
2427 -1
2428 -1
2429 170
2430 146
2431 146
2432 -1
2433 -1
2434 131
2435 -1
2436 102
2437 60
2438 75
2439 75
2440 73
2441 -1
2442 107
2443 146
2444 146
2445 -1
2446 34
2447 34
2448 1
2449 -1
2451 41
2452 -1
2453 1
2454 -1
2455 1
2456 1
2457 -1
2458 -1
2459 47
2460 74
2461 126
2462 87
2463 87
2464 87
2465 136
2466 68
2467 160
2468 -1
2469 100
2471 131
2472 131
2473 94
2474 131
2475 -1
2477 -1
2478 -1
2479 125
2480 125
2481 82
2482 -1
2483 -1
2484 34
2485 73
2486 158
2487 120
2488 -1
2489 87
2490 -1
2491 90
2492 -1
2493 -1
2494 132
2495 148
2496 162
2497 -1
2498 -1
2499 -1
2500 -1
2501 -1
2502 -1
2503 -1
2504 -1
2505 151
2506 73
2507 73
2508 105
2509 105
2510 168
2511 1
2512 168
2513 1
2514 135
2516 136
2517 1
2518 -1
2519 1
2520 -1
2521 82
2522 82
2523 -1
2524 -1
2525 60
2526 25
2527 1
2528 25
2529 -1
2530 104
2531 104
2532 104
2533 -1
2534 -1
2535 103
2536 1
2538 103
2539 109
2540 -1
2541 -1
2542 -1
2543 90
2544 64
2545 149
2546 47
2548 82
2549 82
2550 150
2551 -1
2552 148
2553 148
2554 125
2555 134
2556 -1
2557 167
2558 132
2560 -1
2561 -1
2562 -1
2563 -1
2564 138
2565 103
2566 61
2567 35
2568 29
2569 78
2570 -1
2571 154
2572 149
2573 -1
2574 166
2575 168
2576 140
2577 140
2578 -1
2579 60
2580 125
2581 41
2582 41
2583 -1
2584 64
2585 159
2586 -1
2588 33
2589 33
2590 62
2591 142
2592 -1
2593 135
2594 135
2595 1
2596 1
2597 -1
2598 87
2599 -1
2600 -1
2601 100
2602 100
2603 100
2604 100
2605 100
2606 -1
2607 -1
2608 -1
2609 100
2610 100
2611 100
2612 100
2613 100
2614 -1
2615 -1
2616 97
2617 44
2618 103
2619 25
2620 -1
2621 140
2622 34
2623 34
2624 25
2625 25
2626 -1
2627 -1
2628 139
2629 139
2630 -1
2631 -1
2632 -1
2633 -1
2634 131
2635 -1
2636 -1
2637 -1
2638 77
2639 73
2640 73
2641 -1
2642 -1
2643 -1
2644 118
2645 155
2646 25
2647 146
2648 146
2649 59
2650 21
2651 -1
2652 21
2653 -1
2654 82
2655 -1
2656 -1
2657 -1
2658 -1
2659 125
2660 -1
2661 143
2663 29
2666 -1
2670 -1
2671 125
2674 138
2675 -1
2676 21
2677 21
2678 21
2679 21
2680 -1
2681 30
2682 125
2683 40
2684 134
2685 134
2686 -1
2687 -1
2688 -1
2689 -1
2690 60
2691 -1
2692 -1
2693 25
2694 -1
2695 96
2696 1
2698 28
2700 1
2701 162
2702 162
2703 162
2704 -1
2705 1
2706 82
2707 1
2709 -1
2710 -1
2711 130
2712 1
2713 145
2714 -1
2715 1
2716 1
2718 -1
2719 57
2720 97
2721 91
2722 81
2723 27
2724 74
2725 64
2726 -1
2727 -1
2728 -1
2729 1
2730 1
2731 -1
2732 60
2733 160
2734 146
2735 1
2736 146
2737 25
2739 -1
2740 87
2741 -1
2742 33
2743 82
2744 -1
2745 -1
2746 1
2747 1
2748 47
2750 1
2751 172
2753 146
2754 25
2755 25
2756 25
2758 100
2759 -1
2760 -1
2761 73
2762 125
2763 -1
2764 -1
2765 109
2766 131
2767 -1
2768 -1
2769 -1
2770 117
2771 117
2772 66
2773 1
2774 131
2775 158
2776 116
2777 116
2778 116
2779 93
2780 -1
2782 -1
2783 148
2784 -1
2785 93
2786 -1
2787 160
2788 -1
2789 36
2790 39
2791 47
2792 47
2793 47
2794 1
2795 -1
2796 135
2797 132
2798 108
2799 135
2800 162
2801 168
2802 -1
2804 83
2805 64
2806 125
2807 133
2808 133
2809 125
2810 125
2811 118
2812 118
2813 90
2814 90
2815 74
2816 74
2817 -1
2818 74
2819 74
2820 -1
2821 74
2822 74
2823 137
2824 77
2825 -1
2826 -1
2827 -1
2828 -1
2829 90
2830 90
2831 153
2832 -1
2833 131
2834 57
2835 83
2836 81
2837 108
2838 108
2839 -1
2840 -1
2841 102
2842 -1
2843 114
2844 126
2845 -1
2846 -1
2847 126
2848 126
2849 -1
2850 66
2851 63
2852 -1
2853 -1
2854 -1
2855 -1
2856 163
2857 135
2858 135
2859 -1
2860 94
2861 94
2862 94
2863 90
2864 -1
2865 -1
2866 -1
2867 90
2868 -1
2869 154
2870 154
2871 138
2872 138
2873 140
2874 163
2875 34
2876 25
2877 -1
2878 -1
2879 -1
2880 -1
2881 -1
2882 -1
2883 116
2884 116
2885 116
2886 140
2887 -1
2888 66
2889 66
2890 90
2891 90
2892 134
2893 134
2894 -1
2895 134
2896 134
2897 134
2898 134
2899 -1
2900 122
2901 -1
2902 25
2903 29
2904 124
2905 1
2906 1
2907 124
2908 172
2909 146
2910 -1
2911 34
2912 34
2913 34
2914 34
2915 -1
2916 -1
2917 -1
2918 -1
2919 -1
2920 25
2921 163
2922 149
2923 -1
2924 -1
2925 173
2926 40
2927 -1
2928 -1
2929 66
2930 66
2931 -1
2932 66
2933 -1
2934 -1
2935 155
2936 132
2937 -1
2938 -1
2939 -1
2940 60
2941 -1
2942 -1
2943 90
2944 90
2945 118
2946 -1
2947 60
2948 -1
2949 -1
2950 18
2951 -1
2952 -1
2953 -1
2954 -1
2955 151
2956 -1
2957 -1
2958 -1
2959 -1
2960 116
2961 116
2962 116
2963 116
2964 -1
2965 135
2966 -1
2967 -1
2968 -1
2969 -1
2970 125
2971 125
2972 26
2973 66
2974 28
2975 64
2976 -1
2977 60
2978 -1
2979 -1
2980 118
2981 118
2982 87
2983 87
2984 87
2985 -1
2986 131
2987 81
2988 158
2989 40
2990 -1
2991 126
2992 66
2993 -1
2994 66
2995 66
2996 -1
2997 -1
2998 39
2999 -1
3001 -1
3002 47
3003 -1
3004 35
3005 134
3006 46
3007 131
3008 -1
3009 45
3010 45
3011 39
3012 1
3013 39
3014 39
3015 67
3016 67
3017 67
3018 173
3019 -1
3020 111
3021 -1
3022 -1
3023 62
3024 62
3025 62
3026 60
3027 28
3028 47
3029 18
3030 162
3031 118
3032 -1
3033 -1
3034 -1
3035 -1
3036 166
3037 -1
3038 -1
3039 -1
3040 147
3041 112
3042 90
3043 -1
3044 90
3045 -1
3046 173
3047 89
3048 56
3049 -1
3050 131
3051 -1
3052 140
3053 132
3054 33
3055 -1
3056 125
3057 67
3058 29
3059 148
3060 60
3061 -1
3062 -1
3063 -1
3064 -1
3065 -1
3066 66
3067 -1
3068 -1
3069 56
3070 -1
3071 -1
3072 60
3073 -1
3074 173
3075 -1
3076 29
3077 -1
3078 1
3079 1
3080 1
3081 156
3082 -1
3083 -1
3084 -1
3085 47
3086 138
3087 94
3088 154
3089 154
3090 153
3091 153
3092 118
3093 118
3094 -1
3095 27
3096 27
3097 34
3098 34
3099 -1
3100 -1
3101 -1
3102 58
3103 173
3104 131
3105 150
3106 -1
3107 -1
3108 52
3109 -1
3110 -1
3111 -1
3112 -1
3113 -1
3114 -1
3115 82
3116 124
3117 56
3118 -1
3119 -1
3120 -1
3121 162
3122 47
3123 -1
3124 -1
3125 -1
3126 -1
3127 107
3128 107
3129 -1
3130 94
3131 94
3132 94
3133 52
3134 52
3135 118
3136 118
3137 118
3138 118
3139 118
3140 94
3141 94
3142 -1
3143 -1
3144 -1
3145 110
3146 -1
3147 -1
3148 -1
3149 -1
3150 35
3151 -1
3152 -1
3153 -1
3154 -1
3155 -1
3156 -1
3157 -1
3158 173
3159 159
3160 160
3161 -1
3162 89
3163 82
3164 -1
3165 -1
3166 -1
3167 135
3168 135
3169 109
3170 154
3171 160
3172 -1
3173 -1
3174 134
3175 -1
3176 158
3177 -1
3178 125
3179 94
3180 160
3181 -1
3182 -1
3183 -1
3184 136
3186 1
3187 154
3188 154
3189 -1
3190 33
3191 33
3192 -1
3193 1
3194 1
3195 -1
3196 137
3197 124
3198 87
3199 87
3200 87
3201 87
3202 87
3203 87
3204 87
3205 87
3206 -1
3207 -1
3208 -1
3209 -1
3210 87
3211 87
3212 87
3213 87
3214 87
3215 87
3216 87
3217 87
3218 87
3219 87
3220 87
3221 103
3222 87
3223 -1
3224 -1
3225 -1
3226 -1
3227 47
3228 155
3229 29
3230 26
3231 118
3232 34
3233 34
3234 -1
3235 -1
3236 -1
3237 -1
3238 87
3239 87
3240 87
3241 161
3242 43
3243 137
3244 125
3245 87
3246 -1
3247 129
3248 129
3251 1
3252 129
3253 132
3254 30
3255 -1
3256 87
3257 87
3258 126
3260 126
3261 73
3263 146
3265 -1
3268 -1
3269 56
3270 28
3272 28
3273 132
3274 149
3275 -1
3276 126
3277 126
3278 126
3279 126
3280 126
3281 126
3282 126
3283 -1
3284 66
3285 109
3286 109
3287 -1
3288 -1
3289 -1
3290 -1
3291 125
3292 -1
3293 73
3294 -1
3295 -1
3296 -1
3297 154
3298 66
3299 -1
3300 -1
3301 47
3302 -1
3303 81
3304 -1
3305 140
3306 -1
3307 125
3308 -1
3309 125
3310 126
3311 -1
3312 47
3313 173
3314 64
3315 26
3316 87
3317 87
3318 87
3319 87
3320 -1
3321 63
3322 102
3323 132
3324 69
3325 132
3326 25
3327 -1
3328 63
3329 -1
3330 56
3331 -1
3332 115
3333 -1
3334 -1
3335 126
3336 160
3337 -1
3338 154
3339 131
3340 -1
3341 129
3342 125
3343 132
3344 -1
3345 -1
3346 -1
3347 63
3348 -1
3349 -1
3350 -1
3351 -1
3352 -1
3353 77
3354 -1
3355 87
3356 87
3357 118
3358 118
3359 29
3360 87
3361 87
3362 132
3363 87
3364 148
3365 112
3366 112
3367 -1
3368 -1
3369 -1
3370 -1
3371 -1
3372 -1
3373 150
3374 109
3375 -1
3376 95
3377 131
3378 57
3379 87
3380 -1
3381 87
3382 87
3383 87
3384 63
3385 87
3386 -1
3387 -1
3388 -1
3389 -1
3390 -1
3391 63
3392 118
3393 118
3394 131
3395 125
3396 -1
3397 125
3398 125
3399 132
3400 -1
3401 73
3402 87
3403 -1
3404 -1
3405 -1
3406 -1
3407 -1
3408 -1
3409 -1
3410 60
3411 -1
3412 172
3413 -1
3414 25
3415 -1
3416 115
3417 110
3418 110
3419 118
3420 110
3421 87
3422 87
3423 87
3424 -1
3425 -1
3426 110
3427 110
3428 103
3429 -1
3430 81
3431 -1
3432 -1
3433 -1
3434 -1
3435 -1
3436 -1
3437 -1
3438 110
3439 110
3440 -1
3441 -1
3442 115
3443 115
3444 115
3445 -1
3446 110
3448 110
3449 140
3450 110
3451 110
3452 110
3453 110
3454 110
3455 110
3456 110
3457 115
3458 115
3459 115
3460 115
3461 115
3462 115
3463 115
3464 115
3465 115
3466 115
3467 115
3468 115
3469 115
3470 115
3471 115
3472 115
3473 115
3474 115
3475 -1
3476 115
3477 35
3478 87
3479 172
3480 -1
3481 158
3482 60
3483 91
3484 -1
3485 68
3486 47
3487 -1
3488 -1
3489 173
3490 38
3491 61
3492 -1
3493 47
3494 132
3495 87
3496 -1
3497 163
3498 131
3499 131
3500 102
3501 -1
3502 -1
3503 72
3504 72
3505 72
3506 -1
3507 -1
3508 -1
3509 146
3510 87
3511 87
3512 109
3513 -1
3514 -1
3515 -1
3516 -1
3517 -1
3518 -1
3519 -1
3520 125
3521 125
3522 125
3523 106
3524 125
3525 32
3526 125
3527 -1
3528 125
3529 125
3530 -1
3531 -1
3532 145
3533 125
3534 47
3535 74
3536 -1
3537 125
3538 125
3539 117
3540 125
3541 125
3542 145
3543 125
3544 -1
3545 33
3546 -1
3547 -1
3548 -1
3549 154
3550 129
3551 87
3552 -1
3553 87
3554 -1
3555 60
3556 36
3557 145
3558 34
3559 -1
3560 87
3561 100
3562 -1
3563 87
3564 87
3565 -1
3566 118
3567 87
3568 29
3569 29
3570 -1
3571 -1
3572 -1
3573 69
3574 87
3575 87
3576 -1
3577 -1
3578 134
3579 60
3580 87
3581 -1
3582 26
3583 26
3584 87
3585 87
3586 87
3587 87
3588 -1
3589 40
3590 40
3591 -1
3592 -1
3593 125
3594 166
3595 -1
3596 -1
3597 87
3598 166
3599 87
3600 87
3601 -1
3602 -1
3603 -1
3604 -1
3605 87
3606 -1
3607 87
3608 107
3609 28
3610 162
3611 165
3612 60
3613 87
3614 -1
3615 64
3616 87
3617 -1
3618 -1
3619 131
3620 25
3621 155
3622 91
3623 -1
3624 87
3625 -1
3626 25
3627 -1
3628 -1
3629 85
3630 150
3631 -1
3632 -1
3633 -1
3634 -1
3635 -1
3636 82
3637 -1
3638 -1
3639 87
3640 87
3641 117
3642 65
3643 168
3644 168
3645 168
3646 -1
3647 -1
3648 29
3649 111
3650 -1
3651 -1
3652 -1
3653 148
3654 140
3655 87
3656 87
3657 -1
3658 -1
3659 -1
3660 113
3661 -1
3662 -1
3663 -1
3664 -1
3665 63
3666 90
3667 64
3668 96
3669 -1
3670 64
3671 73
3672 -1
3673 87
3674 -1
3675 -1
3676 57
3677 87
3678 87
3679 -1
3680 -1
3681 47
3682 47
3683 94
3684 87
3686 87
3687 89
3688 -1
3689 138
3690 136
3691 69
3692 -1
3694 28
3695 60
3696 124
3697 64
3698 -1
3699 49
3700 -1
3701 25
3702 138
3703 -1
3704 33
3705 -1
3706 -1
3707 131
3708 87
3709 173
3710 87
3711 134
3712 26
3713 64
3714 154
3715 154
3716 155
3718 87
3719 39
3720 -1
3721 -1
3722 167
3723 -1
3724 100
3725 81
3726 29
3727 134
3728 87
3729 -1
3730 91
3731 132
3732 -1
3733 -1
3734 -1
3735 -1
3736 -1
3737 91
3738 124
3739 -1
3740 -1
3741 -1
3742 -1
3743 138
3744 146
3745 57
3746 -1
3747 34
3748 -1
3749 146
3750 -1
3751 -1
3752 -1
3753 77
3754 47
3755 162
3756 87
3757 -1
3758 162
3759 -1
3760 31
3761 31
3762 -1
3763 -1
3764 -1
3765 -1
3766 130
3767 -1
3768 31
3769 31
3770 -1
3771 145
3772 35
3773 35
3774 -1
3775 -1
3776 -1
3777 131
3778 131
3779 -1
3780 -1
3781 -1
3782 -1
3783 -1
3784 -1
3785 -1
3786 130
3787 -1
3788 -1
3789 -1
3790 -1
3791 -1
3792 148
3793 110
3794 110
3795 110
3796 110
3797 110
3798 110
3799 110
3800 110
3801 110
3802 110
3803 110
3804 110
3805 110
3806 110
3807 110
3808 -1
3809 27
3810 26
3811 64
3812 173
3813 173
3814 155
3815 135
3816 -1
3817 -1
3818 146
3819 81
3820 -1
3821 93
3822 -1
3823 90
3824 93
3825 139
3826 -1
3827 66
3828 163
3829 163
3830 -1
3831 -1
3832 87
3833 -1
3834 -1
3835 87
3836 33
3837 166
3838 -1
3839 34
3840 34
3841 -1
3842 87
3843 87
3844 87
3845 87
3846 100
3847 -1
3848 132
3849 34
3850 -1
3851 -1
3852 105
3853 140
3854 -1
3855 -1
3856 -1
3857 -1
3858 86
3859 132
3860 129
3861 -1
3862 -1
3863 -1
3864 149
3865 -1
3866 -1
3867 122
3868 -1
3869 -1
3870 -1
3871 86
3872 -1
3873 -1
3874 87
3875 60
3876 -1
3877 109
3878 -1
3879 25
3880 -1
3881 123
3882 -1
3883 86
3884 19
3885 66
3886 146
3887 -1
3888 -1
3889 -1
3890 -1
3891 87
3892 87
3893 -1
3894 -1
3895 -1
3896 -1
3897 -1
3898 -1
3899 86
3900 -1
3901 29
3902 29
3903 29
3904 -1
3905 -1
3906 108
3907 100
3908 -1
3910 173
3911 148
3912 148
3913 139
3914 116
3915 116
3916 116
3917 -1
3918 131
3919 -1
3920 90
3921 108
3922 139
3923 150
3924 150
3925 -1
3926 -1
3927 134
3928 87
3929 47
3930 136
3931 -1
3932 77
3933 88
3934 -1
3935 115
3936 103
3937 115
3938 115
3939 -1
3940 115
3941 -1
3942 102
3943 102
3944 102
3945 90
3946 90
3947 -1
3948 65
3949 -1
3950 -1
3951 132
3952 25
3953 -1
3954 -1
3955 172
3956 87
3957 -1
3958 66
3959 19
3960 155
3961 -1
3962 56
3963 -1
3964 27
3965 -1
3966 140
3967 46
3968 86
3969 86
3970 86
3971 59
3972 59
3973 90
3974 59
3975 59
3976 89
3977 89
3978 89
3979 89
3980 -1
3981 -1
3982 -1
3983 -1
3984 162
3985 -1
3986 18
3987 18
3988 -1
3989 -1
3990 -1
3991 129
3992 129
3993 -1
3994 -1
3995 -1
3996 75
3997 78
3998 -1
3999 75
4000 -1
4001 -1
4002 163
4003 90
4004 90
4005 -1
4006 134
4007 -1
4008 -1
4009 -1
4010 118
4011 118
4012 73
4013 -1
4014 -1
4015 140
4016 135
4017 -1
4018 153
4019 153
4020 -1
4021 93
4022 87
4023 18
4024 18
4025 18
4026 -1
4027 36
4028 35
4029 73
4030 28
4031 28
4032 60
4033 25
4034 140
4035 -1
4036 25
4037 87
4038 -1
4039 40
4040 132
4041 -1
4042 134
4043 134
4044 -1
4045 -1
4046 -1
4047 -1
4048 -1
4049 123
4050 -1
4051 123
4052 -1
4053 123
4054 123
4055 -1
4056 -1
4057 87
4058 87
4059 -1
4060 94
4061 88
4062 118
4063 118
4064 118
4065 -1
4066 140
4068 -1
4069 -1
4070 124
4071 -1
4072 -1
4073 -1
4074 173
4075 60
4076 -1
4077 82
4078 166
4079 166
4080 -1
4082 132
4083 87
4084 87
4085 87
4086 87
4087 87
4088 64
4089 -1
4090 132
4091 60
4092 -1
4093 -1
4094 87
4095 129
4096 129
4097 131
4098 -1
4099 157
4100 -1
4101 -1
4102 66
4103 131
4104 63
4105 138
4106 131
4107 87
4108 108
4109 87
4110 87
4111 87
4112 25
4113 -1
4114 -1
4115 -1
4116 160
4117 -1
4118 138
4119 25
4120 39
4121 -1
4122 -1
4123 34
4124 47
4125 -1
4126 132
4127 -1
4128 -1
4129 -1
4130 88
4131 -1
4132 -1
4133 -1
4134 130
4135 62
4136 146
4137 90
4138 33
4139 -1
4140 -1
4141 -1
4142 168
4143 166
4144 -1
4145 156
4146 157
4147 -1
4148 167
4149 168
4150 167
4151 -1
4152 47
4153 47
4154 146
4155 -1
4156 29
4157 -1
4158 159
4159 -1
4160 -1
4161 -1
4162 -1
4163 -1
4164 -1
4165 -1
4166 -1
4167 17
4168 -1
4169 -1
4171 -1
4172 78
4173 73
4174 73
4175 -1
4176 26
4177 105
4178 89
4179 -1
4180 18
4181 -1
4182 -1
4183 131
4184 131
4185 120
4186 63
4187 -1
4188 -1
4189 -1
4190 -1
4191 125
4192 125
4193 -1
4194 -1
4195 150
4196 63
4197 150
4198 -1
4199 63
4200 66
4201 -1
4202 -1
4203 78
4204 87
4205 87
4206 87
4207 87
4208 87
4209 150
4210 90
4211 94
4212 118
4213 18
4214 -1
4215 -1
4216 87
4217 135
4218 116
4219 -1
4220 173
4221 125
4222 -1
4223 61
4224 40
4225 73
4226 52
4227 35
4228 34
4229 -1
4230 47
4231 128
4232 57
4233 -1
4234 -1
4235 108
4236 25
4237 25
4238 -1
4239 81
4240 113
4241 113
4242 -1
4243 61
4244 -1
4245 -1
4246 -1
4247 61
4248 -1
4249 -1
4250 66
4251 118
4252 -1
4253 125
4255 125
4256 125
4257 125
4258 153
4259 25
4260 78
4261 77
4262 -1
4263 118
4264 118
4265 118
4266 118
4267 -1
4268 -1
4269 129
4270 129
4271 129
4272 129
4273 129
4274 129
4275 129
4276 129
4277 -1
4278 113
4279 113
4280 -1
4281 159
4282 74
4283 -1
4284 -1
4285 -1
4286 -1
4287 162
4288 26
4289 131
4290 31
4291 131
4292 125
4293 -1
4294 -1
4295 90
4296 64
4297 57
4298 -1
4299 57
4300 87
4301 87
4302 87
4303 132
4304 122
4305 122
4306 140
4307 25
4308 158
4309 73
4310 138
4311 118
4312 118
4313 -1
4314 -1
4315 -1
4316 113
4317 157
4318 157
4319 -1
4320 -1
4321 -1
4322 -1
4323 60
4324 -1
4325 82
4326 82
4327 47
4328 47
4329 25
4330 149
4331 -1
4332 78
4333 -1
4334 77
4335 78
4336 -1
4337 66
4338 -1
4339 -1
4340 -1
4341 -1
4342 129
4343 129
4344 129
4345 129
4346 129
4347 137
4348 129
4349 129
4350 129
4351 137
4352 -1
4353 -1
4354 -1
4355 134
4356 136
4357 91
4358 -1
4359 78
4360 138
4361 129
4362 129
4363 78
4364 129
4365 -1
4366 111
4367 118
4368 -1
4369 169
4370 -1
4371 -1
4372 25
4373 63
4374 131
4375 -1
4376 166
4377 164
4378 146
4379 33
4380 -1
4381 -1
4382 125
4383 125
4384 -1
4385 -1
4386 113
4387 -1
4388 37
4389 -1
4390 78
4391 87
4392 -1
4393 129
4394 78
4395 56
4396 108
4397 59
4398 56
4399 89
4400 89
4401 87
4402 -1
4403 87
4404 87
4405 87
4406 87
4407 87
4408 -1
4409 -1
4410 -1
4411 -1
4412 -1
4413 43
4414 43
4415 43
4416 129
4417 129
4418 1
4419 129
4420 129
4421 140
4422 -1
4423 -1
4424 -1
4425 125
4426 125
4427 164
4428 164
4429 61
4430 61
4431 136
4432 25
4433 -1
4434 -1
4435 57
4436 146
4437 -1
4438 -1
4439 73
4440 -1
4441 164
4442 63
4443 169
4444 166
4445 33
4446 56
4447 107
4448 -1
4449 66
4450 -1
4451 -1
4452 115
4453 145
4454 -1
4455 29
4456 -1
4457 -1
4458 21
4459 21
4460 21
4461 -1
4462 21
4463 21
4464 161
4465 -1
4466 -1
4467 -1
4469 -1
4470 -1
4471 148
4472 -1
4473 -1
4474 173
4475 146
4476 -1
4477 -1
4478 -1
4479 -1
4480 -1
4481 25
4482 125
4483 125
4484 25
4485 109
4486 -1
4487 -1
4488 -1
4489 -1
4490 -1
4491 -1
4492 -1
4493 29
4494 -1
4495 -1
4496 -1
4497 -1
4498 -1
4499 -1
4500 -1
4501 -1
4502 169
4503 -1
4504 77
4505 -1
4506 78
4507 150
4508 -1
4509 40
4510 -1
4511 -1
4512 -1
4513 -1
4514 -1
4515 28
4516 162
4517 159
4518 -1
4519 120
4520 156
4522 73
4523 134
4524 -1
4525 -1
4526 -1
4527 -1
4528 52
4529 52
4530 52
4531 26
4532 140
4533 -1
4534 -1
4535 158
4536 -1
4537 129
4538 60
4539 60
4540 60
4542 131
4543 -1
4544 87
4545 87
4546 87
4547 87
4548 87
4549 -1
4550 90
4551 -1
4552 64
4553 87
4554 -1
4555 -1
4556 -1
4557 -1
4558 -1
4559 36
4560 60
4561 -1
4562 77
4563 138
4564 39
4565 91
4566 -1
4567 26
4568 26
4569 109
4570 -1
4571 163
4572 -1
4573 118
4574 118
4575 63
4576 -1
4577 -1
4578 150
4579 -1
4580 60
4581 78
4582 125
4583 25
4584 25
4585 91
4586 120
4587 40
4588 61
4589 164
4590 164
4591 -1
4592 -1
4593 157
4595 -1
4596 73
4597 -1
4598 -1
4599 -1
4600 -1
4601 109
4602 109
4603 109
4604 166
4605 64
4606 131
4607 159
4608 131
4609 131
4610 64
4611 58
4612 87
4613 -1
4614 82
4615 87
4616 87
4617 87
4618 100
4619 87
4620 87
4621 33
4622 -1
4623 -1
4624 28
4625 129
4626 57
4627 -1
4628 -1
4629 58
4630 87
4631 88
4632 64
4633 163
4634 -1
4635 -1
4636 155
4637 -1
4638 -1
4639 25
4640 173
4641 -1
4642 139
4643 60
4644 131
4645 25
4646 -1
4647 32
4648 106
4649 -1
4650 156
4651 145
4652 -1
4653 -1
4654 -1
4655 94
4656 -1
4657 36
4658 87
4659 88
4660 34
4661 -1
4662 172
4663 148
4664 172
4665 172
4666 172
4667 169
4668 140
4669 29
4670 -1
4671 158
4672 -1
4673 -1
4674 -1
4675 -1
4676 165
4677 -1
4678 -1
4679 -1
4680 -1
4681 -1
4682 -1
4683 -1
4684 31
4685 -1
4686 31
4687 -1
4688 -1
4689 78
4690 79
4691 78
4692 78
4693 -1
4694 -1
4695 -1
4696 86
4697 30
4698 66
4699 73
4700 -1
4701 40
4702 150
4703 83
4704 31
4705 -1
4706 -1
4707 -1
4708 -1
4709 -1
4710 -1
4711 130
4712 130
4713 130
4714 130
4715 -1
4716 129
4717 96
4718 -1
4719 -1
4720 -1
4721 69
4722 69
4723 69
4724 69
4725 69
4726 69
4727 69
4728 69
4729 69
4732 -1
4733 129
4734 129
4735 -1
4736 -1
4737 60
4738 -1
4739 87
4740 -1
4741 25
4742 27
4743 56
4744 115
4745 36
4746 39
4747 173
4748 -1
4749 169
4750 91
4751 -1
4752 -1
4753 -1
4754 164
4755 57
4756 90
4757 97
4758 25
4759 -1
4760 -1
4761 -1
4762 132
4763 138
4764 132
4765 113
4766 -1
4767 166
4768 160
4769 131
4770 89
4771 60
4772 129
4773 129
4774 129
4775 153
4776 153
4777 12
4778 162
4779 162
4780 12
4781 -1
4783 129
4784 129
4785 129
4786 129
4787 66
4788 140
4789 28
4790 12
4791 -1
4792 83
4793 -1
4794 -1
4795 -1
4796 -1
4797 -1
4798 120
4799 173
4800 40
4801 59
4802 59
4803 59
4804 -1
4805 107
4806 -1
4807 90
4808 -1
4809 163
4810 163
4811 163
4812 163
4813 151
4814 -1
4815 -1
4816 -1
4817 25
4818 25
4819 136
4820 127
4821 -1
4822 87
4823 87
4824 87
4825 87
4826 87
4827 87
4828 87
4829 135
4830 -1
4831 134
4832 -1
4833 -1
4834 43
4835 -1
4836 158
4837 -1
4838 -1
4839 -1
4840 -1
4841 -1
4842 158
4843 112
4844 112
4845 112
4846 -1
4847 74
4848 -1
4849 -1
4850 172
4851 -1
4852 33
4853 64
4854 66
4855 82
4856 -1
4857 12
4858 173
4859 -1
4860 -1
4861 163
4862 -1
4863 62
4864 62
4865 -1
4866 -1
4867 -1
4868 82
4869 -1
4870 -1
4871 140
4872 68
4873 68
4874 60
4875 60
4876 60
4877 69
4878 5
4879 5
4880 -1
4881 -1
4882 5
4883 -1
4884 5
4885 5
4886 77
4887 -1
4888 87
4889 -1
4890 87
4891 5
4892 -1
4893 -1
4894 12
4895 12
4896 173
4897 -1
4898 -1
4899 -1
4900 88
4901 89
4902 89
4903 89
4904 89
4905 -1
4906 -1
4907 5
4908 -1
4909 -1
4910 -1
4911 -1
4918 5
4920 0
4941 5
4949 34
4953 5
4965 13
4967 18
4975 5
4985 5
4995 12
5001 25
5004 25
5009 1
5014 5
5029 12
5045 12
5057 5
5058 5
5060 5
5065 5
5073 12
5080 12
5081 5
5092 12
5101 1
5107 5
5108 5
5112 5
5130 12
5134 12
5135 12
5139 12
5148 5
5149 12
5153 5
5174 12
5187 12
5190 5
5202 5
5203 5
5210 3
5218 5
5232 5
5253 12
5254 12
5257 12
5258 12
5264 87
5265 12
5273 12
5274 11
5290 5
5291 5
5301 5
5302 5
5308 5
5323 5
5324 5
5325 5
5326 5
5343 2
5402 0
5420 0
5429 6
5431 6
5434 0
5440 6
5449 6
5459 6
5472 6
5479 6
5481 6
5515 0
5520 0
5529 6
5530 0
5531 0
5532 0
5533 0
5534 0
5535 0
5540 0
5545 6
5566 0
5592 2
5618 2
5619 2
5620 2
5639 2
5640 2
5641 2
5642 2
5687 2
5699 2
5700 2
5712 2
5713 2
5737 0
5738 0
5740 0
5743 0
5755 0
5762 0
5764 6
5783 0
5794 6
5823 0
5835 0
5843 0
5855 0
5857 0
5872 0
5874 0
5878 0
5879 0
5880 0
5882 0
5883 0
5884 0
5887 0
5893 0
5902 0
5908 6
5926 6
5930 0
5931 0
5932 0
5933 0
5934 0
5935 0
5940 6
5945 0
5949 0
5950 6
5951 0
5953 0
5955 0
5958 6
5963 0
5984 6
5986 6
5997 0
6004 0
6009 6
6013 6
6014 6
6016 6
6019 6
6021 6
6022 0
6023 0
6027 6
6031 0
6032 3
6033 3
6039 0
6057 0
6059 6
6069 0
6070 0
6082 6
6085 6
6100 3
6102 6
6104 6
6123 6
6127 0
6129 6
6157 0
6162 0
6166 0
6172 0
6174 2
6175 0
6177 11
6186 11
6195 0
6218 2
6219 2
6220 2
6223 0
6250 0
6251 0
6272 0
6293 0
6294 0
6295 0
6306 0
6326 0
6348 0
6354 0
6356 0
6357 0
6390 0
6403 0
6417 0
6449 0
6457 -1
6459 0
6467 162
6468 0
6469 0
6477 138
6489 0
6492 109
6494 109
6495 138
6498 0
6511 173
6514 0
6515 0
6516 0
6517 0
6518 0
6519 0
6520 0
6536 0
6538 69
6539 2
6541 0
6542 0
6550 2
6551 2
6557 0
6560 0
6577 -1
6581 0
6598 0
6630 0
6647 0
6649 0
6657 173
6669 -1
6683 0
6703 29
6723 0
6724 0
6725 0
6729 45
6730 45
6731 25
6732 -1
6733 -1
6734 -1
6735 132
6736 87
6737 -1
6738 -1
6739 -1
6740 -1
6741 -1
6742 -1
6743 -1
6744 35
6745 35
6746 -1
6747 -1
6748 25
6749 25
6750 25
6751 -1
6752 -1
6753 124
6754 124
6755 -1
6756 -1
6757 124
6758 124
6759 125
6760 123
6761 123
6762 123
6763 60
6764 60
6765 60
6766 60
6767 108
6768 108
6769 108
6770 108
6771 -1
6772 108
6773 108
6774 108
6775 108
6776 108
6777 108
6778 108
6779 64
6780 -1
6781 132
6782 104
6783 67
6784 67
6785 67
6786 67
6787 87
6788 87
6789 109
6790 87
6791 87
6792 129
6793 129
6794 120
6795 120
6796 120
6797 120
6798 -1
6799 -1
6800 -1
6801 -1
6802 -1
6803 -1
6804 98
6805 98
6806 98
6807 98
6808 173
6809 173
6810 2
6811 56
6812 163
6813 140
6814 140
6815 2
6816 -1
6817 60
6818 53
6819 53
6820 25
6821 -1
6822 -1
6823 -1
6824 94
6825 0
6826 0
6827 0
6828 162
6829 162
6830 162
6831 73
6832 134
6833 -1
6834 134
6835 134
6836 134
6837 64
6838 87
6839 134
6840 -1
6841 60
6842 146
6843 94
6844 94
6845 -1
6846 87
6847 79
6848 79
6849 79
6850 79
6851 79
6852 96
6853 141
6854 141
6855 160
6856 160
6857 43
6858 -1
6859 64
6860 113
6861 138
6862 138
6863 25
6864 119
6865 119
6866 125
6867 123
6868 26
6869 -1
6870 2
6871 26
6872 26
6873 144
6874 58
6875 144
6876 144
6877 163
6878 134
6879 -1
6880 134
6881 132
6882 82
6883 -1
6884 165
6885 160
6886 -1
6887 117
6888 -1
6889 125
6890 -1
6891 0
6892 163
6893 -1
6894 173
6895 77
6896 -1
6897 100
6898 87
6899 -1
6900 120
6901 120
6902 -1
6903 25
6904 -1
6905 -1
6906 -1
6907 0
6908 58
6909 58
6910 58
6911 25
6912 -1
6913 -1
6914 -1
6915 154
6916 33
6917 154
6918 154
6919 154
6920 154
6921 109
6922 33
6923 33
6924 -1
6925 0
6926 -1
6927 -1
6928 73
6929 37
6930 37
6931 168
6932 37
6933 37
6934 37
6935 37
6936 37
6937 37
6938 -1
6939 37
6940 37
6941 37
6942 37
6943 37
6944 37
6945 37
6946 2
6947 2
6948 37
6949 37
6950 37
6951 37
6952 168
6953 37
6954 37
6955 37
6956 37
6957 37
6958 25
6959 74
6960 -1
6961 87
6962 87
6963 87
6964 87
6965 77
6966 56
6967 -1
6968 149
6969 -1
6970 -1
6971 60
6972 -1
6973 90
6974 90
6975 -1
6976 59
6977 -1
6978 -1
6979 -1
6980 -1
6981 -1
6982 -1
6983 -1
6984 -1
6985 -1
6986 -1
6987 -1
6988 -1
6989 -1
6990 -1
6991 106
6992 125
6993 43
6994 125
6995 -1
6996 -1
6997 94
6998 0
6999 163
7000 -1
7001 25
7002 -1
7003 25
7004 64
7005 64
7006 0
7007 64
7008 66
7009 129
7010 132
7011 132
7012 132
7013 132
7014 132
7015 -1
7016 109
7017 -1
7018 -1
7019 59
7020 69
7021 69
7022 69
7023 25
7024 25
7025 -1
7026 125
7027 125
7028 -1
7029 124
7030 124
7031 87
7032 -1
7033 113
7034 113
7035 113
7036 107
7037 107
7038 25
7039 140
7040 113
7041 113
7042 44
7043 44
7044 44
7045 157
7046 113
7047 113
7048 168
7049 -1
7050 -1
7051 66
7052 156
7053 -1
7054 131
7055 100
7056 100
7057 100
7058 25
7059 25
7060 25
7061 -1
7062 66
7063 66
7064 -1
7065 34
7066 34
7067 113
7068 113
7069 113
7070 57
7071 57
7072 -1
7073 -1
7074 -1
7075 -1
7076 107
7077 107
7078 107
7079 107
7080 107
7081 -1
7082 132
7083 -1
7084 140
7085 123
7086 25
7087 25
7088 -1
7089 -1
7090 -1
7091 -1
7092 -1
7093 -1
7094 -1
7095 0
7096 88
7097 88
7098 88
7099 88
7100 88
7101 136
7102 136
7103 87
7104 87
7105 -1
7106 -1
7107 -1
7108 -1
7109 -1
7110 -1
7111 60
7112 60
7113 58
7114 -1
7115 -1
7116 0
7117 -1
7118 -1
7119 135
7120 135
7121 -1
7122 145
7123 145
7124 -1
7125 109
7126 -1
7127 -1
7128 -1
7129 123
7130 123
7131 123
7132 120
7133 120
7134 108
7135 108
7136 108
7137 108
7138 44
7139 113
7140 130
7141 130
7142 -1
7143 -1
7144 -1
7145 -1
7146 -1
7147 -1
7148 47
7149 47
7150 151
7151 151
7152 -1
7153 -1
7154 108
7155 108
7156 -1
7157 87
7158 87
7159 -1
7160 -1
7161 -1
7162 -1
7163 -1
7164 129
7165 129
7166 -1
7167 -1
7168 172
7169 172
7170 25
7171 25
7172 105
7173 105
7174 132
7175 132
7176 -1
7177 91
7178 -1
7179 25
7180 -1
7181 87
7182 -1
7183 124
7184 -1
7185 -1
7186 -1
7187 30
7188 30
7189 30
7190 30
7191 30
7192 163
7193 163
7194 163
7195 -1
7196 77
7197 88
7198 -1
7199 129
7200 173
7201 87
7202 38
7203 38
7204 36
7205 -1
7206 114
7207 68
7208 108
7209 108
7210 -1
7211 87
7212 87
7213 87
7214 -1
7215 -1
7216 44
7217 44
7218 44
7219 44
7220 44
7221 44
7222 44
7223 44
7224 44
7225 -1
7226 -1
7227 38
7228 38
7229 38
7230 38
7231 38
7232 0
7233 0
7234 -1
7235 -1
7236 77
7237 38
7238 38
7239 38
7240 38
7241 51
7242 51
7243 51
7244 51
7245 -1
7246 -1
7247 -1
7248 51
7249 51
7250 -1
7251 38
7252 51
7253 -1
7254 -1
7255 -1
7256 57
7257 132
7258 132
7259 0
7260 0
7261 119
7262 -1
7263 0
7264 0
7265 0
7266 2
7267 173
7268 125
7269 2
7270 125
7271 125
7272 28
7273 28
7274 28
7275 58
7276 58
7277 58
7278 58
7279 58
7280 -1
7281 -1
7282 -1
7283 -1
7284 -1
7285 -1
7286 -1
7287 -1
7288 -1
7289 -1
7290 153
7291 153
7292 118
7293 118
7294 87
7295 87
7296 -1
7297 96
7298 96
7299 109
7300 -1
7301 44
7302 -1
7303 2
7304 -1
7305 38
7306 60
7307 60
7308 38
7309 59
7310 59
7311 -1
7312 -1
7313 100
7314 100
7315 100
7316 100
7317 100
7318 100
7319 100
7320 -1
7321 38
7322 38
7323 38
7324 38
7325 38
7326 38
7327 38
7328 38
7329 38
7330 0
7331 38
7332 38
7333 38
7334 38
7335 38
7336 38
7337 38
7338 38
7339 2
7340 38
7341 38
7342 38
7343 38
7344 38
7345 38
7346 38
7347 38
7348 38
7349 38
7350 38
7351 2
7352 2
7353 38
7354 38
7355 38
7356 38
7357 38
7358 -1
7359 -1
7360 -1
7361 -1
7362 -1
7363 -1
7364 113
7365 113
7366 113
7367 113
7368 105
7369 105
7370 60
7371 60
7372 123
7373 -1
7374 -1
7375 47
7376 47
7377 0
7378 47
7379 -1
7380 2
7381 -1
7382 -1
7383 -1
7384 47
7385 2
7386 91
7387 91
7388 89
7389 89
7390 0
7391 0
7392 0
7393 0
7394 -1
7395 2
7396 0
7397 0
7398 0
7399 0
7400 130
7401 130
7402 -1
7403 -1
7404 -1
7405 -1
7406 -1
7407 29
7408 73
7409 -1
7410 73
7411 11
7412 11
7413 11
7414 137
7415 137
7416 -1
7417 103
7418 137
7419 137
7420 -1
7421 -1
7422 -1
7423 114
7424 -1
7425 115
7426 63
7427 63
7428 25
7429 25
7430 173
7431 173
7432 173
7433 173
7434 173
7435 173
7436 -1
7437 -1
7438 168
7439 168
7440 -1
7441 -1
7442 137
7443 137
7444 -1
7445 137
7446 -1
7447 -1
7448 -1
7449 -1
7450 -1
7451 -1
7452 -1
7453 -1
7454 108
7455 -1
7456 -1
7457 132
7458 26
7459 26
7460 26
7461 26
7462 26
7463 -1
7464 -1
7465 -1
7466 -1
7467 25
7468 25
7469 61
7470 -1
7471 -1
7472 -1
7473 -1
7474 137
7475 137
7476 129
7477 -1
7478 157
7479 94
7480 108
7481 25
7482 151
7483 151
7484 151
7485 151
7486 151
7487 151
7488 118
7489 118
7490 -1
7491 -1
7492 -1
7493 87
7494 87
7495 87
7496 -1
7497 -1
7498 -1
7499 -1
7500 163
7501 0
7502 -1
7503 25
7504 154
7505 154
7506 -1
7507 -1
7508 125
7509 125
7510 66
7511 66
7512 -1
7513 -1
7514 25
7515 146
7516 146
7517 123
7518 123
7519 123
7520 123
7521 138
7522 138
7523 125
7524 -1
7525 123
7526 123
7527 123
7528 29
7529 29
7530 26
7531 -1
7532 -1
7533 -1
7534 -1
7535 100
7536 100
7537 -1
7538 -1
7539 2
7540 161
7541 161
7542 131
7543 2
7544 -1
7545 -1
7546 -1
7547 2
7548 87
7549 -1
7550 -1
7551 89
7552 73
7553 73
7554 73
7555 73
7556 -1
7557 131
7558 131
7559 108
7560 108
7561 108
7562 156
7563 -1
7564 -1
7565 -1
7566 -1
7567 -1
7568 156
7569 156
7570 156
7571 156
7572 156
7573 -1
7574 -1
7575 11
7576 -1
7577 146
7578 95
7579 -1
7580 -1
7581 0
7582 0
7583 123
7584 123
7585 -1
7586 77
7587 -1
7588 -1
7589 -1
7590 2
7591 160
7592 160
7593 47
7594 173
7595 64
7596 -1
7597 64
7598 116
7599 18
7600 -1
7601 -1
7602 -1
7603 113
7604 -1
7605 135
7606 -1
7607 113
7608 113
7609 43
7610 113
7611 -1
7612 134
7613 134
7614 131
7615 25
7616 134
7617 51
7618 -1
7619 -1
7620 -1
7621 -1
7622 -1
7623 87
7624 87
7625 -1
7626 132
7627 -1
7628 125
7629 120
7630 -1
7631 -1
7632 -1
7633 -1
7634 -1
7635 -1
7636 -1
7637 -1
7638 105
7639 105
7640 105
7641 105
7642 -1
7643 139
7644 139
7645 -1
7646 -1
7647 119
7648 0
7649 123
7650 168
7651 -1
7652 146
7653 123
7654 123
7655 -1
7656 0
7657 123
7658 -1
7659 -1
7660 158
7661 158
7662 103
7663 103
7664 -1
7665 -1
7666 -1
7667 8
7668 -1
7669 66
7670 -1
7671 -1
7672 158
7673 37
7674 37
7675 125
7676 131
7677 125
7678 125
7679 125
7680 125
7681 125
7682 125
7683 103
7684 -1
7685 -1
7686 -1
7687 -1
7688 -1
7689 0
7690 161
7691 -1
7692 166
7693 -1
7694 -1
7695 -1
7696 -1
7697 -1
7698 149
7699 -1
7700 -1
7701 -1
7702 -1
7703 135
7704 137
7705 25
7706 25
7707 29
7708 -1
7709 -1
7710 -1
7711 -1
7712 -1
7713 -1
7714 69
7715 -1
7716 -1
7717 168
7718 168
7719 -1
7720 -1
7721 -1
7722 7
7723 7
7724 168
7725 168
7726 -1
7727 -1
7728 -1
7729 77
7730 -1
7731 87
7732 78
7733 78
7734 -1
7735 -1
7736 -1
7737 -1
7738 -1
7739 -1
7740 -1
7741 131
7742 -1
7743 -1
7744 0
7745 65
7746 -1
7747 87
7748 -1
7749 123
7750 65
7751 65
7752 65
7753 65
7754 65
7755 123
7756 -1
7757 -1
7758 -1
7759 27
7760 144
7761 -1
7762 -1
7763 -1
7764 159
7765 -1
7766 0
7767 0
7768 -1
7769 162
7770 -1
7771 -1
7772 162
7773 -1
7774 -1
7775 -1
7776 -1
7777 125
7778 125
7779 -1
7780 -1
7781 -1
7782 50
7783 -1
7784 105
7785 95
7786 95
7787 -1
7788 -1
7789 -1
7790 -1
7791 -1
7792 -1
7793 -1
7794 95
7795 95
7796 95
7797 0
7798 0
7799 0
7800 0
7801 0
7802 95
7803 0
7804 0
7805 95
7806 -1
7807 -1
7808 -1
7809 168
7810 0
7811 168
7812 -1
7813 0
7814 -1
7815 80
7816 80
7817 0
7818 80
7819 80
7820 0
7821 80
7822 80
7823 -1
7824 -1
7825 157
7826 29
7827 25
7828 164
7829 164
7830 164
7831 -1
7832 -1
7833 0
7834 0
7835 -1
7836 -1
7837 -1
7838 -1
7839 164
7840 164
7841 74
7842 -1
7843 -1
7844 0
7845 -1
7846 -1
7847 -1
7848 -1
7849 113
7850 113
7851 113
7852 113
7853 153
7854 -1
7855 -1
7856 -1
7857 0
7858 126
7859 0
7860 126
7861 -1
7862 131
7863 -1
7864 123
7865 168
7866 -1
7867 122
7868 123
7869 -1
7870 33
7871 95
7872 95
7873 95
7874 95
7875 -1
7876 140
7877 139
7878 -1
7879 25
7880 -1
7881 -1
7882 -1
7883 96
7884 -1
7885 -1
7886 -1
7887 52
7888 52
7889 102
7890 102
7891 102
7892 102
7893 109
7894 -1
7895 148
7896 25
7897 100
7898 132
7899 -1
7900 2
7901 2
7902 173
7903 59
7904 173
7905 -1
7906 59
7907 173
7908 173
7909 173
7910 36
7911 -1
7912 -1
7913 -1
7914 0
7915 -1
7916 78
7917 78
7918 -1
7919 -1
7920 87
7921 0
7922 87
7923 87
7924 87
7925 87
7926 -1
7927 132
7928 -1
7929 138
7930 -1
7931 -1
7932 -1
7933 -1
7934 -1
7935 -1
7936 -1
7937 -1
7938 -1
7939 -1
7940 -1
7941 -1
7942 47
7943 78
7944 25
7945 26
7946 0
7947 108
7948 87
7949 59
7950 59
7951 -1
7952 163
7953 77
7954 77
7955 75
7956 75
7957 75
7958 -1
7959 -1
7960 -1
7961 -1
7962 -1
7963 -1
7964 -1
7965 125
7966 -1
7967 75
7968 34
7969 75
7970 -1
7971 56
7972 -1
7973 -1
7974 -1
7975 94
7976 -1
7977 -1
7978 -1
7979 -1
7980 -1
7981 66
7982 -1
7983 172
7984 136
7985 136
7986 0
7987 136
7988 -1
7989 88
7990 0
7991 100
7992 100
7993 100
7994 100
7995 100
7996 100
7997 -1
7998 132
7999 -1
8000 -1
8001 -1
8002 -1
8003 -1
8004 -1
8005 47
8006 -1
8007 87
8008 87
8009 87
8010 156
8011 -1
8012 -1
8013 -1
8014 -1
8015 -1
8016 -1
8017 -1
8018 3
8019 3
8020 3
8021 -1
8022 3
8023 3
8024 0
8025 -1
8026 3
8027 3
8028 -1
8029 -1
8030 -1
8031 -1
8032 145
8033 146
8034 109
8035 -1
8036 -1
8037 -1
8038 -1
8039 2
8040 2
8041 -1
8042 -1
8043 -1
8044 -1
8045 -1
8046 141
8047 0
8048 0
8049 101
8050 102
8051 173
8052 -1
8053 59
8054 -1
8055 11
8056 11
8057 11
8058 -1
8059 -1
8060 -1
8061 -1
8062 -1
8063 0
8064 11
8065 95
8066 95
8067 -1
8068 -1
8069 25
8070 173
8071 -1
8072 60
8073 146
8074 146
8075 -1
8076 -1
8077 -1
8078 95
8079 -1
8080 11
8081 131
8082 69
8083 69
8084 69
8085 -1
8086 158
8087 87
8088 87
8089 -1
8090 87
8091 87
8092 74
8093 -1
8094 -1
8095 -1
8096 -1
8097 105
8098 60
8099 87
8100 73
8101 77
8102 100
8103 95
8104 95
8105 150
8106 2
8107 158
8108 87
8109 0
8110 -1
8111 -1
8112 -1
8113 66
8114 125
8115 -1
8116 94
8117 93
8118 -1
8119 11
8120 0
8121 -1
8122 -1
8123 161
8124 88
8125 88
8126 -1
8127 97
8128 135
8129 157
8130 87
8131 -1
8132 25
8133 157
8134 157
8135 -1
8136 -1
8137 157
8138 88
8139 -1
8140 2
8141 2
8142 168
8143 2
8144 2
8145 87
8146 -1
8147 -1
8148 130
8149 105
8150 19
8151 -1
8152 119
8153 119
8154 -1
8155 136
8156 -1
8157 -1
8158 2
8159 47
8160 29
8161 64
8162 89
8163 -1
8164 0
8165 -1
8166 -1
8167 -1
8168 0
8169 -1
8170 30
8171 105
8172 165
8173 131
8174 -1
8175 125
8176 -1
8177 108
8178 28
8179 -1
8180 -1
8181 -1
8182 -1
8183 -1
8184 73
8185 -1
8186 -1
8187 160
8188 160
8189 95
8190 25
8191 136
8192 -1
8193 161
8194 38
8195 95
8196 153
8197 -1
8198 145
8199 60
8200 -1
8201 25
8202 -1
8203 162
8204 83
8205 -1
8206 -1
8207 -1
8208 -1
8209 113
8210 -1
8211 152
8212 35
8213 173
8214 60
8215 79
8216 123
8217 -1
8218 -1
8219 -1
8220 -1
8221 -1
8222 -1
8223 128
8224 134
8225 58
8226 -1
8227 -1
8228 79
8229 -1
8230 74
8231 96
8232 132
8233 -1
8234 -1
8235 -1
8236 25
8237 96
8238 -1
8239 0
8240 -1
8241 -1
8242 25
8243 -1
8244 25
8245 60
8246 59
8247 -1
8248 26
8249 87
8250 77
8251 77
8252 -1
8253 131
8254 -1
8255 -1
8256 -1
8257 -1
8258 0
8259 0
8260 74
8261 16
8262 16
8263 16
8264 16
8265 16
8266 16
8267 16
8268 16
8269 16
8270 16
8271 16
8272 16
8273 16
8274 16
8275 16
8276 16
8277 16
8278 16
8279 16
8280 16
8281 16
8282 16
8283 16
8284 16
8285 16
8286 16
8287 16
8288 16
8289 2
8290 16
8291 16
8292 16
8293 16
8294 16
8295 16
8296 16
8297 16
8298 16
8299 16
8300 16
8301 16
8302 16
8303 16
8304 0
8305 0
8306 16
8307 16
8308 0
8309 0
8310 0
8311 0
8312 0
8313 0
8314 0
8315 0
8316 0
8317 0
8318 0
8319 16
8320 16
8321 16
8322 16
8323 16
8324 16
8325 16
8326 16
8327 16
8328 16
8329 16
8330 151
8331 60
8332 157
8333 135
8334 140
8335 16
8336 87
8337 -1
8338 -1
8339 34
8340 34
8341 97
8342 -1
8343 100
8344 163
8345 167
8346 113
8347 157
8348 25
8349 74
8350 113
8351 131
8352 172
8353 113
8354 113
8355 136
8356 -1
8357 -1
8358 115
8359 73
8360 154
8361 -1
8362 27
8363 -1
8364 139
8365 160
8366 -1
8367 59
8368 -1
8369 -1
8370 87
8371 87
8372 87
8373 0
8374 0
8375 0
8376 0
8377 0
8378 0
8379 0
8380 -1
8381 -1
8382 -1
8383 39
8384 156
8385 132
8386 129
8387 129
8388 44
8389 -1
8390 0
8391 0
8392 0
8393 -1
8394 -1
8395 0
8396 0
8397 0
8398 -1
8399 25
8400 -1
8401 112
8402 151
8403 112
8404 0
8405 -1
8406 132
8407 -1
8408 124
8409 161
8410 105
8411 105
8412 73
8413 -1
8414 36
8415 79
8416 79
8417 59
8418 59
8419 108
8420 30
8421 -1
8422 0
8423 -1
8424 -1
8425 168
8426 0
8427 129
8428 0
8429 -1
8430 82
8431 -1
8432 100
8433 129
8434 33
8435 90
8436 53
8437 53
8438 53
8439 -1
8440 52
8441 72
8442 -1
8443 -1
8444 -1
8445 140
8446 140
8447 -1
8448 -1
8449 -1
8450 -1
8451 15
8452 15
8453 0
8454 18
8455 -1
8456 113
8457 113
8458 113
8459 167
8460 2
8461 -1
8462 -1
8463 158
8464 87
8465 154
8466 154
8467 -1
8468 -1
8469 -1
8470 -1
8471 -1
8472 -1
8473 -1
8474 77
8475 74
8476 164
8477 -1
8478 18
8479 -1
8480 2
8481 -1
8482 -1
8483 25
8484 96
8485 -1
8486 2
8487 135
8488 135
8489 148
8490 160
8491 35
8492 125
8493 129
8494 163
8495 -1
8496 -1
8497 -1
8498 87
8499 134
8500 -1
8501 -1
8502 125
8503 133
8504 15
8505 15
8506 15
8507 15
8508 15
8509 15
8510 15
8511 -1
8512 15
8513 15
8514 15
8515 15
8516 15
8517 15
8518 15
8519 15
8520 15
8521 15
8522 15
8523 15
8524 15
8525 15
8526 15
8527 15
8528 15
8529 -1
8530 15
8531 15
8532 15
8533 14
8534 14
8535 15
8536 15
8537 15
8538 15
8539 15
8540 15
8541 15
8542 15
8543 15
8544 15
8545 15
8546 15
8547 15
8548 -1
8549 15
8550 15
8551 15
8552 15
8553 15
8554 15
8555 15
8556 15
8557 15
8558 15
8559 15
8560 15
8561 138
8562 138
8563 15
8564 15
8565 15
8566 15
8567 15
8568 15
8569 15
8570 15
8571 15
8572 15
8573 15
8574 15
8575 15
8576 15
8577 15
8578 15
8579 15
8580 15
8581 15
8582 15
8583 15
8584 15
8585 15
8586 15
8587 15
8588 15
8589 15
8590 15
8591 15
8592 15
8593 -1
8594 -1
8595 15
8596 -1
8597 15
8598 15
8599 15
8600 15
8601 15
8602 15
8603 15
8604 15
8605 15
8606 15
8607 15
8608 15
8609 15
8610 17
8611 17
8612 17
8613 17
8614 17
8615 17
8616 17
8617 17
8618 17
8619 17
8620 17
8621 17
8622 18
8623 0
8624 0
8625 0
8626 59
8627 59
8628 0
8629 0
8630 0
8631 87
8632 -1
8633 158
8634 19
8635 -1
8636 29
8637 -1
8638 101
8639 19
8640 19
8641 19
8642 -1
8643 -1
8644 64
8645 163
8646 25
8647 -1
8648 -1
8649 -1
8650 -1
8651 132
8652 -1
8653 132
8654 132
8655 87
8656 135
8657 75
8658 75
8659 -1
8660 -1
8661 33
8662 0
8663 109
8664 0
8665 134
8666 -1
8667 -1
8668 125
8669 69
8670 -1
8671 64
8672 72
8673 125
8674 125
8675 -1
8676 134
8677 74
8678 -1
8679 40
8680 -1
8681 161
8682 108
8683 -1
8684 -1
8685 -1
8686 -1
8687 44
8688 44
8689 -1
8690 -1
8691 87
8692 87
8693 -1
8694 -1
8695 -1
8696 -1
8697 173
8698 136
8699 75
8700 -1
8701 161
8702 161
8703 161
8704 33
8705 -1
8706 -1
8707 -1
8708 -1
8709 -1
8710 -1
8711 167
8712 -1
8713 -1
8714 158
8715 94
8716 94
8717 -1
8718 -1
8719 34
8720 -1
8721 167
8722 -1
8723 -1
8724 57
8725 109
8726 151
8727 -1
8728 140
8729 25
8730 -1
8731 -1
8732 -1
8733 -1
8734 89
8735 -1
8736 19
8737 -1
8738 -1
8739 -1
8740 -1
8741 19
8742 -1
8743 75
8744 145
8745 25
8746 124
8747 132
8748 -1
8749 25
8750 29
8751 19
8752 148
8753 -1
8754 100
8755 60
8756 -1
8757 113
8758 129
8759 129
8760 129
8761 18
8762 73
8763 73
8764 55
8765 55
8766 18
8767 18
8768 18
8769 18
8770 18
8771 -1
8772 -1
8773 -1
8774 64
8775 -1
8776 -1
8777 19
8778 19
8779 55
8780 0
8781 55
8782 55
8783 87
8784 -1
8785 55
8786 55
8787 55
8788 55
8789 0
8790 0
8791 0
8792 25
8793 96
8794 -1
8795 -1
8796 102
8797 165
8798 28
8799 105
8800 25
8801 -1
8802 173
8803 -1
8804 -1
8805 -1
8806 2
8807 131
8808 167
8809 87
8810 87
8811 87
8812 -1
8813 103
8814 108
8815 161
8816 -1
8817 158
8818 158
8819 164
8820 113
8821 0
8822 0
8823 132
8824 -1
8825 0
8826 132
8827 66
8828 -1
8829 -1
8830 -1
8831 164
8832 125
8833 2
8834 -1
8835 -1
8836 96
8837 -1
8838 -1
8839 -1
8840 82
8841 -1
8842 0
8843 -1
8844 0
8845 -1
8846 131
8847 131
8848 62
8849 25
8850 96
8851 0
8852 168
8853 135
8854 26
8855 134
8856 -1
8857 -1
8858 0
8859 -1
8860 0
8861 -1
8862 -1
8863 157
8864 -1
8865 163
8866 25
8867 -1
8868 -1
8869 39
8870 -1
8871 0
8872 163
8873 33
8874 66
8875 128
8876 128
8877 128
8878 -1
8879 164
8880 125
8881 25
8882 173
8883 57
8884 25
8885 128
8886 128
8887 128
8888 128
8889 128
8890 128
8891 128
8892 128
8893 128
8894 128
8895 131
8896 103
8897 128
8898 131
8899 21
8900 163
8901 57
8902 151
8903 125
8904 125
8905 120
8906 120
8907 120
8908 -1
8909 168
8910 -1
8911 -1
8912 56
8913 140
8914 -1
8915 -1
8916 108
8917 55
8918 55
8919 34
8920 55
8921 -1
8922 -1
8923 -1
8924 55
8925 -1
8926 129
8927 88
8928 145
8929 87
8930 87
8931 87
8932 87
8933 87
8934 87
8935 102
8936 55
8937 -1
8938 55
8939 18
8940 18
8941 18
8942 18
8943 18
8944 18
8945 18
8946 18
8947 18
8948 18
8949 18
8950 18
8951 18
8952 18
8953 18
8954 18
8955 18
8956 18
8957 18
8958 18
8959 18
8960 18
8961 18
8962 18
8963 18
8964 18
8965 18
8966 18
8967 18
8968 18
8969 18
8970 18
8971 18
8972 18
8973 18
8974 18
8975 18
8976 18
8977 18
8978 18
8979 18
8980 18
8981 0
8982 0
8983 18
8984 0
8985 0
8986 18
8987 18
8988 18
8989 18
8990 18
8991 0
8992 18
8993 18
8994 18
8995 18
8996 18
8997 18
8998 18
8999 18
9000 18
9001 18
9002 18
9003 0
9004 18
9005 18
9006 18
9007 103
9008 18
9009 18
9010 18
9011 18
9012 18
9013 18
9014 18
9015 18
9016 18
9017 18
9018 18
9019 18
9020 18
9021 18
9022 18
9023 18
9024 18
9025 18
9026 18
9027 18
9028 18
9029 0
9030 18
9031 18
9032 18
9033 18
9034 18
9035 0
9036 18
9037 18
9038 18
9039 18
9040 18
9041 18
9042 18
9043 18
9044 18
9045 18
9046 0
9047 18
9048 18
9049 18
9050 18
9051 18
9052 18
9053 18
9054 18
9055 18
9056 18
9057 18
9058 18
9059 18
9060 18
9061 18
9062 18
9063 18
9064 18
9065 18
9066 18
9067 18
9068 18
9069 18
9070 0
9071 18
9072 18
9073 18
9074 18
9075 18
9076 18
9077 18
9078 18
9079 18
9080 18
9081 0
9082 18
9083 2
9084 18
9085 18
9086 18
9087 18
9088 18
9089 18
9090 18
9091 18
9092 18
9093 18
9094 18
9095 103
9096 18
9097 18
9098 18
9099 18
9100 18
9101 18
9102 18
9103 18
9104 18
9105 18
9106 18
9107 18
9108 18
9109 18
9110 18
9111 18
9112 18
9113 18
9114 18
9115 18
9116 18
9117 18
9118 18
9119 18
9120 18
9121 18
9122 18
9123 18
9124 18
9125 18
9126 18
9127 18
9128 18
9129 18
9130 18
9131 18
9132 18
9133 18
9134 18
9135 18
9136 18
9137 18
9138 18
9139 18
9140 18
9141 18
9142 18
9143 18
9144 18
9145 18
9146 18
9147 18
9148 18
9149 18
9150 18
9151 18
9152 18
9153 18
9154 18
9155 18
9156 18
9157 18
9158 18
9159 18
9160 18
9161 18
9162 18
9163 18
9164 18
9165 18
9166 18
9167 18
9168 18
9169 18
9170 18
9171 18
9172 18
9173 18
9174 18
9175 18
9176 18
9177 18
9178 18
9179 18
9180 18
9181 18
9182 18
9183 18
9184 18
9185 18
9186 18
9187 18
9188 18
9189 18
9190 18
9191 18
9192 18
9193 18
9194 18
9195 18
9196 18
9197 18
9198 18
9199 18
9200 18
9201 18
9202 18
9203 2
9204 2
9205 2
9206 2
9207 2
9208 18
9209 18
9210 18
9211 18
9212 18
9213 18
9214 18
9215 18
9216 18
9217 18
9218 18
9219 18
9220 18
9221 18
9222 18
9223 18
9224 29
9225 -1
9226 18
9227 18
9228 18
9229 18
9230 18
9231 18
9232 19
9233 19
9234 130
9235 130
9236 18
9237 18
9238 18
9239 18
9240 18
9241 18
9242 18
9243 18
9244 18
9245 18
9246 18
9247 18
9248 18
9249 18
9250 18
9251 18
9252 18
9253 18
9254 18
9255 18
9256 18
9257 18
9258 18
9259 18
9260 18
9261 18
9262 18
9263 18
9264 18
9265 18
9266 18
9267 18
9268 18
9269 18
9270 18
9271 18
9272 18
9273 18
9274 18
9275 18
9276 18
9277 18
9278 18
9279 18
9280 18
9281 18
9282 18
9283 18
9284 18
9285 18
9286 18
9287 18
9288 18
9289 18
9290 18
9291 18
9292 18
9293 18
9294 18
9295 18
9296 18
9297 18
9298 18
9299 18
9300 18
9301 18
9302 18
9303 18
9304 18
9305 18
9306 18
9307 18
9308 18
9309 18
9310 18
9311 18
9312 18
9313 18
9314 18
9315 18
9316 18
9317 18
9318 18
9319 18
9320 18
9321 94
9322 18
9323 18
9324 18
9325 18
9326 18
9327 18
9328 77
9329 18
9330 18
9331 18
9332 18
9333 18
9334 18
9335 18
9336 18
9337 18
9338 18
9339 18
9340 18
9341 18
9342 18
9343 18
9344 18
9345 18
9346 18
9347 18
9348 18
9349 18
9350 18
9351 18
9352 18
9353 18
9354 18
9355 18
9356 18
9357 18
9358 18
9359 18
9360 18
9361 18
9362 18
9363 18
9364 18
9365 18
9366 18
9367 18
9368 18
9369 18
9370 56
9371 18
9372 17
9373 18
9374 18
9375 18
9376 18
9377 -1
9378 18
9379 18
9380 18
9381 18
9382 18
9383 18
9384 18
9385 18
9386 18
9387 18
9388 18
9389 18
9390 18
9391 18
9392 18
9393 157
9394 14
9395 14
9396 14
9397 2
9398 2
9399 14
9400 14
9401 14
9402 14
9403 14
9404 14
9405 14
9406 14
9407 14
9408 14
9409 14
9410 14
9411 14
9412 14
9413 14
9414 14
9415 14
9416 14
9417 14
9418 14
9419 14
9420 103
9421 103
9422 14
9423 14
9424 14
9425 14
9426 14
9427 18
9428 157
9429 156
9430 0
9431 0
9432 136
9433 -1
9434 -1
9435 7
9436 -1
9437 2
9438 -1
9439 73
9440 -1
9441 73
9442 -1
9443 -1
9444 -1
9445 57
9446 79
9447 118
9448 101
9449 125
9450 -1
9451 -1
9452 -1
9453 2
9454 55
9455 125
9456 82
9457 114
9458 164
9459 163
9460 -1
9461 -1
9462 -1
9463 2
9464 89
9465 -1
9466 89
9467 108
9468 26
9469 131
9470 15
9471 60
9472 113
9473 0
9474 -1
9475 2
9476 2
9477 93
9478 -1
9479 99
9480 -1
9481 -1
9482 -1
9483 77
9484 122
9485 122
9486 59
9487 163
9488 -1
9489 157
9490 151
9491 39
9492 140
9493 -1
9494 125
9495 -1
9496 -1
9497 158
9498 -1
9499 -1
9500 131
9501 131
9502 -1
9503 -1
9504 -1
9505 -1
9506 123
9507 -1
9508 -1
9509 126
9510 -1
9511 -1
9512 -1
9513 96
9514 140
9515 129
9516 -1
9517 -1
9518 -1
9519 -1
9520 -1
9521 -1
9522 -1
9523 79
9524 146
9525 33
9526 -1
9527 173
9528 19
9529 -1
9530 2
9531 94
9532 -1
9533 30
9534 -1
9535 96
9536 0
9537 -1
9538 -1
9539 -1
9540 -1
9541 87
9542 156
9543 -1
9544 -1
9545 -1
9546 -1
9547 0
9548 122
9549 87
9550 87
9551 -1
9552 -1
9553 173
9554 -1
9555 25
9556 77
9557 61
9558 -1
9559 140
9560 26
9561 -1
9562 140
9563 139
9564 139
9565 140
9566 -1
9567 105
9568 25
9569 -1
9570 168
9571 -1
9572 -1
9573 -1
9574 0
9575 -1
9576 -1
9577 134
9578 -1
9579 -1
9580 35
9581 131
9582 136
9583 82
9584 -1
9585 -1
9586 -1
9587 -1
9588 162
9589 -1
9590 2
9591 -1
9592 101
9593 -1
9594 0
9595 -1
9596 145
9597 88
9598 47
9599 55
9600 55
9601 -1
9602 132
9603 100
9604 100
9605 -1
9606 59
9607 59
9608 136
9609 32
9610 32
9611 32
9612 32
9613 2
9614 32
9615 32
9616 32
9617 2
9618 2
9619 2
9620 2
9621 32
9622 32
9623 32
9624 32
9625 32
9626 131
9627 26
9628 51
9629 26
9630 15
9631 26
9632 26
9633 26
9634 26
9635 26
9636 26
9637 26
9638 2
9639 2
9640 2
9641 2
9642 26
9643 26
9644 26
9645 -1
9646 26
9647 26
9648 26
9649 2
9650 26
9651 2
9652 26
9653 158
9654 -1
9655 -1
9656 131
9657 0
9658 0
9659 0
9660 0
9661 0
9662 0
9663 0
9664 0
9665 0
9666 0
9667 120
9668 -1
9669 -1
9670 -1
9671 -1
9672 39
9673 160
9674 -1
9675 -1
9676 -1
9677 -1
9678 -1
9679 -1
9680 -1
9681 33
9682 33
9683 173
9684 122
9685 -1
9686 82
9687 136
9688 136
9689 131
9690 157
9691 -1
9692 -1
9693 131
9694 19
9695 2
9696 2
9697 124
9698 0
9699 0
9700 159
9701 -1
9702 -1
9703 -1
9704 130
9705 -1
9706 25
9707 -1
9708 59
9709 74
9710 140
9711 -1
9712 -1
9713 -1
9714 -1
9715 -1
9716 157
9717 164
9718 140
9719 140
9720 139
9721 160
9722 161
9723 158
9724 69
9725 69
9726 148
9727 72
9728 0
9729 130
9730 173
9731 131
9732 132
9733 125
9734 134
9735 160
9736 129
9737 -1
9738 -1
9739 113
9740 2
9741 -1
9742 11
9743 -1
9744 172
9745 -1
9746 59
9747 2
9748 59
9749 138
9750 150
9751 108
9752 163
9753 -1
9754 -1
9755 172
9756 75
9757 109
9758 -1
9759 -1
9760 149
9761 103
9762 -1
9763 129
9764 128
9765 25
9766 -1
9767 -1
9768 -1
9769 -1
9770 -1
9771 125
9772 68
9773 -1
9774 -1
9775 -1
9776 -1
9777 -1
9778 -1
9779 139
9780 139
9781 60
9782 61
9783 0
9784 -1
9785 -1
9786 -1
9787 25
9788 -1
9789 55
9790 55
9791 -1
9792 60
9793 82
9794 158
9795 -1
9796 -1
9797 -1
9798 108
9799 131
9800 131
9801 47
9802 -1
9803 55
9804 90
9805 146
9806 -1
9807 -1
9808 155
9809 0
9810 80
9811 -1
9812 50
9813 50
9814 50
9815 0
9816 80
9817 80
9818 -1
9819 0
9820 -1
9821 0
9822 0
9823 17
9824 17
9825 0
9826 17
9827 0
9828 0
9829 0
9830 0
9831 17
9832 17
9833 17
9834 17
9835 0
9836 17
9837 17
9838 17
9839 0
9840 17
9841 17
9842 17
9843 17
9844 17
9845 0
9846 17
9847 17
9848 17
9849 17
9850 0
9851 0
9852 35
9853 165
9854 128
9855 -1
9856 -1
9857 -1
9858 157
9859 131
9860 -1
9861 -1
9862 -1
9863 75
9864 173
9865 -1
9866 30
9867 -1
9868 142
9869 0
9870 -1
9871 160
9872 128
9873 128
9874 20
9875 2
9876 -1
9877 11
9878 11
9879 57
9880 157
9881 -1
9882 -1
9883 -1
9884 108
9885 109
9886 -1
9887 135
9888 135
9889 -1
9890 64
9891 33
9892 -1
9893 -1
9894 -1
9895 -1
9896 -1
9897 55
9898 69
9899 -1
9900 55
9901 55
9902 -1
9903 -1
9904 -1
9905 125
9906 125
9907 -1
9908 60
9909 129
9910 129
9911 47
9912 165
9913 -1
9914 -1
9915 -1
9916 55
9917 73
9918 -1
9919 -1
9920 -1
9921 0
9922 34
9923 35
9924 35
9925 26
9926 -1
9927 -1
9928 54
9929 -1
9930 -1
9931 3
9932 122
9933 122
9934 131
9935 -1
9936 -1
9937 87
9938 87
9939 87
9940 87
9941 87
9942 107
9943 107
9944 -1
9945 2
9946 2
9947 -1
9948 107
9949 0
9950 0
9951 -1
9952 102
9953 102
9954 0
9955 0
9956 151
9957 151
9958 148
9959 54
9960 54
9961 54
9962 0
9963 -1
9964 -1
9965 -1
9966 55
9967 55
9968 55
9969 55
9970 109
9971 -1
9972 125
9973 82
9974 55
9975 102
9976 55
9977 128
9978 34
9979 29
9980 173
9981 -1
9982 0
9983 2
9984 47
9985 2
9986 160
9987 -1
9988 160
9989 136
9990 -1
9991 -1
9992 27
9993 160
9994 55
9995 -1
9996 57
9997 -1
9998 55
9999 19
10000 19
10001 19
10002 19
10003 19
10004 19
10005 19
10006 19
10007 19
10008 55
10009 19
10010 19
10011 55
10012 0
10013 19
10014 19
10015 -1
10016 -1
10017 -1
10018 19
10019 19
10020 2
10021 0
10022 19
10023 -1
10024 28
10025 139
10026 2
10027 74
10028 -1
10029 55
10030 55
10031 0
10032 140
10033 2
10034 89
10035 78
10036 89
10037 -1
10038 140
10039 -1
10040 -1
10041 82
10042 -1
10043 -1
10044 2
10045 2
10046 -1
10047 77
10048 122
10049 122
10050 144
10051 -1
10052 87
10053 87
10054 87
10055 87
10056 87
10057 87
10058 87
10059 87
10060 0
10061 0
10062 48
10063 0
10064 125
10065 2
10066 125
10067 -1
10068 -1
10069 2
10070 -1
10071 -1
10072 136
10073 -1
10074 2
10075 47
10076 82
10077 47
10078 129
10079 129
10080 63
10081 50
10082 50
10083 -1
10084 25
10085 132
10086 55
10087 -1
10088 82
10089 103
10090 -1
10091 -1
10092 78
10093 0
10094 -1
10095 115
10096 103
10097 128
10098 163
10099 133
10100 66
10101 122
10102 109
10103 2
10104 173
10105 123
10106 -1
10107 168
10108 89
10109 -1
10110 59
10111 78
10112 128
10113 90
10114 90
10115 -1
10116 -1
10117 96
10118 167
10119 -1
10120 0
10121 0
10122 0
10123 -1
10124 -1
10125 0
10126 -1
10127 -1
10128 2
10129 -1
10130 -1
10131 29
10132 -1
10133 -1
10134 -1
10135 60
10136 54
10137 0
10138 -1
10139 102
10140 63
10141 53
10142 0
10143 100
10144 -1
10145 157
10146 -1
10147 25
10148 123
10149 100
10150 -1
10151 54
10152 -1
10153 108
10154 0
10155 -1
10156 -1
10157 86
10158 132
10159 -1
10160 -1
10161 34
10162 -1
10163 -1
10164 160
10165 160
10166 160
10167 160
10168 160
10169 2
10170 0
10171 113
10172 2
10173 146
10174 2
10175 -1
10176 125
10177 -1
10178 105
10179 100
10180 -1
10181 0
10182 -1
10183 136
10184 -1
10185 60
10186 -1
10187 -1
10188 125
10189 150
10190 0
10191 -1
10192 -1
10193 0
10194 54
10195 -1
10196 -1
10197 -1
10198 -1
10199 -1
10200 146
10201 148
10202 97
10203 -1
10204 162
10205 -1
10206 19
10207 19
10208 77
10209 0
10210 -1
10211 0
10212 73
10213 78
10214 59
10215 123
10216 131
10217 0
10218 0
10219 0
10220 115
10221 115
10222 0
10223 0
10224 0
10225 0
10226 0
10227 157
10228 -1
10229 -1
10230 -1
10231 115
10232 -1
10233 35
10234 18
10235 103
10236 -1
10237 -1
10238 157
10239 157
10240 -1
10241 -1
10242 129
10243 82
10244 -1
10245 -1
10246 103
10247 -1
10248 -1
10249 70
10250 125
10251 -1
10252 165
10253 -1
10254 2
10255 2
10256 168
10257 168
10258 2
10259 55
10260 -1
10261 -1
10262 -1
10263 36
10264 2
10265 128
10266 124
10267 103
10268 0
10269 168
10270 0
10271 2
10272 168
10273 -1
10274 -1
10275 0
10276 0
10277 70
10278 70
10279 -1
10280 -1
10281 103
10282 -1
10283 -1
10284 60
10285 25
10286 108
10287 146
10288 124
10289 136
10290 168
10291 2
10292 32
10293 -1
10294 134
10295 -1
10296 -1
10297 168
10298 -1
10299 29
10300 29
10301 29
10302 29
10303 -1
10304 160
10305 81
10306 138
10307 120
10308 113
10309 158
10310 158
10311 158
10312 -1
10313 -1
10314 -1
10315 70
10316 128
10317 70
10318 70
10319 -1
10320 96
10321 103
10322 103
10323 96
10324 96
10325 -1
10326 -1
10327 -1
10328 -1
10329 -1
10330 -1
10331 -1
10332 -1
10333 -1
10334 2
10335 82
10336 64
10337 162
10338 -1
10339 -1
10340 -1
10341 27
10342 -1
10343 -1
10344 64
10345 -1
10346 -1
10347 -1
10348 78
10349 0
10350 0
10351 0
10352 0
10353 102
10354 -1
10355 2
10356 2
10357 54
10358 -1
10359 -1
10360 160
10361 -1
10362 149
10363 95
10364 -1
10365 103
10366 2
10367 131
10368 -1
10369 -1
10370 -1
10371 70
10372 123
10373 -1
10374 -1
10375 -1
10376 -1
10377 -1
10378 -1
10379 -1
10380 -1
10381 -1
10382 -1
10383 -1
10384 0
10385 0
10386 0
10387 33
10388 33
10389 79
10390 79
10391 -1
10392 -1
10393 0
10394 -1
10395 96
10396 123
10397 173
10398 124
10399 -1
10400 87
10401 87
10402 0
10403 131
10404 -1
10405 -1
10406 108
10407 46
10408 46
10409 46
10410 46
10411 46
10412 46
10413 0
10414 0
10415 46
10416 0
10417 46
10418 46
10419 46
10420 60
10421 46
10422 156
10423 -1
10424 46
10425 46
10426 46
10427 45
10428 45
10429 -1
10430 -1
10431 25
10432 25
10433 125
10434 -1
10435 -1
10436 88
10437 -1
10438 -1
10439 0
10440 123
10441 103
10442 103
10443 -1
10444 -1
10445 -1
10446 25
10447 -1
10448 -1
10449 -1
10450 103
10451 88
10452 123
10453 96
10454 34
10455 -1
10456 121
10457 60
10458 0
10459 -1
10460 60
10461 25
10462 60
10463 145
10464 25
10465 124
10466 124
10467 115
10468 109
10469 109
10470 -1
10471 98
10472 98
10473 98
10474 -1
10475 -1
10476 -1
10477 -1
10478 73
10479 -1
10480 -1
10481 -1
10482 173
10483 -1
10484 -1
10485 -1
10486 -1
10487 22
10488 22
10489 22
10490 22
10491 22
10492 22
10493 22
10494 22
10495 22
10496 22
10497 22
10498 22
10499 22
10500 22
10501 22
10502 11
10503 11
10504 22
10505 22
10506 11
10507 11
10508 2
10509 2
10510 11
10511 11
10512 22
10513 22
10514 22
10515 22
10516 22
10517 22
10518 22
10519 22
10520 22
10521 22
10522 22
10523 22
10524 22
10525 22
10526 22
10527 22
10528 22
10529 22
10530 22
10531 22
10532 22
10533 22
10534 22
10535 22
10536 22
10537 22
10538 22
10539 22
10540 22
10541 22
10542 -1
10543 131
10544 -1
10545 99
10546 99
10547 -1
10548 -1
10549 -1
10550 89
10551 79
10552 -1
10553 -1
10554 26
10555 56
10556 25
10557 2
10558 25
10559 103
10560 125
10561 20
10562 -1
10563 20
10564 20
10565 20
10566 20
10567 123
10568 2
10569 -1
10570 30
10571 30
10572 0
10573 -1
10574 11
10575 -1
10576 -1
10577 -1
10578 0
10579 19
10580 168
10581 64
10582 -1
10583 -1
10584 82
10585 52
10586 52
10587 -1
10588 114
10589 156
10590 -1
10591 0
10592 -1
10593 28
10594 28
10595 0
10596 123
10597 87
10598 55
10599 55
10600 105
10601 128
10602 128
10603 132
10604 133
10605 136
10606 136
10607 123
10608 60
10609 60
10610 -1
10611 28
10612 3
10613 3
10614 3
10615 3
10616 3
10617 3
10618 3
10619 103
10620 35
10621 -1
10622 139
10623 160
10624 0
10625 -1
10626 0
10627 0
10628 0
10629 -1
10630 -1
10631 28
10632 0
10633 0
10634 0
10635 0
10636 0
10637 0
10638 -1
10639 47
10640 103
10641 114
10642 47
10643 110
10644 146
10645 132
10646 -1
10647 -1
10648 -1
10649 -1
10650 -1
10651 -1
10652 124
10653 136
10654 25
10655 -1
10656 129
10657 123
10658 123
10659 123
10660 123
10661 -1
10662 123
10663 -1
10664 142
10665 98
10666 98
10667 -1
10668 0
10669 0
10670 -1
10671 163
10672 123
10673 -1
10674 28
10675 46
10676 46
10677 46
10678 46
10679 46
10680 46
10681 33
10682 33
10683 66
10684 108
10685 123
10686 108
10687 -1
10688 108
10689 44
10690 -1
10691 -1
10692 0
10693 -1
10694 -1
10695 168
10696 168
10697 108
10698 -1
10699 -1
10700 138
10701 81
10702 -1
10703 123
10704 123
10705 123
10706 123
10707 123
10708 0
10709 123
10710 151
10711 165
10712 -1
10713 -1
10714 -1
10715 -1
10716 132
10717 -1
10718 -1
10719 -1
10720 -1
10721 25
10722 25
10723 25
10724 132
10725 69
10726 0
10727 103
10728 69
10729 69
10730 103
10731 87
10732 87
10733 87
10734 87
10735 87
10736 69
10737 25
10738 130
10739 124
10740 -1
10741 28
10742 28
10743 40
10744 40
10745 109
10746 2
10747 2
10748 2
10749 -1
10750 -1
10751 123
10752 123
10753 123
10754 103
10755 123
10756 123
10757 123
10758 123
10759 123
10760 123
10761 123
10762 -1
10763 -1
10764 60
10765 165
10766 123
10767 123
10768 99
10769 35
10770 -1
10771 -1
10772 99
10773 54
10774 124
10775 97
10776 -1
10777 -1
10778 -1
10779 97
10780 123
10781 123
10782 0
10783 -1
10784 47
10785 0
10786 -1
10787 123
10788 123
10789 -1
10790 -1
10791 -1
10792 -1
10793 -1
10794 -1
10795 146
10796 -1
10797 157
10798 19
10799 19
10800 19
10801 19
10802 -1
10803 96
10804 54
10805 103
10806 54
10807 -1
10808 54
10809 54
10810 25
10811 -1
10812 28
10813 60
10814 -1
10815 130
10816 -1
10817 23
10818 23
10819 23
10820 23
10821 23
10822 23
10823 23
10824 23
10825 23
10826 23
10827 23
10828 23
10829 23
10830 23
10831 23
10832 23
10833 23
10834 29
10835 29
10836 -1
10837 108
10838 -1
10839 36
10840 0
10841 123
10842 -1
10843 -1
10844 140
10845 77
10846 123
10847 28
10848 -1
10849 -1
10850 0
10851 147
10852 -1
10853 82
10854 96
10855 25
10856 -1
10857 -1
10858 -1
10859 108
10860 108
10861 -1
10862 -1
10863 -1
10864 0
10865 0
10866 0
10867 7
10868 -1
10869 -1
10870 -1
10871 0
10872 -1
10873 125
10874 25
10875 150
10876 47
10877 52
10878 -1
10879 -1
10880 28
10881 162
10882 162
10883 -1
10884 75
10885 -1
10886 -1
10887 -1
10888 -1
10889 -1
10890 -1
10891 -1
10892 -1
10893 125
10894 125
10895 96
10896 125
10897 -1
10898 35
10899 -1
10900 60
10901 133
10902 -1
10903 -1
10904 -1
10905 -1
10906 -1
10907 -1
10908 -1
10909 0
10910 0
10911 0
10912 0
10913 0
10914 0
10915 0
10916 0
10917 0
10918 0
10919 35
10920 134
10921 125
10922 125
10923 125
10924 0
10925 -1
10926 -1
10927 28
10928 -1
10929 -1
10930 -1
10931 -1
10932 -1
10933 -1
10934 -1
10935 -1
10936 28
10937 -1
10938 25
10939 163
10940 -1
10941 -1
10942 -1
10943 -1
10944 33
10945 33
10946 33
10947 33
10948 -1
10949 74
10950 -1
10951 -1
10952 -1
10953 -1
10954 -1
10955 168
10956 -1
10957 96
10958 87
10959 87
10960 87
10961 87
10962 87
10963 87
10964 73
10965 105
10966 25
10967 66
10968 -1
10969 97
10970 25
10971 100
10972 100
10973 77
10974 -1
10975 -1
10976 -1
10977 60
10978 -1
10979 60
10980 0
10981 0
10982 -1
10983 0
10984 173
10985 136
10986 102
10987 -1
10988 -1
10989 -1
10990 -1
10991 -1
10992 -1
10993 -1
10994 -1
10995 -1
10996 -1
10997 60
10998 0
10999 -1
11000 149
11001 -1
11002 -1
11003 140
11004 140
11005 -1
11006 2
11007 -1
11008 -1
11009 -1
11010 159
11011 -1
11012 -1
11013 -1
11014 2
11015 60
11016 60
11017 60
11018 29
11019 -1
11020 29
11021 29
11022 29
11023 -1
11024 0
11025 -1
11026 153
11027 -1
11028 52
11029 68
11030 -1
11031 -1
11032 -1
11033 2
11034 -1
11035 2
11036 -1
11037 0
11038 -1
11039 126
11040 -1
11041 2
11042 120
11043 2
11044 2
11045 2
11046 2
11047 136
11048 136
11049 -1
11050 -1
11051 -1
11052 28
11053 2
11054 2
11055 2
11056 46
11057 2
11058 2
11059 2
11060 2
11061 2
11062 2
11063 2
11064 2
11065 2
11066 0
11067 0
11068 0
11069 0
11070 0
11071 0
11072 0
11073 -1
11074 147
11075 0
11076 0
11077 0
11078 0
11079 -1
11080 -1
11081 108
11082 -1
11083 -1
11084 -1
11085 -1
11086 55
11087 35
11088 35
11089 132
11090 -1
11091 -1
11092 -1
11093 -1
11094 -1
11095 25
11096 25
11097 25
11098 25
11099 28
11100 0
11101 0
11102 -1
11103 2
11104 0
11105 28
11106 -1
11107 60
11108 19
11109 160
11110 132
11111 132
11112 153
11113 25
11114 28
11115 28
11116 -1
11117 93
11118 2
11119 2
11120 66
11121 -1
11122 -1
11123 2
11124 66
11125 2
11126 66
11127 -1
11128 148
11129 108
11130 164
11131 151
11132 29
11133 29
11134 101
11135 101
11136 0
11137 0
11138 0
11139 108
11140 25
11141 79
11142 56
11143 59
11144 -1
11145 0
11146 47
11147 -1
11148 -1
11149 102
11150 -1
11151 -1
11152 -1
11153 -1
11154 -1
11155 -1
11156 -1
11157 0
11158 0
11159 0
11160 62
11161 124
11162 0
11163 134
11164 35
11165 29
11166 2
11167 2
11168 2
11169 2
11170 168
11171 -1
11172 0
11173 0
11174 0
11175 0
11176 0
11177 0
11178 112
11179 0
11180 -1
11181 -1
11182 125
11183 108
11184 126
11185 125
11186 -1
11187 -1
11188 -1
11189 28
11190 138
11191 -1
11192 -1
11193 136
11194 0
11195 43
11196 -1
11197 0
11198 130
11199 147
11200 25
11201 -1
11202 114
11203 -1
11204 82
11205 123
11206 0
11207 0
11208 0
11209 0
11210 125
11211 125
11212 0
11213 138
11214 138
11215 138
11216 -1
11217 138
11218 138
11219 2
11220 2
11221 0
11222 -1
11223 11
11224 -1
11225 103
11226 -1
11227 -1
11228 -1
11229 28
11230 -1
11231 70
11232 -1
11233 -1
11234 139
11235 139
11236 139
11237 2
11238 99
11239 -1
11240 124
11241 -1
11242 25
11243 -1
11244 -1
11245 -1
11246 0
11247 0
11248 -1
11249 93
11250 2
11251 2
11252 28
11253 86
11254 -1
11255 36
11256 66
11257 -1
11258 -1
11259 -1
11260 0
11261 0
11262 0
11263 124
11264 19
11265 173
11266 74
11267 -1
11268 173
11269 -1
11270 -1
11271 123
11272 123
11273 105
11274 -1
11275 -1
11276 -1
11277 28
11278 137
11279 0
11280 157
11281 -1
11282 -1
11283 -1
11284 134
11285 140
11286 -1
11287 25
11288 -1
11289 76
11290 -1
11291 60
11292 -1
11293 -1
11294 2
11295 2
11296 34
11297 -1
11298 139
11299 165
11300 -1
11301 -1
11302 -1
11303 -1
11304 46
11305 46
11306 46
11307 -1
11308 -1
11309 -1
11310 46
11311 165
11312 0
11313 163
11314 -1
11315 46
11316 46
11317 -1
11318 119
11319 -1
11320 -1
11321 -1
11322 -1
11323 25
11324 157
11325 -1
11326 2
11327 -1
11328 -1
11329 0
11330 0
11331 0
11332 0
11333 0
11334 0
11335 0
11336 138
11337 0
11338 0
11339 28
11340 -1
11341 0
11342 2
11343 103
11344 2
11345 132
11346 0
11347 -1
11348 -1
11349 -1
11350 0
11351 0
11352 157
11353 157
11354 157
11355 164
11356 0
11357 -1
11358 -1
11359 -1
11360 0
11361 -1
11362 3
11363 3
11364 34
11365 -1
11366 0
11367 0
11368 0
11369 79
11370 0
11371 79
11372 0
11373 79
11374 0
11375 -1
11376 0
11377 -1
11378 -1
11379 -1
11380 64
11381 29
11382 61
11383 0
11384 131
11385 0
11386 -1
11387 0
11388 6
11389 -1
11390 119
11391 0
11392 0
11393 0
11394 0
11395 0
11396 0
11397 0
11398 0
11399 0
11400 0
11401 -1
11402 20
11403 25
11404 -1
11405 165
11406 165
11407 165
11408 0
11409 173
11410 0
11411 0
11412 155
11413 22
11414 135
11415 71
11416 0
11417 28
11418 0
11419 0
11420 -1
11421 118
11422 0
11423 0
11424 0
11425 0
11426 0
11427 89
11428 108
11429 108
11430 0
11431 -1
11432 0
11433 153
11434 153
11435 60
11436 25
11437 0
11438 0
11439 0
11440 28
11441 0
11442 28
11443 0
11444 28
11445 157
11446 -1
11447 0
11448 0
11449 0
11450 0
11451 2
11452 2
11453 -1
11454 30
11455 0
11456 0
11457 0
11458 0
11459 -1
11460 -1
11461 36
11462 0
11463 81
11464 88
11465 55
11466 25
11467 -1
11468 136
11469 0
11470 0
11471 136
11472 -1
11473 -1
11474 -1
11475 -1
11476 -1
11477 151
11478 -1
11479 119
11480 119
11481 -1
11482 -1
11483 109
11484 2
11485 140
11486 168
11487 -1
11488 0
11489 165
11490 -1
11491 -1
11492 -1
11493 0
11494 0
11495 -1
11496 0
11497 28
11498 0
11499 164
11500 -1
11501 165
11502 -1
11503 0
11504 0
11505 0
11506 -1
11507 0
11508 -1
11509 -1
11510 131
11511 -1
11512 -1
11513 -1
11514 0
11515 -1
11516 -1
11517 -1
11518 -1
11519 160
11520 -1
11521 -1
11522 2
11523 2
11524 2
11525 98
11526 108
11527 -1
11528 0
11529 113
11530 0
11531 123
11532 29
11533 2
11534 155
11535 25
11536 172
11537 152
11538 -1
11539 158
11540 168
11541 74
11542 74
11543 74
11544 74
11545 0
11546 2
11547 74
11548 -1
11549 25
11550 2
11551 25
11552 3
11553 3
11554 0
11555 2
11556 2
11557 -1
11558 -1
11559 0
11560 0
11561 0
11562 29
11563 0
11564 0
11565 -1
11566 -1
11567 11
11568 11
11569 -1
11570 -1
11571 101
11572 0
11573 78
11574 -1
11575 -1
11576 62
11577 25
11578 157
11579 0
11580 28
11581 132
11582 -1
11583 -1
11584 173
11585 135
11586 135
11587 0
11588 0
11589 0
11590 0
11591 58
11592 165
11593 -1
11594 -1
11595 -1
11596 -1
11597 -1
11598 28
11599 -1
11600 173
11601 139
11602 60
11603 -1
11604 157
11605 -1
11606 11
11607 -1
11608 132
11609 -1
11610 163
11611 -1
11612 -1
11613 -1
11614 140
11615 28
11616 163
11617 0
11618 0
11619 0
11620 0
11621 0
11622 0
11623 0
11624 0
11625 34
11626 67
11627 -1
11628 -1
11629 -1
11630 145
11631 47
11632 60
11633 25
11634 -1
11635 18
11636 -1
11637 -1
11638 -1
11639 59
11640 -1
11641 136
11642 -1
11643 -1
11644 -1
11645 151
11646 0
11647 0
11648 0
11649 0
11650 0
11651 0
11652 -1
11653 120
11654 -1
11655 -1
11656 -1
11657 -1
11658 -1
11659 -1
11660 -1
11661 -1
11662 86
11663 0
11664 0
11665 28
11666 18
11667 -1
11668 -1
11669 -1
11670 28
11671 28
11672 28
11673 28
11674 28
11675 -1
11676 -1
11677 25
11678 25
11679 25
11680 -1
11681 -1
11682 28
11683 27
11684 -1
11685 28
11686 -1
11687 124
11688 124
11689 124
11690 124
11691 -1
11692 -1
11693 148
11694 -1
11695 141
11696 157
11697 125
11698 18
11699 173
11700 28
11701 -1
11702 0
11703 172
11704 26
11705 43
11706 -1
11707 -1
11708 128
11709 128
11710 -1
11711 157
11712 157
11713 -1
11714 28
11715 52
11716 -1
11717 -1
11718 99
11719 99
11720 60
11721 96
11722 -1
11723 -1
11724 96
11725 96
11726 160
11727 101
11728 132
11729 102
11730 28
11731 125
11732 -1
11733 158
11734 -1
11735 -1
11736 -1
11737 -1
11738 28
11739 -1
11740 -1
11741 131
11742 19
11743 -1
11744 -1
11745 -1
11746 -1
11747 136
11748 157
11749 157
11750 -1
11751 53
11752 18
11753 18
11754 2
11755 18
11756 6
11757 25
11758 -1
11759 -1
11760 -1
11761 125
11762 0
11763 0
11764 -1
11765 -1
11766 -1
11767 -1
11768 -1
11769 136
11770 151
11771 148
11772 -1
11773 -1
11774 25
11775 25
11776 157
11777 -1
11778 47
11779 0
11780 121
11781 0
11782 0
11783 50
11784 125
11785 125
11786 62
11787 -1
11788 -1
11789 136
11790 -1
11791 128
11792 -1
11793 157
11794 156
11795 28
11796 -1
11797 163
11798 -1
11799 -1
11800 -1
11801 -1
11802 125
11803 125
11804 -1
11805 125
11806 125
11807 -1
11808 125
11809 -1
11810 125
11811 -1
11812 -1
11813 -1
11814 28
11815 157
11816 96
11817 125
11818 -1
11819 -1
11820 -1
11821 -1
11822 -1
11823 2
11824 -1
11825 29
11826 29
11827 -1
11828 169
11829 -1
11830 0
11831 58
11832 96
11833 -1
11834 130
11835 0
11836 -1
11837 0
11838 0
11839 0
11840 0
11841 0
11842 0
11843 25
11844 28
11845 -1
11846 60
11847 -1
11848 55
11849 -1
11850 88
11851 133
11852 26
11853 63
11854 -1
11855 -1
11856 -1
11857 158
11858 30
11859 0
11860 51
11861 2
11862 -1
11863 125
11864 2
11865 -1
11866 2
11867 -1
11868 2
11869 59
11870 59
11871 136
11872 -1
11873 0
11874 28
11875 125
11876 -1
11877 125
11878 106
11879 -1
11880 -1
11881 125
11882 68
11883 173
11884 -1
11885 -1
11886 74
11887 125
11888 -1
11889 -1
11890 -1
11891 101
11892 0
11893 -1
11894 2
11895 28
11896 157
11897 125
11898 -1
11899 136
11900 -1
11901 72
11902 43
11903 54
11904 19
11905 -1
11906 -1
11907 132
11908 66
11909 -1
11910 -1
11911 54
11912 124
11913 -1
11914 -1
11915 96
11916 -1
11917 -1
11918 60
11919 2
11920 -1
11921 -1
11922 108
11923 -1
11924 -1
11925 -1
11926 -1
11927 114
11928 159
11929 159
11930 150
11931 -1
11932 -1
11933 133
11934 133
11935 -1
11936 -1
11937 -1
11938 -1
11939 -1
11940 -1
11941 -1
11942 -1
11943 125
11944 125
11945 125
11946 -1
11947 -1
11948 -1
11949 -1
11950 96
11951 60
11952 157
11953 -1
11954 125
11955 -1
11956 -1
11957 160
11958 106
11959 -1
11960 2
11961 106
11962 -1
11963 -1
11964 136
11965 136
11966 133
11967 106
11968 125
11969 125
11970 125
11971 -1
11972 -1
11973 -1
11974 92
11975 -1
11976 31
11977 -1
11978 -1
11979 28
11980 28
11981 28
11982 -1
11983 150
11984 25
11985 125
11986 -1
11987 125
11988 47
11989 173
11990 -1
11991 74
11992 -1
11993 -1
11994 150
11995 157
11996 -1
11997 0
11998 0
11999 -1
12000 0
12001 -1
12002 -1
12003 -1
12004 -1
12005 2
12006 87
12007 28
12008 -1
12009 2
12010 -1
12011 -1
12012 34
12013 34
12014 -1
12015 -1
12016 151
12017 -1
12018 -1
12019 -1
12020 159
12021 159
12022 -1
12023 -1
12024 124
12025 112
12026 -1
12027 -1
12028 158
12029 -1
12030 28
12031 157
12032 -1
12033 -1
12034 125
12035 -1
12036 125
12037 106
12038 -1
12039 -1
12040 92
12041 -1
12042 131
12043 -1
12044 59
12045 59
12046 173
12047 -1
12048 125
12049 -1
12050 82
12051 136
12052 125
12053 -1
12054 132
12055 -1
12056 -1
12057 -1
12058 -1
12059 -1
12060 80
12061 -1
12062 125
12063 132
12064 28
12065 99
12066 26
12067 28
12068 157
12069 -1
12070 19
12071 -1
12072 -1
12073 -1
12074 -1
12075 -1
12076 -1
12077 85
12078 -1
12079 121
12080 -1
12081 0
12082 0
12083 0
12084 0
12085 0
12086 0
12087 131
12088 26
12089 2
12090 0
12091 0
12092 0
12093 0
12094 0
12095 0
12096 0
12097 0
12098 -1
12099 -1
12100 113
12101 113
12102 -1
12103 -1
12104 2
12105 115
12106 168
12107 -1
12108 0
12109 -1
12110 -1
12111 -1
12112 47
12113 47
12114 -1
12115 -1
12116 -1
12117 108
12118 -1
12119 76
12120 76
12121 -1
12122 -1
12123 -1
12124 0
12125 159
12126 100
12127 -1
12128 156
12129 31
12130 -1
12131 105
12132 0
12133 0
12134 -1
12135 0
12136 0
12137 0
12138 108
12139 47
12140 47
12141 0
12142 -1
12143 -1
12144 -1
12145 -1
12146 47
12147 -1
12148 -1
12149 -1
12150 158
12151 148
12152 -1
12153 -1
12154 -1
12155 26
12156 -1
12157 131
12158 -1
12159 28
12160 0
12161 -1
12162 125
12163 0
12164 -1
12165 170
12166 170
12167 170
12168 170
12169 170
12170 -1
12171 136
12172 170
12173 0
12174 -1
12175 170
12176 170
12177 -1
12178 80
12179 25
12180 25
12181 -1
12182 -1
12183 -1
12184 -1
12185 129
12186 31
12187 -1
12188 62
12189 -1
12190 -1
12191 160
12192 -1
12193 -1
12194 2
12195 62
12196 -1
12197 -1
12198 162
12199 -1
12200 -1
12201 -1
12202 -1
12203 -1
12204 -1
12205 -1
12206 -1
12207 -1
12208 -1
12209 157
12210 157
12211 -1
12212 60
12213 -1
12214 -1
12215 25
12216 100
12217 100
12218 157
12219 -1
12220 -1
12221 -1
12222 -1
12223 -1
12224 -1
12225 6
12226 -1
12227 -1
12228 -1
12229 -1
12230 -1
12231 -1
12232 -1
12233 -1
12234 -1
12235 2
12236 -1
12237 -1
12238 -1
12239 127
12240 125
12241 158
12242 -1
12243 -1
12244 165
12245 163
12246 165
12247 165
12248 165
12249 166
12250 -1
12251 165
12252 -1
12253 2
12254 2
12255 -1
12256 -1
12257 -1
12258 -1
12259 54
12260 -1
12261 -1
12262 -1
12263 85
12264 125
12265 125
12266 -1
12267 -1
12268 -1
12269 -1
12270 -1
12271 82
12272 125
12273 -1
12274 -1
12275 -1
12276 69
12277 136
12278 -1
12279 -1
12280 -1
12281 -1
12282 -1
12283 168
12284 69
12285 25
12286 -1
12287 -1
12288 -1
12289 0
12290 -1
12291 -1
12292 25
12293 25
12294 36
12295 25
12296 25
12297 96
12298 124
12299 124
12300 0
12301 0
12302 34
12303 0
12304 29
12305 25
12306 0
12307 0
12308 0
12309 0
12310 0
12311 0
12312 0
12313 0
12314 -1
12315 25
12316 53
12317 -1
12318 101
12319 -1
12320 62
12321 96
12322 157
12323 140
12324 -1
12325 34
12326 -1
12327 -1
12328 56
12329 -1
12330 111
12331 76
12332 -1
12333 0
12334 -1
12335 -1
12336 6
12337 -1
12338 25
12339 114
12340 -1
12341 131
12342 -1
12343 -1
12344 0
12345 -1
12346 0
12347 -1
12348 -1
12349 51
12350 -1
12351 -1
12352 -1
12353 -1
12354 -1
12355 -1
12356 0
12357 0
12358 -1
12359 -1
12360 -1
12361 -1
12362 -1
12363 -1
12364 100
12365 -1
12366 157
12367 100
12368 100
12369 0
12370 100
12371 100
12372 100
12373 0
12374 100
12375 100
12376 100
12377 -1
12378 100
12379 0
12380 -1
12381 -1
12382 87
12383 117
12384 -1
12385 -1
12386 -1
12387 -1
12388 -1
12389 -1
12390 -1
12391 158
12392 -1
12393 158
12394 2
12395 0
12396 2
12397 29
12398 2
12399 -1
12400 -1
12401 136
12402 -1
12403 0
12404 0
12405 -1
12406 -1
12407 -1
12408 -1
12409 -1
12410 -1
12411 -1
12412 25
12413 47
12414 89
12415 46
12416 -1
12417 -1
12418 157
12419 -1
12420 -1
12421 -1
12422 -1
12423 -1
12424 -1
12425 -1
12426 -1
12427 20
12428 49
12429 2
12430 53
12431 -1
12432 53
12433 53
12434 53
12435 86
12436 -1
12437 -1
12438 -1
12439 -1
12440 156
12441 156
12442 156
12443 -1
12444 31
12445 70
12446 30
12447 86
12448 0
12449 -1
12450 -1
12451 173
12452 -1
12453 70
12454 0
12455 165
12456 131
12457 49
12458 49
12459 49
12460 49
12461 49
12462 -1
12463 -1
12464 -1
12465 -1
12466 -1
12467 -1
12468 2
12469 100
12470 2
12471 2
12472 101
12473 -1
12474 86
12475 4
12476 60
12477 162
12478 63
12479 -1
12480 -1
12481 -1
12482 -1
12483 -1
12484 125
12485 157
12486 132
12487 19
12488 -1
12489 4
12490 -1
12491 83
12492 124
12493 -1
12494 125
12495 125
12496 165
12497 76
12498 63
12499 99
12500 157
12501 97
12502 -1
12503 125
12504 -1
12505 -1
12506 0
12507 -1
12508 76
12509 -1
12510 -1
12511 -1
12512 -1
12513 162
12514 157
12515 0
12516 -1
12517 35
12518 -1
12519 7
12520 166
12521 -1
12522 -1
12523 -1
12524 -1
12525 -1
12526 7
12527 -1
12528 0
12529 0
12530 0
12531 -1
12532 157
12533 164
12534 153
12535 43
12536 -1
12537 -1
12538 -1
12539 125
12540 106
12541 106
12542 134
12543 -1
12544 0
12545 0
12546 50
12547 -1
12548 -1
12549 114
12550 -1
12551 98
12552 -1
12553 4
12554 4
12555 4
12556 4
12557 4
12558 -1
12559 -1
12560 -1
12561 130
12562 0
12563 166
12564 166
12565 -1
12566 166
12567 166
12568 166
12569 166
12570 166
12571 -1
12572 -1
12573 76
12574 4
12575 96
12576 -1
12577 -1
12578 -1
12579 -1
12580 0
12581 0
12582 0
12583 0
12584 95
12585 -1
12586 53
12587 -1
12588 -1
12589 129
12590 -1
12591 -1
12592 -1
12593 -1
12594 -1
12595 -1
12596 98
12597 -1
12598 -1
12599 83
12600 150
12601 60
12602 0
12603 76
12604 0
12605 85
12606 85
12607 35
12608 -1
12609 47
12610 47
12611 0
12612 0
12613 0
12614 0
12615 -1
12616 132
12617 4
12618 -1
12619 125
12620 85
12621 85
12622 145
12623 -1
12624 87
12625 0
12626 87
12627 119
12628 81
12629 27
12630 0
12631 0
12632 -1
12633 145
12634 37
12635 158
12636 60
12637 -1
12638 -1
12639 -1
12640 124
12641 148
12642 0
12643 -1
12644 60
12645 141
12646 -1
12647 -1
12648 150
12649 4
12650 -1
12651 4
12652 157
12653 -1
12654 158
12655 -1
12656 158
12657 -1
12658 80
12659 -1
12660 157
12661 0
12662 -1
12663 -1
12664 -1
12665 157
12666 -1
12667 158
12668 130
12669 -1
12670 -1
12671 98
12672 0
12673 0
12674 0
12675 0
12676 -1
12677 0
12678 -1
12679 -1
12680 133
12681 -1
12682 4
12683 -1
12684 -1
12685 -1
12686 173
12687 82
12688 -1
12689 146
12690 0
12691 -1
12692 -1
12693 -1
12694 99
12695 99
12696 99
12697 0
12698 -1
12699 -1
12700 -1
12701 -1
12702 -1
12703 -1
12704 165
12705 76
12706 76
12707 76
12708 148
12709 -1
12710 0
12711 -1
12712 -1
12713 -1
12714 -1
12715 158
12716 158
12717 0
12718 -1
12719 114
12720 -1
12721 4
12722 96
12723 60
12724 -1
12725 47
12726 47
12727 0
12728 0
12729 0
12730 -1
12731 -1
12732 148
12733 160
12734 -1
12735 -1
12736 25
12737 -1
12738 -1
12739 -1
12740 -1
12741 -1
12742 -1
12743 99
12744 -1
12745 99
12746 99
12747 132
12748 19
12749 -1
12750 -1
12751 -1
12752 56
12753 -1
12754 158
12755 -1
12756 101
12757 6
12758 76
12759 138
12760 101
12761 101
12762 29
12763 0
12764 -1
12765 4
12766 135
12767 99
12768 99
12769 -1
12770 -1
12771 -1
12772 -1
12773 96
12774 31
12775 132
12776 96
12777 -1
12778 0
12779 -1
12780 -1
12781 7
12782 -1
12783 0
12784 0
12785 89
12786 -1
12787 0
12788 0
12789 0
12790 -1
12791 -1
12792 0
12793 0
12794 0
12795 0
12796 0
12797 0
12798 0
12799 0
12800 0
12801 0
12802 0
12803 0
12804 0
12805 -1
12806 -1
12807 76
12808 -1
12809 94
12810 4
12811 152
12812 -1
12813 -1
12814 -1
12815 4
12816 4
12817 4
12818 -1
12819 -1
12820 49
12821 29
12822 101
12823 -1
12824 -1
12825 -1
12826 108
12827 -1
12828 -1
12829 -1
12830 59
12831 134
12832 -1
12833 -1
12834 7
12835 7
12836 86
12837 4
12838 136
12839 125
12840 58
12841 60
12842 89
12843 0
12844 0
12845 -1
12846 157
12847 28
12848 4
12849 28
12850 131
12851 60
12852 4
12853 49
12854 0
12855 0
12856 0
12857 -1
12858 -1
12859 -1
12860 -1
12861 70
12862 132
12863 132
12864 4
12865 4
12866 4
12867 -1
12868 11
12869 4
12870 -1
12871 75
12872 75
12873 75
12874 75
12875 108
12876 0
12877 0
12878 4
12879 7
12880 -1
12881 -1
12882 -1
12883 -1
12884 20
12885 20
12886 0
12887 20
12888 -1
12889 0
12890 4
12891 20
12892 101
12893 101
12894 -1
12895 4
12896 35
12897 49
12898 49
12899 -1
12900 31
12901 49
12902 0
12903 132
12904 132
12905 132
12906 75
12907 124
12908 7
12909 20
12910 7
12911 130
12912 76
12913 -1
12914 0
12915 0
12916 60
12917 20
12918 0
12919 0
12920 -1
12921 -1
12922 -1
12923 76
12924 76
12925 92
12926 -1
12927 -1
12928 -1
12929 -1
12930 158
12931 0
12932 0
12933 0
12934 0
12935 0
12936 134
12937 136
12938 136
12939 49
12940 101
12941 0
12942 134
12943 4
12944 134
12945 134
12946 0
12947 4
12948 134
12949 134
12950 134
12951 133
12952 -1
12953 134
12954 0
12955 0
12956 0
12957 134
12958 134
12959 134
12960 134
12961 134
12962 -1
12963 134
12964 134
12965 49
12966 49
12967 134
12968 -1
12969 49
12970 -1
12971 -1
12972 49
12973 49
12974 -1
12975 49
12976 49
12977 49
12978 49
12979 -1
12980 76
12981 47
12982 134
12983 -1
12984 49
12985 49
12986 49
12987 125
12988 49
12989 125
12990 49
12991 49
12992 49
12993 49
12994 49
12995 49
12996 4
12997 4
12998 4
12999 4
13000 0
13001 0
13002 0
13003 0
13004 0
13005 0
13006 157
13007 4
13008 49
13009 49
13010 49
13011 49
13012 49
13013 170
13014 139
13015 12
13016 12
13017 -1
13018 12
13019 12
13020 21
13021 -1
13022 134
13023 -1
13024 134
13025 134
13026 75
13027 163
13028 -1
13029 139
13030 0
13031 0
13032 52
13033 0
13034 -1
13035 -1
13036 -1
13037 48
13038 61
13039 -1
13040 74
13041 158
13042 136
13043 61
13044 49
13045 0
13046 0
13047 -1
13048 -1
13049 49
13050 -1
13051 -1
13052 113
13053 -1
13054 49
13055 -1
13056 29
13057 -1
13058 -1
13059 -1
13060 140
13061 157
13062 87
13063 -1
13064 109
13065 -1
13066 -1
13067 -1
13068 82
13069 -1
13070 108
13071 108
13072 108
13073 108
13074 132
13075 108
13076 -1
13077 4
13078 -1
13079 -1
13080 -1
13081 -1
13082 -1
13083 0
13084 -1
13085 -1
13086 78
13087 50
13088 -1
13089 -1
13090 120
13091 -1
13092 101
13093 19
13094 -1
13095 -1
13096 -1
13097 -1
13098 -1
13099 -1
13100 131
13101 -1
13102 132
13103 132
13104 157
13105 54
13106 96
13107 125
13108 -1
13109 170
13110 -1
13111 -1
13112 0
13113 0
13114 0
13115 0
13116 0
13117 0
13118 -1
13119 -1
13120 -1
13121 85
13122 0
13123 158
13124 0
13125 152
13126 -1
13127 -1
13128 -1
13129 7
13130 4
13131 29
13132 -1
13133 108
13134 168
13135 147
13136 0
13137 -1
13138 4
13139 -1
13140 44
13141 4
13142 148
13143 -1
13144 -1
13145 49
13146 -1
13147 -1
13148 0
13149 41
13150 -1
13151 30
13152 133
13153 4
13154 90
13155 -1
13156 -1
13157 -1
13158 133
13159 133
13160 133
13161 164
13162 -1
13163 -1
13164 133
13165 82
13166 96
13167 47
13168 47
13169 7
13170 7
13171 47
13172 47
13173 47
13174 89
13175 114
13176 114
13177 49
13178 7
13179 49
13180 85
13181 85
13182 85
13183 49
13184 60
13185 49
13186 49
13187 132
13188 -1
13189 157
13190 4
13191 131
13192 121
13193 -1
13194 -1
13195 0
13196 0
13197 -1
13198 70
13199 70
13200 -1
13201 -1
13202 125
13203 -1
13204 7
13205 -1
13206 -1
13207 158
13208 108
13209 -1
13210 131
13211 133
13212 -1
13213 125
13214 0
13215 0
13216 85
13217 0
13218 89
13219 49
13220 49
13221 20
13222 20
13223 20
13224 82
13225 4
13226 20
13227 20
13228 4
13229 4
13230 0
13231 0
13232 -1
13233 -1
13234 4
13235 -1
13236 -1
13237 -1
13238 -1
13239 159
13240 0
13241 92
13242 49
13243 -1
13244 85
13245 0
13246 0
13247 0
13248 85
13249 -1
13250 47
13251 -1
13252 85
13253 0
13254 0
13255 -1
13256 -1
13257 60
13258 157
13259 -1
13260 121
13261 0
13262 83
13263 89
13264 55
13265 -1
13266 -1
13267 96
13268 69
13269 56
13270 47
13271 -1
13272 -1
13273 136
13274 49
13275 -1
13276 -1
13277 -1
13278 -1
13279 -1
13280 31
13281 -1
13282 85
13283 85
13284 85
13285 85
13286 85
13287 0
13288 79
13289 124
13290 108
13291 108
13292 -1
13293 78
13294 92
13295 25
13296 -1
13297 -1
13298 0
13299 157
13300 -1
13301 -1
13302 -1
13303 -1
13304 -1
13305 147
13306 -1
13307 0
13308 80
13309 -1
13310 79
13311 89
13312 -1
13313 61
13314 148
13315 -1
13316 4
13317 -1
13318 92
13319 87
13320 121
13321 121
13322 -1
13323 -1
13324 -1
13325 -1
13326 29
13327 -1
13328 -1
13329 6
13330 162
13331 162
13332 162
13333 162
13334 -1
13335 -1
13336 -1
13337 0
13338 69
13339 69
13340 69
13341 -1
13342 -1
13343 -1
13344 124
13345 118
13346 25
13347 69
13348 69
13349 124
13350 -1
13351 47
13352 -1
13353 -1
13354 125
13355 170
13356 4
13357 100
13358 0
13359 0
13360 40
13361 138
13362 -1
13363 -1
13364 -1
13365 -1
13366 -1
13367 -1
13368 157
13369 157
13370 87
13371 87
13372 97
13373 -1
13374 87
13375 97
13376 151
13377 47
13378 151
13379 151
13380 151
13381 151
13382 -1
13383 92
13384 -1
13385 -1
13386 -1
13387 25
13388 87
13389 80
13390 -1
13391 59
13392 80
13393 80
13394 34
13395 -1
13396 6
13397 -1
13398 50
13399 -1
13400 -1
13401 19
13402 142
13403 49
13404 142
13405 0
13406 -1
13407 -1
13408 158
13409 157
13410 4
13411 11
13412 -1
13413 4
13414 -1
13415 47
13416 -1
13417 160
13418 47
13419 -1
13420 125
13421 125
13422 -1
13423 -1
13424 -1
13425 29
13426 -1
13427 142
13428 -1
13429 -1
13430 60
13431 -1
13432 0
13433 78
13434 -1
13435 -1
13436 -1
13437 0
13438 -1
13439 0
13440 0
13441 0
13442 47
13443 -1
13444 25
13445 -1
13446 -1
13447 -1
13448 -1
13449 138
13450 -1
13451 4
13452 141
13453 151
13454 -1
13455 125
13456 125
13457 -1
13458 80
13459 -1
13460 -1
13461 -1
13462 0
13463 78
13464 -1
13465 -1
13466 87
13467 -1
13468 121
13469 -1
13470 121
13471 141
13472 0
13473 0
13474 141
13475 125
13476 -1
13477 7
13478 -1
13479 -1
13480 -1
13481 0
13482 157
13483 108
13484 79
13485 -1
13486 65
13487 -1
13488 142
13489 147
13490 -1
13491 78
13492 -1
13493 -1
13494 28
13495 0
13496 -1
13497 4
13498 78
13499 78
13500 0
13501 80
13502 80
13503 -1
13504 141
13505 19
13506 0
13507 80
13508 4
13509 80
13510 80
13511 66
13512 -1
13513 97
13514 -1
13515 -1
13516 -1
13517 -1
13518 -1
13521 113
13522 159
13523 157
13524 108
13525 -1
13526 60
13527 -1
13528 80
13529 -1
13530 80
13531 80
13532 80
13535 78
13537 78
13539 61
13541 -1
13542 125
13543 -1
13544 -1
13545 55
13546 37
13547 37
13548 76
13552 -1
13553 -1
13555 158
13558 -1
13559 157
13560 124
13561 -1
13562 157
13563 -1
13564 25
13565 -1
13567 157
13568 -1
13570 100
13571 89
13572 76
13573 78
13575 82
13576 -1
13577 157
13578 -1
13579 157
13581 -1
13582 -1
13583 157
13584 -1
13589 -1
13590 154
13591 125
13592 -1
13593 125
13596 -1
13597 157
13598 173
13599 -1
13600 -1
13601 158
13602 136
13603 -1
13604 -1
13605 25
13607 117
13608 -1
13609 163
13610 -1
13612 136
13613 83
13614 -1
13615 -1
13616 154
13617 -1
13618 160
13619 25
13620 -1
13623 -1
13624 -1
13625 -1
13626 -1
13627 -1
13628 165
13629 82
13630 -1
13631 25
13633 97
13634 -1
13635 74
13636 -1
13637 -1
13638 -1
13639 106
13640 78
13641 96
13642 157
13643 125
13644 -1
13645 97
13646 47
13647 -1
13648 -1
13649 -1
13651 78
13652 -1
13653 49
13654 -1
13655 141
13656 -1
13657 141
13658 69
13659 141
13660 141
13661 22
13662 -1
13663 -1
13664 118
13665 -1
13666 -1
13668 -1
13669 83
13670 -1
13671 125
13672 157
13674 63
13678 114
13679 135
13680 105
13682 -1
13683 49
13684 132
13685 -1
13686 61
13687 -1
13688 -1
13689 -1
13690 141
13691 -1
13692 19
13693 -1
13694 -1
13695 -1
13696 -1
13697 121
13698 -1
13699 121
13700 121
13701 -1
13702 162
13703 -1
13704 30
13705 -1
13706 -1
13707 147
13708 118
13709 157
13710 156
13711 -1
13712 60
13713 -1
13714 -1
13715 157
13716 61
13717 69
13718 -1
13719 82
13720 -1
13721 132
13722 -1
13723 -1
13724 62
13725 -1
13726 -1
13727 62
13728 62
13729 -1
13730 -1
13732 -1
13733 -1
13734 -1
13735 -1
13736 -1
13737 62
13739 -1
13740 -1
13741 -1
13742 -1
13743 38
13745 125
13746 -1
13747 -1
13748 53
13749 80
13750 -1
13751 -1
13752 82
13753 148
13754 62
13755 63
13756 -1
13757 -1
13758 168
13759 -1
13760 -1
13761 114
13762 -1
13763 -1
13764 132
13765 132
13766 -1
13767 -1
13769 69
13772 108
13773 157
13774 168
13775 108
13777 -1
13778 -1
13779 -1
13780 109
13781 106
13782 -1
13783 66
13784 66
13785 66
13786 133
13787 -1
13788 157
13789 -1
13790 -1
13791 -1
13792 167
13793 -1
13794 -1
13795 82
13796 135
13797 -1
13798 -1
13799 135
13801 60
13802 -1
13803 -1
13804 -1
13805 112
13806 -1
13807 157
13809 -1
13810 151
13811 47
13812 92
13813 106
13814 66
13815 131
13816 -1
13817 -1
13818 153
13819 -1
13820 -1
13821 -1
13822 158
13823 -1
13824 -1
13825 123
13826 157
13827 151
13828 -1
13829 -1
13830 -1
13831 125
13832 125
13833 125
13834 148
13835 29
13836 136
13837 -1
13838 128
13839 -1
13840 97
13841 157
13842 -1
13843 -1
13844 -1
13845 112
13846 -1
13847 -1
13849 105
13850 -1
13851 -1
13852 30
13853 121
13854 121
13855 -1
13858 -1
13859 -1
13860 -1
13861 118
13862 118
13863 157
13864 50
13865 50
13866 50
13867 50
13868 50
13869 50
13870 -1
13871 134
13872 134
13873 134
13874 -1
13877 162
13878 28
13879 -1
13880 157
13881 108
13882 158
13883 43
13884 -1
13885 133
13886 -1
13887 50
13888 82
13889 157
13890 158
13891 60
13892 60
13893 47
13894 -1
13895 -1
13896 157
13897 -1
13898 47
13899 -1
13900 -1
13901 -1
13902 -1
13903 50
13904 -1
13905 100
13906 162
13907 -1
13908 168
13909 108
13910 -1
13911 -1
13912 64
13913 -1
13914 -1
13915 -1
13916 -1
13917 -1
13922 -1
13923 173
13924 53
13925 148
13926 -1
13927 -1
13928 -1
13929 25
13930 82
13931 90
13932 131
13933 96
13934 125
13935 125
13937 -1
13938 -1
13939 -1
13940 136
13941 -1
13942 -1
13943 36
13944 157
13945 160
13946 -1
13947 82
13948 -1
13949 25
13950 131
13951 136
13952 -1
13953 -1
13954 -1
13956 -1
13957 -1
13958 -1
13959 60
13960 -1
13962 158
13963 117
13964 97
13965 135
13966 34
13967 168
13968 -1
13969 -1
13970 156
13971 64
13972 -1
13974 -1
13975 -1
13976 155
13977 -1
13978 148
13980 151
13981 29
13983 -1
13984 -1
13985 133
13987 155
13988 -1
13989 -1
13993 96
13994 121
13996 -1
13998 -1
13999 -1
14001 -1
14002 162
14005 125
14006 106
14007 136
14008 -1
14009 -1
14010 -1
14011 -1
14012 134
14013 134
14014 -1
14016 -1
14017 -1
14018 78
14019 -1
14020 121
14021 -1
14023 -1
14025 -1
14027 -1
14029 164
14030 117
14031 -1
14033 -1
14034 -1
14035 60
14036 134
14037 134
14038 156
14039 112
14040 -1
14041 112
14042 112
14048 157
14050 -1
14052 -1
14053 -1
14056 -1
14057 -1
14058 136
14059 136
14060 63
14062 63
14063 136
14064 173
14065 135
14066 -1
14067 -1
14068 25
14069 -1
14071 108
14072 154
14073 36
14074 -1
14075 -1
14076 -1
14077 92
14078 -1
14079 108
14080 -1
14082 -1
14083 -1
14085 125
14086 -1
14087 -1
14088 60
14089 25
14090 157
14091 136
14092 -1
14093 70
14094 70
14095 70
14096 -1
14097 -1
14098 70
14099 70
14100 -1
14101 -1
14102 -1
14103 20
14104 -1
14105 49
14106 125
14107 82
14108 29
14109 -1
14115 135
14116 135
14117 -1
14118 -1
14119 109
14120 -1
14121 172
14122 -1
14123 -1
14124 49
14125 49
14126 141
14127 125
14128 -1
14129 87
14130 125
14131 108
14132 157
14133 132
14134 61
14135 134
14136 134
14137 134
14138 -1
14141 123
14142 30
14143 109
14146 -1
14147 132
14148 109
14149 109
14150 157
14151 85
14152 85
14153 108
14154 -1
14156 132
14157 -1
14158 -1
14159 -1
14160 49
14161 -1
14162 166
14164 121
14165 90
14166 170
14167 170
14168 170
14170 -1
14171 -1
14172 170
14173 -1
14175 -1
14176 -1
14177 -1
14178 98
14179 98
14180 98
14181 98
14182 98
14185 98
14186 170
14187 170
14189 -1
14191 -1
14192 -1
14193 126
14194 -1
14195 148
14196 148
14197 -1
14198 158
14199 106
14200 133
14201 -1
14202 -1
14203 -1
14204 -1
14205 135
14206 -1
14207 -1
14208 -1
14209 -1
14210 25
14211 132
14212 -1
14213 -1
14214 92
14215 -1
14216 92
14217 -1
14218 97
14219 160
14220 -1
14222 160
14223 136
14224 136
14225 136
14226 136
14227 136
14228 47
14229 47
14230 -1
14231 -1
14232 -1
14233 125
14234 54
14235 -1
14236 19
14237 19
14238 19
14239 19
14240 19
14241 19
14242 19
14243 19
14244 -1
14245 -1
14246 134
14247 -1
14248 158
14249 157
14250 -1
14251 125
14252 125
14253 125
14254 121
14255 121
14256 121
14257 155
14258 -1
14259 -1
14260 157
14261 -1
14262 106
14263 135
14264 -1
14265 125
14268 -1
14269 -1
14270 125
14271 -1
14275 162
14276 -1
14277 125
14278 125
14281 158
14282 -1
14283 -1
14284 108
14287 -1
14288 160
14289 -1
14290 -1
14291 -1
14292 157
14293 26
14294 100
14295 80
14296 49
14298 158
14301 -1
14302 -1
14303 146
14304 19
14305 170
14306 121
14307 121
14308 -1
14310 53
14311 53
14312 -1
14313 -1
14314 60
14315 -1
14316 101
14317 101
14318 -1
14319 168
14320 92
14321 108
14323 136
14326 -1
14327 47
14328 -1
14329 157
14330 62
14331 -1
14334 -1
14335 -1
14336 -1
14337 -1
14343 153
14346 134
14347 134
14348 -1
14349 -1
14350 -1
14351 -1
14352 47
14353 19
14354 134
14355 135
14356 -1
14360 -1
14361 -1
14362 157
14363 -1
14365 -1
14367 31
14368 -1
14369 -1
14370 -1
14374 134
14375 134
14376 166
14377 135
14378 135
14379 66
14381 -1
14382 -1
14383 50
14384 -1
14385 -1
14386 21
14387 49
14388 157
14389 -1
14390 -1
14391 64
14392 -1
14393 162
14394 -1
14395 154
14396 -1
14397 -1
14398 -1
14399 -1
14400 -1
14402 19
14403 19
14404 157
14405 19
14406 19
14407 157
14408 -1
14409 -1
14410 -1
14411 -1
14412 135
14413 -1
14414 -1
14415 131
14416 96
14417 131
14418 -1
14419 169
14421 55
14422 108
14423 -1
14424 -1
14425 99
14426 99
14427 -1
14428 125
14431 -1
14433 -1
14435 121
14437 -1
14439 121
14440 121
14442 -1
14443 -1
14444 -1
14445 30
14446 163
14447 109
14448 -1
14449 -1
14450 117
14451 158
14452 -1
14453 -1
14454 -1
14455 -1
14456 -1
14457 -1
14458 -1
14459 -1
14460 163
14461 -1
14462 -1
14463 -1
14465 160
14466 118
14467 118
14468 136
14469 -1
14470 -1
14472 -1
14473 -1
14474 165
14475 157
14476 129
14477 -1
14481 -1
14483 -1
14484 -1
14485 -1
14486 134
14487 108
14488 -1
14489 145
14490 159
14491 136
14492 136
14493 136
14494 -1
14495 -1
14496 -1
14497 -1
14498 60
14499 19
14500 -1
14502 -1
14503 -1
14504 49
14505 55
14506 168
14507 -1
14508 -1
14511 58
14512 60
14513 -1
14515 -1
14516 151
14517 97
14518 -1
14519 -1
14520 -1
14521 19
14522 157
14525 135
14527 135
14528 -1
14529 168
14530 168
14533 -1
14534 -1
14537 101
14538 101
14540 -1
14543 -1
14545 -1
14546 87
14547 87
14549 121
14550 135
14551 118
14553 -1
14554 -1
14555 158
14556 92
14559 -1
14560 -1
14564 -1
14565 -1
14567 92
14568 92
14569 -1
14570 135
14571 135
14572 134
14573 -1
14574 134
14575 134
14576 134
14578 134
14579 -1
14580 -1
14581 134
14582 -1
14583 134
14586 158
14587 125
14588 125
14589 -1
14590 -1
14592 -1
14596 135
14598 -1
14599 92
14600 -1
14603 30
14605 -1
14606 -1
14607 -1
14611 143
14614 -1
14615 125
14617 -1
14618 124
14619 92
14620 136
14621 -1
14622 -1
14623 -1
14624 -1
14625 132
14627 -1
14629 -1
14632 135
14634 -1
14635 157
14638 47
14639 157
14640 -1
14641 -1
14642 -1
14643 168
14644 -1
14645 108
14646 -1
14647 -1
14648 -1
14649 -1
14650 -1
14651 19
14652 19
14653 -1
14654 -1
14655 -1
14656 -1
14657 157
14659 114
14661 157
14662 121
14663 -1
14664 19
14665 -1
14666 131
14667 108
14668 161
14670 -1
14671 -1
14672 -1
14675 141
14676 -1
14678 141
14685 53
14688 74
14689 -1
14691 -1
14692 -1
14693 -1
14694 -1
14695 -1
14696 -1
14697 -1
14698 25
14701 135
14702 108
14703 -1
14706 -1
14708 125
14709 125
14710 125
14711 -1
14712 -1
14713 -1
14714 92
14715 78
14717 -1
14718 -1
14719 -1
14720 -1
14721 92
14722 -1
14723 96
14724 94
14725 -1
14726 -1
14727 -1
14728 125
14729 129
14730 19
14731 173
14732 -1
14733 173
14734 88
14735 96
14736 34
14737 -1
14740 47
14741 -1
14742 157
14743 -1
14744 -1
14745 -1
14746 -1
14747 60
14748 25
14749 -1
14752 -1
14754 -1
14756 60
14757 -1
14758 -1
14759 158
14760 -1
14761 -1
14763 49
14764 -1
14765 19
14766 108
14767 121
14768 -1
14769 -1
14770 141
14771 -1
14772 49
14773 131
14774 26
14775 30
14777 -1
14779 -1
14780 136
14782 162
14783 120
14785 -1
14786 -1
14788 -1
14789 -1
14790 -1
14791 -1
14795 -1
14796 -1
14797 141
14798 -1
14799 19
14800 72
14801 125
14802 141
14803 56
14804 -1
14805 92
14807 -1
14808 -1
14809 -1
14810 -1
14811 -1
14812 173
14813 -1
14814 159
14815 -1
14816 -1
14817 -1
14818 -1
14819 -1
14820 -1
14821 -1
14822 141
14823 -1
14824 19
14827 47
14828 -1
14830 -1
14831 157
14832 113
14834 -1
14836 -1
14837 96
14838 131
14839 -1
14840 43
14841 -1
14842 -1
14843 -1
14844 -1
14845 165
14846 37
14847 -1
14848 -1
14849 37
14850 143
14851 143
14852 -1
14853 -1
14854 31
14857 -1
14858 108
14859 -1
14860 121
14861 -1
14863 158
14864 92
14865 -1
14866 -1
14867 129
14868 -1
14869 -1
14871 108
14872 -1
14874 -1
14875 -1
14876 143
14877 143
14878 -1
14879 -1
14880 -1
14881 -1
14882 171
14883 -1
14885 158
14886 97
14887 66
14888 170
14889 -1
14890 27
14891 -1
14892 -1
14893 60
14894 -1
14895 -1
14896 -1
14897 -1
14898 -1
14899 163
14900 -1
14901 -1
14902 19
14903 19
14904 -1
14905 25
14906 -1
14907 -1
14908 -1
14909 -1
14910 157
14911 -1
14912 132
14913 -1
14914 161
14915 -1
14916 144
14917 -1
14918 92
14919 60
14920 -1
14921 -1
14922 -1
14923 -1
14924 -1
14925 74
14926 -1
14927 61
14928 158
14929 -1
14930 47
14931 -1
14932 -1
14933 19
14934 -1
14935 -1
14936 71
14937 -1
14938 19
14939 19
14941 -1
14942 19
14943 -1
14946 -1
14947 82
14948 56
14949 66
14950 -1
14951 124
14957 -1
14958 -1
14959 -1
14960 -1
14961 -1
14962 157
14963 157
14965 -1
14966 88
14967 -1
14968 -1
14969 57
14970 142
14971 -1
14972 -1
14973 99
14974 99
14975 -1
14976 171
14977 171
14978 171
14979 171
14980 171
14981 171
14982 171
14983 171
14984 171
14985 171
14986 -1
14987 -1
14988 -1
14989 -1
14990 -1
14991 -1
14992 -1
14993 -1
14994 -1
14995 -1
14996 -1
14997 -1
14998 -1
14999 -1
15000 -1
15001 -1
15002 -1
15003 -1
15004 59
15005 -1
15006 -1
15007 -1
15008 -1
15009 -1
15010 -1
15011 71
15012 71
15014 -1
15015 71
15016 -1
15017 -1
15018 31
15019 -1
15020 -1
15021 -1
15022 -1
15023 60
15024 19
15025 -1
15026 30
15027 157
15028 157
15029 142
15030 -1
15031 -1
15032 19
15033 -1
15034 108
15035 -1
15036 60
15037 30
15038 82
15039 -1
15040 -1
15041 -1
15042 136
15043 82
15044 158
15045 162
15046 -1
15047 60
15048 -1
15049 -1
15051 -1
15052 108
15053 141
15054 -1
15055 141
15056 -1
15057 -1
15058 25
15059 25
15062 141
15063 132
15064 -1
15065 -1
15066 -1
15067 157
15068 126
15069 142
15070 -1
15071 -1
15072 157
15073 -1
15074 -1
15075 -1
15076 -1
15077 47
15078 47
15081 21
15082 21
15083 82
15084 42
15085 -1
15086 126
15087 -1
15088 -1
15089 66
15090 125
15091 126
15092 -1
15093 96
15094 81
15095 -1
15096 -1
15097 157
15098 -1
15099 -1
15102 -1
15103 66
15104 157
15105 61
15106 -1
15107 -1
15108 159
15110 106
15111 158
15112 25
15113 -1
15114 100
15117 131
15118 131
15119 -1
15120 71
15121 173
15122 173
15123 34
15124 -1
15125 34
15126 142
15127 114
15128 97
15129 97
15130 97
15133 -1
15134 -1
15135 -1
15136 -1
15138 -1
15139 -1
15140 146
15141 -1
15142 -1
15145 -1
15146 -1
15147 141
15148 19
15149 141
15150 29
15151 31
15152 133
15157 -1
15160 -1
15161 -1
15162 -1
15164 -1
15165 -1
15167 -1
15168 112
15169 -1
15170 -1
15171 -1
15172 -1
15173 -1
15174 -1
15175 -1
15176 -1
15177 -1
15178 -1
15179 -1
15180 -1
15181 126
15182 -1
15184 -1
15185 132
15186 -1
15187 125
15188 -1
15189 129
15190 134
15191 -1
15192 -1
15193 134
15194 134
15195 134
15197 134
15198 103
15199 -1
15200 134
15201 134
15203 48
15204 -1
15205 -1
15207 -1
15208 -1
15211 -1
15212 125
15213 -1
15214 -1
15215 -1
15216 -1
15217 -1
15218 -1
15219 -1
15220 -1
15221 -1
15222 60
15223 60
15224 28
15226 -1
15227 66
15228 60
15229 143
15230 134
15231 134
15232 134
15233 -1
15234 134
15235 -1
15236 157
15237 88
15238 18
15239 -1
15240 -1
15241 -1
15242 42
15243 -1
15244 71
15245 -1
15246 19
15247 -1
15248 71
15249 48
15250 -1
15251 -1
15252 82
15253 -1
15254 -1
15255 143
15257 160
15258 -1
15259 -1
15260 134
15261 -1
15262 38
15263 -1
15264 -1
15265 19
15266 -1
15267 -1
15268 -1
15269 -1
15270 -1
15271 -1
15273 -1
15274 -1
15275 42
15277 -1
15279 -1
15280 -1
15281 42
15282 -1
15283 -1
15285 71
15287 161
15288 161
15289 -1
15290 -1
15291 -1
15292 -1
15293 -1
15294 -1
15298 -1
15299 56
15301 -1
15302 -1
15303 -1
15304 -1
15305 42
15307 -1
15308 -1
15309 -1
15310 69
15311 -1
15312 -1
15313 -1
15314 157
15315 -1
15316 -1
15319 -1
15320 -1
15321 -1
15322 -1
15323 171
15324 171
15325 171
15326 -1
15327 171
15328 171
15331 138
15332 -1
15333 25
15334 -1
15335 -1
15336 -1
15337 -1
15338 71
15339 -1
15340 42
15342 42
15343 42
15344 -1
15345 71
15347 -1
15351 -1
15352 -1
15353 34
15354 25
15355 42
15356 99
15357 88
15359 125
15360 130
15361 -1
15362 153
15363 60
15364 163
15365 -1
15366 47
15367 -1
15368 60
15369 60
15370 158
15371 -1
15372 -1
15373 -1
15374 -1
15375 -1
15376 42
15377 -1
15379 42
15380 47
15382 42
15383 -1
15384 -1
15385 -1
15386 -1
15387 -1
15389 42
15390 -1
15391 -1
15392 -1
15393 158
15394 -1
15395 -1
15396 -1
15397 -1
15398 -1
15399 42
15400 -1
15401 -1
15402 -1
15403 -1
15404 42
15405 -1
15406 72
15407 -1
15408 -1
15411 -1
15412 168
15413 -1
15414 47
15415 96
15416 -1
15417 141
15418 -1
15419 108
15422 82
15426 60
15427 157
15428 -1
15429 -1
15430 173
15431 162
15432 -1
15434 -1
15435 -1
15436 -1
15437 -1
15438 -1
15439 -1
15440 71
15442 71
15443 71
15444 71
15446 -1
15447 63
15448 60
15449 159
15450 157
15451 132
15452 -1
15454 -1
15455 22
15456 -1
15457 74
15458 -1
15459 56
15460 168
15461 25
15462 124
15463 168
15464 173
15465 33
15466 -1
15467 -1
15468 -1
15469 168
15471 66
15472 66
15473 -1
15474 -1
15475 96
15478 -1
15479 60
15480 123
15481 -1
15482 49
15483 86
15484 148
15485 82
15486 -1
15487 160
15488 -1
15489 -1
15490 148
15491 141
15492 -1
15493 -1
15494 132
15495 -1
15496 -1
15497 -1
15498 -1
15499 -1
15500 163
15501 108
15503 62
15504 148
15506 155
15507 92
15508 30
15510 -1
15511 163
15512 34
15513 88
15514 158
15515 66
15516 131
15517 100
15518 19
15519 47
15520 -1
15521 64
15523 132
15524 -1
15525 108
15526 61
15527 60
15528 28
15529 108
15530 -1
15531 -1
15532 77
15533 -1
15534 -1
15535 160
15536 82
15537 -1
15538 163
15539 168
15540 108
15541 21
15542 -1
15543 38
15544 16
15545 -1
15546 -1
15547 100
15548 126
15549 -1
15550 -1
15551 123
15552 -1
15553 25
15554 -1
15557 69
15558 -1
15559 88
15561 19
15562 -1
15563 132
15564 124
15565 -1
15566 -1
15567 165
15568 108
15569 -1
15570 -1
15571 -1
15572 131
15573 123
15574 -1
15575 151
15576 -1
15577 60
15578 -1
15580 -1
15581 108
15583 60
15584 -1
15585 42
15586 -1
15587 42
15588 -1
15589 -1
15591 -1
15592 43
15593 60
15594 19
15595 124
15596 108
15597 43
15598 -1
15599 -1
15600 -1
15601 -1
15602 42
15603 -1
15604 -1
15605 -1
15606 -1
15607 -1
15608 -1
15609 -1
15610 105
15611 25
15612 -1
15613 -1
15614 42
15615 -1
15616 100
15617 -1
15618 108
15619 -1
15620 -1
15621 96
15622 -1
15624 105
15625 -1
15626 55
15627 66
15628 66
15629 -1
15630 -1
15631 19
15632 60
15633 -1
15634 -1
15635 -1
15637 -1
15638 -1
15639 -1
15640 -1
15641 -1
15642 -1
15643 -1
15644 150
15645 150
15648 87
15649 105
15650 125
15651 47
15652 96
15653 96
15654 96
15655 94
15656 157
15657 158
15658 -1
15659 -1
15660 54
15661 -1
15662 71
15663 71
15664 71
15665 71
15666 71
15667 71
15668 71
15669 71
15670 71
15671 71
15672 71
15673 71
15674 132
15675 -1
15676 -1
15677 -1
15678 -1
15679 -1
15680 83
15681 -1
15683 81
15684 19
15685 151
15686 59
15687 59
15688 59
15689 59
15690 59
15691 59
15692 59
15693 -1
15694 60
15696 -1
15697 -1
15698 -1
15699 65
15701 60
15702 125
15703 -1
15704 -1
15705 71
15706 -1
15707 -1
15720 65
15721 88
15722 34
15723 -1
15724 86
15725 86
15727 86
15728 86
15729 86
15730 86
15731 86
15732 47
15734 -1
15735 -1
15737 71
15738 71
15739 -1
15740 47
15741 -1
15742 170
15744 71
15745 170
15746 -1
15747 -1
15749 -1
15751 125
15752 150
15753 -1
15754 -1
15756 -1
15758 66
15759 25
15760 129
15761 -1
15762 -1
15763 -1
15764 19
15765 -1
15766 31
15767 -1
15768 148
15769 83
15770 -1
15771 -1
15772 166
15773 148
15774 163
15775 48
15776 -1
15777 -1
15778 71
15779 30
15780 66
15781 144
15783 -1
15784 132
15785 -1
15786 -1
15787 -1
15788 -1
15789 79
15790 -1
15791 25
15792 149
15793 -1
15794 60
15795 92
15796 82
15797 60
15798 -1
15800 -1
15801 -1
15802 60
15803 -1
15804 142
15805 142
15806 108
15807 132
15808 95
15809 79
15810 -1
15811 125
15812 133
15813 133
15814 -1
15815 -1
15816 48
15818 -1
15819 -1
15820 -1
15821 -1
15822 108
15823 -1
15824 48
15825 48
15826 -1
15827 48
15828 -1
15829 48
15830 -1
15831 28
15832 168
15833 131
15834 -1
15835 -1
15836 169
15837 -1
15838 133
15840 -1
15841 -1
15842 63
15843 42
15844 -1
15845 103
15846 82
15847 -1
15848 -1
15849 -1
15850 108
15851 -1
15852 -1
15853 74
15855 -1
15856 84
15857 84
15858 -1
15859 84
15860 86
15863 86
15866 43
15867 -1
15872 -1
15873 -1
15875 141
15876 141
15877 -1
15878 157
15879 -1
15880 -1
15881 -1
15882 -1
15883 -1
15884 87
15885 66
15888 96
15889 -1
15891 -1
15892 -1
15893 -1
15894 -1
15895 -1
15896 71
15901 85
15902 -1
15903 -1
15904 -1
15905 86
15906 -1
15907 -1
15908 -1
15909 -1
15910 -1
15911 42
15913 42
15914 42
15915 -1
15916 -1
15917 -1
15918 -1
15919 96
15920 96
15921 96
15922 125
15923 100
15924 -1
15925 19
15926 -1
15928 79
15930 168
15931 108
15932 132
15933 132
15934 132
15935 72
15936 -1
15937 142
15939 -1
15940 -1
15941 147
15942 -1
15943 -1
15944 -1
15945 -1
15946 -1
15947 -1
15948 25
15949 72
15950 -1
15952 -1
15953 88
15954 132
15955 47
15956 94
15957 43
15958 -1
15959 141
15960 -1
15961 123
15962 130
15963 -1
15964 96
15965 -1
15966 -1
15967 115
15968 100
15971 -1
15972 132
15973 -1
15974 107
15975 151
15976 132
15977 -1
15978 -1
15979 134
15980 -1
15981 29
15982 135
15984 -1
15988 108
15989 79
15990 -1
15991 -1
15992 -1
15993 -1
15994 -1
15995 -1
15997 -1
16000 157
16001 -1
16002 -1
16003 142
16004 69
16005 142
16006 49
16007 -1
16008 142
16009 -1
16010 -1
16011 -1
16012 -1
16013 69
16014 -1
16015 -1
16016 141
16017 -1
16018 142
16019 -1
16020 108
16021 89
16025 19
16026 -1
16027 88
16028 142
16029 92
16030 163
16031 96
16032 51
16033 92
16034 92
16035 -1
16036 132
16037 -1
16038 35
16039 -1
16040 -1
16041 -1
16042 19
16043 60
16044 -1
16045 89
16046 -1
16047 -1
16048 60
16049 26
16050 -1
16051 61
16052 -1
16053 -1
16054 100
16055 60
16056 -1
16057 72
16058 108
16059 173
16060 108
16061 -1
16062 -1
16063 126
16064 132
16065 -1
16066 -1
16067 -1
16068 -1
16070 -1
16071 -1
16072 -1
16073 -1
16074 117
16075 -1
16076 129
16077 88
16078 14
16079 18
16080 18
16082 18
16083 18
16084 14
16085 14
16086 14
16087 48
16088 48
16089 48
16090 14
16091 18
16092 18
16093 18
16094 18
16096 18
16097 18
16100 18
16101 18
16102 18
16103 18
16104 18
16106 14
16107 14
16108 14
16109 14
16110 14
16111 14
16112 14
16113 14
16114 14
16115 18
16116 18
16117 18
16118 18
16119 18
16120 18
16121 18
16122 48
16123 48
16124 48
16125 48
16126 48
16127 48
16128 48
16129 48
16130 48
16133 48
16134 48
16135 48
16138 18
16139 18
16140 18
16143 -1
16144 143
16145 -1
16146 143
16147 88
16148 62
16150 19
16151 -1
16152 -1
16155 100
16156 -1
16157 47
16158 173
16159 12
16162 130
16163 79
16164 143
16165 -1
16168 173
16170 68
16171 -1
16172 132
16173 49
16174 162
16175 -1
16176 157
16177 -1
16178 -1
16179 -1
16180 -1
16181 173
16182 -1
16183 99
16184 -1
16190 140
16191 141
16193 -1
16194 19
16197 83
16202 173
16203 134
16204 159
16205 8
16206 13
16207 -1
16208 -1
16209 -1
16210 -1
16211 -1
16212 42
16213 -1
16214 -1
16215 -1
16216 -1
16217 42
16218 157
16219 -1
16220 -1
16221 42
16222 42
16224 -1
16225 -1
16226 160
16227 157
16228 100
16229 -1
16230 100
16231 -1
16232 -1
16233 -1
16234 -1
16235 123
16236 47
16237 -1
16238 108
16239 143
16240 -1
16241 157
16242 -1
16243 60
16244 108
16245 173
16246 13
16247 168
16248 13
16249 -1
16251 10
16252 -1
16253 -1
16254 -1
16255 10
16256 82
16257 -1
16258 167
16259 -1
16260 30
16261 -1
16262 103
16263 156
16264 60
16265 157
16266 19
16267 157
16268 -1
16269 103
16270 -1
16271 -1
16272 -1
16273 130
16274 132
16275 -1
16276 -1
16277 78
16278 -1
16279 -1
16280 -1
16281 49
16282 -1
16283 -1
16284 83
16285 124
16286 -1
16287 83
16288 -1
16289 111
16290 -1
16291 114
16292 114
16293 114
16294 83
16295 173
16296 173
16297 170
16298 149
16299 -1
16300 147
16301 -1
16302 79
16303 114
16304 114
16305 115
16306 114
16307 114
16310 -1
16311 -1
16312 114
16313 -1
16314 81
16315 -1
16316 129
16317 114
16318 114
16319 13
16320 114
16321 -1
16322 131
16323 -1
16324 -1
16325 82
16326 168
16327 -1
16328 114
16329 -1
16330 -1
16331 -1
16332 -1
16333 -1
16334 134
16335 -1
16338 -1
16339 161
16340 138
16341 -1
16342 -1
16343 -1
16344 19
16345 25
16346 -1
16347 -1
16348 -1
16349 -1
16350 82
16351 94
16352 103
16353 -1
16354 -1
16355 162
16356 -1
16357 125
16358 -1
16359 -1
16360 108
16361 -1
16362 60
16363 -1
16364 -1
16365 -1
16366 82
16367 -1
16368 -1
16369 21
16370 131
16371 -1
16373 -1
16374 132
16375 -1
16376 -1
16377 79
16378 129
16379 132
16380 -1
16381 -1
16382 154
16383 127
16384 -1
16385 -1
16386 147
16389 -1
16390 -1
16391 -1
16392 158
16393 -1
16394 125
16395 -1
16396 158
16397 125
16398 -1
16399 -1
16400 -1
16401 -1
16402 -1
16403 146
16405 127
16407 135
16408 158
16409 158
16410 125
16411 168
16412 -1
16413 125
16414 -1
16415 -1
16416 112
16417 -1
16418 -1
16419 -1
16420 -1
16421 106
16422 -1
16423 -1
16424 -1
16425 -1
16426 -1
16427 -1
16428 79
16429 -1
16430 147
16431 158
16432 -1
16433 -1
16434 -1
16435 133
16436 147
16437 -1
16438 168
16439 147
16440 158
16441 158
16442 158
16443 158
16444 -1
16445 147
16446 147
16447 -1
16448 127
16449 130
16450 -1
16451 -1
16452 134
16453 -1
16454 145
16455 -1
16456 -1
16457 -1
16458 82
16459 -1
16460 45
16461 79
16462 -1
16463 45
16464 133
16465 133
16466 133
16467 135
16468 13
16469 147
16470 -1
16471 -1
16472 -1
16473 -1
16474 134
16475 -1
16476 -1
16477 -1
16478 -1
16479 -1
16480 134
16481 -1
16482 -1
16483 -1
16484 -1
16485 -1
16486 79
16487 -1
16488 112
16489 -1
16490 13
16491 -1
16492 -1
16493 -1
16494 -1
16495 -1
16496 -1
16497 158
16498 117
16499 -1
16500 151
16501 64
16502 -1
16503 133
16504 158
16505 144
16506 -1
16507 -1
16508 133
16509 151
16510 -1
16511 -1
16512 79
16513 79
16514 -1
16515 -1
16516 -1
16517 60
16518 148
16519 -1
16520 89
16521 -1
16522 10
16523 64
16524 133
16525 -1
16526 -1
16527 10
16528 19
16529 -1
16530 45
16531 -1
16532 -1
16533 -1
16534 -1
16535 -1
16536 10
16537 -1
16538 164
16539 -1
16540 -1
16541 133
16542 25
16543 133
16545 102
16546 25
16547 141
16548 133
16549 -1
16551 25
16552 111
16554 -1
16555 102
16557 169
16558 60
16559 83
16560 -1
16561 108
16562 9
16563 9
16564 9
16565 9
16566 9
16567 9
16568 9
16569 9
16570 9
16571 9
16572 9
16573 9
16574 9
16575 9
16576 9
16577 9
16578 9
16579 9
16580 9
16581 133
16582 10
16583 102
16584 25
16585 141
16586 133
16587 -1
16588 10
16589 10
16590 111
16591 10
16592 -1
16593 102
16594 10
16595 -1
16596 60
16597 83
16598 -1
16599 108
16600 -1
16601 158
16602 147
16603 -1
16604 135
16605 -1
16606 112
16607 133
16608 132
16609 -1
16610 165
16611 125
16612 -1
16613 -1
16614 82
16615 -1
16616 60
16617 33
16618 -1
16619 74
16620 -1
16621 55
16622 167
16623 101
16624 -1
16625 125
16626 25
16627 -1
16628 -1
16629 125
16630 147
16631 147
16632 127
16633 -1
16634 -1
16635 -1
16636 -1
16637 50
16638 -1
16639 -1
16640 148
16641 -1
16642 -1
16644 157
16645 -1
16646 -1
16647 135
16648 -1
16649 32
16650 58
16651 133
16652 -1
16653 -1
16654 -1
16655 -1
16656 -1
16657 -1
16658 -1
16659 147
16660 129
16661 129
16662 56
16663 -1
16664 56
16665 -1
16666 150
16667 150
16668 -1
16669 -1
16670 89
16671 47
16672 -1
16673 34
16674 173
16676 -1
16677 -1
16678 144
16679 19
16680 108
16682 159
16684 -1
16685 89
16686 47
16687 82
16688 89
16689 47
16690 -1
16691 34
16692 173
16693 -1
16694 34
16695 173
16696 144
16697 -1
16698 -1
16699 144
16700 -1
16701 -1
16702 144
16703 19
16705 144
16706 19
16708 140
16709 159
16710 -1
16711 88
16712 140
16713 159
16714 157
16715 88
16716 -1
16717 -1
16718 34
16719 34
16720 144
16721 115
16722 146
16723 79
16724 -1
16725 141
16726 -1
16727 60
16728 112
16729 -1
16730 125
16731 -1
16732 133
16733 158
16734 -1
16735 146
16736 -1
16737 60
16738 -1
16739 125
16740 -1
16741 133
16742 158
16743 -1
16744 146
16745 -1
16746 60
16747 -1
16748 -1
16749 125
16750 -1
16751 133
16752 158
16753 -1
16754 146
16755 -1
16756 -1
16757 60
16758 -1
16759 130
16760 10
16761 130
16762 130
16763 147
16764 113
16765 -1
16766 147
16767 113
16768 -1
16769 -1
16770 148
16771 132
16772 136
16773 -1
16774 125
16775 136
16776 9
16777 10
16778 86
16779 86
16780 -1
16781 135
16782 135
16783 60
16784 131
16785 135
16786 -1
16787 -1
16788 117
16789 -1
16790 -1
16791 133
16792 -1
16793 13
16794 13
16795 13
16796 13
16797 -1
16798 -1
16799 -1
16800 -1
16801 30
16802 -1
16803 156
16804 108
16805 60
16806 27
16807 147
16808 147
16809 147
16810 131
16811 62
16812 55
16813 120
16814 14
16815 30
16816 158
16817 -1
16818 156
16819 108
16820 -1
16821 -1
16822 -1
16823 -1
16824 -1
16825 146
16826 31
16827 -1
16828 -1
16829 19
16830 19
16831 134
16832 157
16833 30
16834 129
16835 -1
16836 -1
16837 56
16838 19
16839 -1
16840 -1
16841 147
16842 -1
16843 -1
16844 166
16845 166
16846 166
16847 68
16848 68
16849 68
16850 68
16851 68
16852 68
16853 68
16854 68
16855 68
16856 68
16857 68
16858 68
16859 68
16860 68
16861 68
16862 68
16863 68
16864 68
16865 68
16866 68
16867 68
16868 68
16869 68
16870 68
16871 68
16872 68
16873 68
16874 68
16875 68
16876 68
16877 68
16878 68
16879 68
16880 68
16881 68
16882 68
16883 68
16884 68
16885 68
16886 68
16887 68
16888 68
16889 68
16890 68
16891 68
16892 68
16893 68
16894 68
16895 68
16896 68
16897 68
16898 68
16899 68
16900 68
16901 68
16902 68
16903 68
16904 68
16905 68
16906 68
16907 68
16908 68
16909 68
16910 68
16911 68
16912 68
16913 68
16914 144
16915 19
16916 -1
16917 -1
16918 -1
16919 -1
16920 -1
16921 -1
16922 -1
16923 -1
16924 -1
16925 19
16926 82
16927 -1
16928 52
16929 -1
16930 52
16931 52
16932 -1
16933 52
16934 52
16935 52
16936 52
16937 52
16938 52
16939 52
16940 52
16941 52
16942 52
16943 52
16944 -1
16945 52
16946 -1
16947 52
16949 52
16951 52
16952 52
16953 52
16954 52
16955 52
16956 52
16957 52
16958 52
16959 52
16960 52
16961 52
16962 52
16963 52
16964 52
16965 -1
16966 52
16967 52
16968 53
16969 52
16970 52
16971 52
16972 52
16973 52
16974 52
16975 52
16976 52
16977 52
16978 52
16979 52
16980 9
16981 52
16982 52
16983 52
16984 52
16985 52
16986 52
16987 52
16988 52
16989 52
16990 52
16991 52
16992 52
16993 151
16994 10
16995 -1
16996 -1
16997 -1
16998 -1
16999 146
17000 36
17001 -1
17002 60
17003 10
17004 172
17005 10
17006 168
17007 25
17008 -1
17009 45
17010 -1
17011 -1
17012 18
17013 10
17014 118
17015 26
17016 162
17017 -1
17018 25
17019 154
17020 157
17021 -1
17022 158
17023 63
17024 158
17025 148
17026 -1
17027 -1
17028 -1
17029 -1
17030 -1
17031 -1
17032 -1
17033 -1
17034 -1
17035 64
17036 -1
17037 82
17038 79
17039 -1
17040 154
17041 -1
17042 147
17043 168
17044 -1
17045 91
17046 154
17047 95
17048 19
17049 -1
17050 147
17051 147
17052 158
17053 -1
17054 63
17055 -1
17056 147
17057 -1
17058 10
17059 -1
17060 -1
17061 89
17062 -1
17063 94
17064 87
17065 -1
17066 -1
17067 -1
17068 110
17069 110
17070 147
17071 127
17072 -1
17073 -1
17074 82
17075 -1
17076 60
17077 154
17078 -1
17079 25
17080 -1
17081 -1
17082 18
17083 -1
17084 96
17085 33
17086 -1
17087 33
17088 33
17089 -1
17090 -1
17091 125
17092 -1
17093 -1
17094 -1
17095 -1
17096 -1
17097 92
17098 113
17099 113
17100 140
17101 74
17102 -1
17103 125
17104 -1
17106 33
17107 150
17108 103
17109 147
17110 158
17111 158
17112 158
17113 74
17114 -1
17115 126
17116 -1
17117 145
17118 29
17119 30
17120 -1
17121 29
17122 118
17123 -1
17124 157
17125 -1
17126 108
17127 -1
17128 -1
17129 66
17132 -1
17133 173
17134 30
17135 -1
17136 -1
17137 163
17138 -1
17139 -1
17140 -1
17141 -1
17142 -1
17143 -1
17144 -1
17145 -1
17146 147
17147 -1
17148 -1
17149 -1
17150 -1
17151 -1
17152 -1
17153 -1
17154 -1
17155 -1
17156 119
17157 167
17158 -1
17159 148
17160 -1
17161 -1
17162 -1
17163 -1
17164 -1
17165 -1
17166 -1
17167 -1
17168 -1
17169 -1
17170 -1
17171 -1
17172 -1
17173 -1
17174 -1
17175 -1
17176 -1
17177 -1
17178 -1
17179 -1
17180 -1
17181 -1
17182 -1
17183 66
17184 66
17185 -1
17186 146
17187 151
17188 -1
17189 66
17190 125
17191 -1
17192 -1
17193 -1
17194 -1
17195 -1
17196 -1
17197 -1
17198 147
17199 147
17200 -1
17201 -1
17202 24
17203 24
17204 24
17205 24
17206 24
17207 24
17208 24
17209 24
17210 24
17211 24
17212 24
17213 24
17214 24
17215 24
17216 24
17217 24
17218 24
17219 24
17220 24
17221 24
17222 24
17223 24
17224 24
17225 24
17226 35
17227 35
17228 36
17229 -1
17230 -1
17231 147
17232 147
17233 -1
17234 82
17235 64
17236 131
17237 168
17238 -1
17239 -1
17240 -1
17241 51
17242 158
17243 65
17244 -1
17245 -1
17246 10
17247 -1
17248 -1
17249 129
17250 13
17251 66
17252 10
17253 163
17254 163
17255 173
17256 -1
17257 -1
17258 87
17259 87
17260 87
17261 -1
17262 -1
17263 -1
17264 133
17265 -1
17266 106
17267 -1
17268 -1
17269 160
17270 124
17271 -1
17272 82
17273 -1
17274 84
17275 84
17276 84
17277 82
17278 -1
17279 165
17280 33
17281 66
17282 -1
17283 147
17284 125
17286 112
17287 -1
17288 10
17289 133
17290 -1
17291 -1
17292 -1
17293 -1
17294 -1
17295 -1
17296 84
17297 84
17298 158
17299 -1
17300 29
17301 -1
17302 146
17303 -1
17304 160
17305 47
17306 118
17307 -1
17308 108
17309 -1
17310 -1
17311 -1
17312 -1
17313 -1
17314 -1
17315 -1
17316 -1
17317 -1
17318 8
17319 173
17320 -1
17321 66
17322 -1
17323 -1
17324 108
17325 -1
17326 -1
17327 141
17328 -1
17329 19
17330 -1
17331 125
17332 25
17333 -1
17334 -1
17335 135
17336 -1
17337 -1
17338 -1
17339 135
17340 125
17341 172
17342 -1
17343 108
17344 8
17345 -1
17346 -1
17347 -1
17348 140
17349 60
17350 18
17351 31
17352 29
17353 146
17354 -1
17355 -1
17356 -1
17357 151
17358 19
17359 89
17360 19
17361 84
17362 94
17363 -1
17364 125
17365 147
17366 -1
17367 -1
17368 147
17369 173
17370 134
17371 8
17372 91
17373 91
17374 -1
17375 94
17376 -1
17377 147
17378 8
17379 8
17380 133
17381 -1
17382 135
17383 79
17384 8
17385 8
17386 8
17387 8
17388 8
17389 8
17390 8
17391 8
17392 8
17393 8
17394 8
17395 8
17396 8
17397 8
17398 8
17399 8
17400 8
17401 8
17402 8
17403 8
17404 8
17405 8
17406 8
17407 8
17408 8
17409 8
17410 8
17411 8
17412 8
17413 8
17414 8
17415 8
17416 8
17417 8
17418 8
17419 8
17420 8
17421 8
17422 8
17423 8
17424 8
17425 8
17426 8
17427 8
17428 8
17429 8
17430 8
17431 8
17432 8
17433 8
17434 8
17435 8
17436 -1
17437 -1
17438 132
17439 -1
17440 133
17441 147
17442 -1
17443 -1
17444 -1
17445 125
17446 8
17447 8
17448 8
17449 8
17450 8
17451 8
17452 -1
17453 -1
17454 -1
17455 -1
17456 26
17457 94
17458 -1
17459 -1
17460 160
17461 -1
17462 -1
17463 108
17464 132
17465 63
17466 -1
17467 -1
17468 147
17469 147
17470 -1
17471 -1
17472 125
17473 147
17474 147
17475 -1
17476 -1
17477 -1
17478 58
17479 -1
17480 125
17481 58
17482 58
17483 58
17484 58
17485 58
17486 58
17487 58
17488 58
17489 147
17490 147
17491 -1
17492 -1
17493 -1
17494 -1
17495 158
17496 -1
17497 -1
17499 156
17500 127
17501 134
17502 134
17503 -1
17504 -1
17505 -1
17506 170
17507 -1
17508 -1
17509 -1
17510 -1
17511 -1
17512 -1
17513 -1
17514 158
17515 -1
17516 147
17517 -1
17518 133
17519 147
17520 125
17521 -1
17522 84
17523 147
17524 -1
17526 147
17527 64
17528 168
17529 -1
17530 -1
17531 -1
17532 -1
17534 -1
17535 -1
17538 -1
17539 143
17542 -1
17543 -1
17544 -1
17545 143
17546 66
17547 -1
17548 -1
17549 -1
17550 -1
17551 143
17552 66
17554 -1
17556 -1
17557 -1
17558 -1
17559 47
17560 -1
17561 147
17562 125
17563 -1
17564 150
17565 74
17566 -1
17567 -1
17568 -1
17569 -1
17570 -1
17571 -1
17572 -1
17576 60
17577 -1
17578 19
17579 -1
17580 -1
17581 81
17582 -1
17583 30
17584 -1
17585 100
17586 -1
17587 -1
17589 13
17591 147
17593 -1
17594 125
17595 -1
17596 -1
17597 -1
17599 154
17601 147
17602 10
17603 158
17604 -1
17605 -1
17606 168
17607 125
17608 168
17609 167
17610 -1
17611 147
17612 133
17613 133
17614 25
17615 147
17617 84
17618 135
17619 82
17620 102
17621 10
17623 147
17624 147
17625 147
17628 135
17629 33
17631 33
17632 59
17633 -1
17634 74
17635 -1
17636 145
17637 145
17638 -1
17639 108
17640 -1
17641 -1
17642 90
17643 163
17645 47
17646 -1
17647 -1
17648 -1
17649 -1
17650 10
17651 -1
17652 10
17653 123
17655 -1
17656 -1
17657 -1
17659 10
17660 25
17661 105
17662 111
17663 147
17664 -1
17665 89
17666 -1
17667 60
17668 -1
17669 -1
17673 -1
17674 -1
17675 19
17676 -1
17677 111
17678 47
17679 -1
17680 -1
17681 120
17682 -1
17683 -1
17684 -1
17685 -1
17686 -1
17687 -1
17688 62
17689 -1
17690 -1
17691 53
17692 -1
17693 25
17694 60
17695 63
17696 66
17697 10
17698 -1
17699 -1
17700 -1
17701 160
17702 -1
17703 111
17704 -1
17705 35
17706 -1
17707 10
17708 -1
17709 159
17710 -1
17711 -1
17712 -1
17713 -1
17714 147
17715 135
17716 120
17717 -1
17718 -1
17721 -1
17722 120
17723 -1
17724 84
17725 58
17726 58
17727 -1
17728 146
17729 -1
17730 37
17732 172
17733 149
17734 -1
17735 -1
17736 -1
17737 -1
17738 134
17740 150
17741 95
17742 141
17743 147
17744 147
17745 147
17746 31
17747 82
17748 -1
17749 130
17750 -1
17751 134
17752 -1
17753 -1
17755 -1
17757 10
17758 10
17759 159
17760 18
17761 10
17762 18
17763 18
17764 -1
17765 -1
17766 -1
17767 8
17768 8
17769 -1
17770 8
17772 152
17773 152
17774 -1
17775 -1
17777 -1
17778 -1
17779 -1
17780 108
17781 -1
17782 89
17789 138
17790 -1
17791 -1
17792 147
17793 -1
17794 125
17795 133
17796 138
17797 -1
17799 152
17800 152
17801 152
17802 152
17803 -1
17804 152
17805 152
17806 152
17807 -1
17810 -1
17811 157
17813 35
17814 -1
17815 133
17816 173
17820 -1
17821 167
17822 -1
17823 -1
17824 -1
17825 -1
17826 -1
17827 163
17829 -1
17830 -1
17831 147
17832 -1
17833 -1
17834 -1
17835 -1
17836 148
17837 152
17838 -1
17839 -1
17840 147
17841 -1
17842 -1
17844 89
17845 -1
17846 -1
17847 -1
17848 60
17849 -1
17852 -1
17853 -1
17854 -1
17855 147
17856 19
17857 -1
17858 108
17859 47
17860 -1
17861 -1
17862 -1
17863 60
17864 -1
17865 104
17866 104
17867 87
17868 63
17869 104
17870 104
17871 104
17872 104
17873 109
17874 109
17875 84
17876 84
17877 84
17878 84
17879 63
17881 125
17882 -1
17884 13
17886 125
17887 125
17888 -1
17889 -1
17890 13
17892 -1
17893 125
17894 130
17895 -1
17896 147
17897 29
17898 -1
17899 125
17900 -1
17901 -1
17902 146
17903 -1
17904 147
17905 148
17906 146
17907 -1
17908 -1
17909 125
17910 107
17911 56
17912 -1
17913 -1
17914 18
17915 120
17916 -1
17917 -1
17918 -1
17919 19
17920 108
17921 173
17922 145
17923 125
17924 147
17925 -1
17926 -1
17927 64
17928 -1
17929 -1
17930 147
17932 84
17933 56
17934 56
17935 121
17936 82
17937 84
17938 84
17939 84
17940 84
17941 84
17942 -1
17943 84
17944 84
17945 84
17948 152
17949 152
17950 12
17951 12
17952 146
17954 167
17955 158
17956 152
17957 159
17959 20
17960 12
17961 152
17962 -1
17963 -1
17964 147
17965 152
17966 24
17967 24
17968 -1
17970 10
17971 -1
17972 48
17973 -1
17974 33
17975 10
17977 -1
17978 10
17979 74
17980 111
17981 111
17982 10
17983 -1
17984 169
17985 108
17986 -1
17987 108
17988 10
17989 -1
17990 144
17991 129
17992 95
17994 33
17995 -1
17997 -1
17998 -1
17999 147
18001 125
18002 -1
18003 63
18004 -1
18005 -1
18006 169
18007 74
18008 144
18009 58
18010 169
18011 169
18012 169
18013 169
18014 169
18015 -1
18016 -1
18017 -1
18018 -1
18019 -1
18020 169
18021 169
18022 169
18023 169
18024 169
18025 169
18026 -1
18027 -1
18028 -1
18029 169
18030 -1
18031 -1
18032 -1
18033 147
18034 63
18035 -1
18036 125
18037 -1
18038 -1
18039 -1
18040 -1
18041 -1
18042 -1
18043 60
18044 -1
18045 -1
18046 145
18047 136
18048 19
18049 -1
18050 66
18051 -1
18052 8
18053 31
18054 141
18055 25
18056 25
18058 1
18059 1
18060 100
18061 100
18062 -1
18063 -1
18064 10
18065 10
18066 -1
18067 -1
18068 108
18069 108
18070 -1
18071 132
18072 147
18073 -1
18074 -1
18075 150
18076 150
18077 49
18078 18
18079 -1
18080 131
18081 -1
18082 -1
18084 131
18085 -1
18087 -1
18089 84
18090 84
18093 -1
18094 -1
18095 30
18096 84
18097 84
18098 84
18099 84
18100 84
18101 84
18102 84
18103 84
18104 84
18105 25
18106 19
18107 -1
18108 134
18109 60
18110 60
18111 -1
18112 10
18113 134
18114 -1
18115 82
18116 -1
18118 -1
18119 147
18120 147
18121 -1
18122 -1
18123 -1
18124 -1
18125 60
18126 108
18127 108
18128 108
18129 -1
18130 -1
18131 152
18132 84
18133 -1
18134 152
18135 152
18136 152
18137 152
18138 152
18139 152
18140 152
18141 147
18142 -1
18143 147
18144 10
18145 10
18146 -1
18147 -1
18148 69
18149 -1
18150 125
18151 125
18152 147
18153 -1
18154 -1
18155 -1
18156 -1
18157 -1
18158 -1
18159 -1
18160 74
18161 129
18162 -1
18163 -1
18164 -1
18165 135
18166 108
18167 19
18168 -1
18169 147
18170 -1
18171 -1
18172 -1
18173 -1
18174 -1
18175 -1
18176 -1
18177 66
18178 13
18179 -1
18180 -1
18184 -1
18186 147
18187 135
18188 125
18189 131
18190 -1
18191 173
18192 108
18193 36
18194 -1
18195 -1
18196 -1
18197 -1
18198 10
18199 82
18200 -1
18201 -1
18202 95
18203 94
18204 94
18205 147
18206 27
18207 -1
18208 -1
18209 -1
18210 84
18211 84
18212 13
18213 82
18214 147
18217 -1
18219 89
18220 89
18221 89
18222 86
18224 159
18225 -1
18226 131
18227 -1
18228 -1
18229 113
18230 -1
18231 -1
18232 -1
18233 -1
18234 113
18235 63
18236 -1
18237 -1
18238 -1
18239 -1
18240 111
18243 111
18244 13
18245 64
18246 159
18247 -1
18248 -1
18249 19
18250 -1
18251 132
18252 132
18253 132
18254 -1
18255 147
18256 125
18257 -1
18258 -1
18259 135
18260 125
18261 -1
18262 -1
18263 147
18264 -1
18265 125
18266 146
18267 64
18268 147
18269 -1
18270 -1
18271 146
18272 125
18273 146
18274 135
18275 -1
18277 147
18278 -1
18281 -1
18282 147
18283 -1
18284 13
18285 -1
18286 -1
18287 148
18288 -1
18289 169
18290 169
18291 72
18292 -1
18293 -1
18294 -1
18295 147
18297 147
18298 -1
18299 -1
18300 -1
18302 -1
18303 125
18306 13
18307 13
18309 127
18310 10
18311 10
18312 -1
18313 13
18314 -1
18315 -1
18316 -1
18317 -1
18319 127
18321 10
18323 -1
18324 -1
18325 -1
18326 -1
18328 125
18329 -1
18330 127
18331 147
18332 -1
18333 -1
18334 -1
18335 125
18337 125
18338 -1
18339 125
18340 -1
18346 -1
18348 47
18349 125
18350 47
18352 -1
18358 -1
18359 -1
18360 -1
18361 -1
18362 148
18368 -1
18369 -1
18370 -1
18371 125
18372 147
18373 -1
18374 -1
18375 -1
18376 -1
18377 -1
18378 -1
18379 125
18380 -1
18381 -1
18382 -1
18383 -1
18384 -1
18385 -1
18386 10
18387 10
18388 10
18389 10
18390 10
18391 10
18392 10
18393 10
18394 10
18395 10
18396 10
18397 10
18398 10
18399 10
18400 10
18401 10
18402 10
18403 10
18404 10
18405 10
18406 10
18407 10
18408 10
18409 10
18410 10
18411 10
18412 68
18413 10
18414 -1
18415 10
18416 148
18417 -1
18418 108
18419 108
18420 -1
18421 10
18422 -1
18423 162
18424 -1
18425 -1
18426 -1
18427 142
18428 132
18429 18
18430 -1
18431 159
18432 -1
18433 -1
18434 -1
18436 -1
18437 -1
18438 -1
18439 52
18440 147
18442 153
18443 147
18444 -1
18445 53
18446 -1
18447 147
18448 125
18449 -1
18450 -1
18451 125
18452 125
18453 -1
18454 53
18456 -1
18457 84
18458 84
18459 84
18461 147
18462 147
18464 135
18465 10
18467 147
18468 -1
18469 159
18470 132
18471 -1
18472 140
18473 82
18474 147
18475 -1
18476 -1
18477 -1
18479 82
18480 -1
18481 -1
18483 -1
18484 -1
18485 -1
18486 -1
18487 10
18488 -1
18489 104
18490 147
18491 84
18492 -1
18493 147
18495 147
18496 -1
18497 147
18498 -1
18499 -1
18500 147
18502 -1
18503 -1
18504 -1
18505 -1
18521 147
18522 147
18523 47
18524 147
18525 -1
18526 -1
18527 125
18528 -1
18529 133
18530 -1
18531 135
18532 -1
18533 -1
18534 -1
18535 -1
18536 127
18537 -1
18540 84
18541 84
18542 -1
18543 -1
18544 169
18546 25
18548 19
18550 -1
18551 -1
18553 -1
18554 -1
18556 -1
18559 -1
18561 162
18565 142
18568 -1
18591 -1
18592 159
18593 162
18594 -1
18595 -1
18596 -1
18597 142
18598 -1
18599 108
18600 -1
18601 159
18602 -1
18603 -1
18604 -1
18605 -1
18606 104
18607 18
18608 132
18609 148
18610 68
18611 -1
18612 132
18615 -1
18617 -1
18618 -1
18619 -1
18620 132
18621 108
18622 -1
18623 125
18624 -1
18625 147
18627 147
18629 -1
18630 127
18631 147
18633 -1
18634 126
18636 147
18637 146
18638 146
18639 -1
18640 -1
18641 56
18642 -1
18643 -1
18644 -1
18645 -1
18646 135
18647 135
18648 127
18649 -1
18650 -1
18651 60
18652 147
18653 60
18654 125
18655 125
18656 125
18657 125
18658 -1
18659 -1
18660 -1
18661 127
18662 125
18663 120
18664 -1
18665 -1
18666 79
18667 86
18668 19
18669 104
18670 25
18671 -1
18672 -1
18673 173
18674 58
18675 33
18676 84
18678 163
18679 55
18680 62
18681 132
18682 -1
18683 19
18684 108
18685 25
18686 25
18687 135
18688 -1
18689 -1
18690 141
18691 -1
18692 -1
18693 -1
18694 -1
18695 74
18696 -1
18697 108
18698 74
18699 -1
18700 -1
18701 125
18702 125
18703 -1
18704 125
18705 -1
18706 -1
18707 -1
18708 -1
18709 -1
18710 125
18711 133
18712 -1
18713 -1
18714 -1
18715 125
18716 -1
18718 125
18719 147
18720 19
18721 -1
18722 -1
18723 -1
18724 116
18725 18
18726 -1
18727 -1
18728 148
18729 -1
18730 -1
18731 -1
18732 63
18733 147
18734 -1
18736 125
18737 134
18740 -1
18741 -1
18742 -1
18743 -1
18744 147
18745 125
18749 125
18750 -1
18751 -1
18752 -1
18753 -1
18754 127
18755 -1
18756 56
18757 -1
18764 -1
18765 147
18766 147
18767 -1
18768 147
18769 -1
18770 127
18771 127
18772 -1
18773 135
18774 135
18775 -1
18776 150
18777 -1
18778 132
18779 -1
18780 -1
18781 147
18782 -1
18783 -1
18784 134
18785 134
18786 134
18787 133
18788 -1
18789 -1
18790 -1
18791 -1
18792 -1
18794 150
18796 -1
18797 -1
18798 -1
18799 -1
18802 -1
18803 -1
18804 -1
18818 147
18819 -1
18820 132
18821 -1
18822 -1
18823 -1
18824 -1
18825 -1
18826 127
18827 -1
18828 125
18829 -1
18830 161
18831 135
18832 124
18833 147
18834 135
18865 135
18866 135
18921 96
18922 96
18924 -1
18925 147
18927 -1
18929 -1
18930 165
18933 127
18935 147
18936 147
18937 154
18938 -1
18939 -1
18940 -1
18941 -1
18942 -1
18943 -1
18944 159
18945 -1
18946 89
18947 108
18952 163
18953 47
18954 -1
18955 125
18956 -1
18957 19
18958 -1
18959 -1
18960 125
18961 147
18962 -1
18963 -1
18964 133
18965 125
18966 -1
18967 133
18968 125
18971 -1
18972 -1
18973 -1
18975 -1
18977 141
18978 58
18980 78
18983 125
18990 -1
18991 125
18992 -1
18993 162
18994 125
18995 162
18996 -1
18997 -1
18998 -1
18999 108
19000 125
19001 74
19002 -1
19003 -1
19004 74
19005 -1
19006 125
19007 125
19008 -1
19009 125
19010 125
19011 108
19012 108
19013 -1
19014 125
19015 108
19016 -1
19017 -1
19018 108
19019 -1
19020 125
19021 125
19022 125
19023 -1
19024 125
19025 74
19026 125
19027 94
19028 136
19029 125
19030 125
19031 -1
19032 125
19033 108
19034 125
19035 125
19036 125
19037 -1
19038 -1
19039 -1
19040 -1
19041 125
19042 108
19043 108
19044 74
19045 -1
19046 125
19047 125
19048 -1
19049 -1
19050 60
19051 -1
19052 -1
19053 125
19054 145
19055 -1
19056 108
19058 -1
19061 -1
19063 135
19065 -1
19066 -1
19067 -1
19068 -1
19070 60
19071 -1
19072 -1
19073 -1
19074 74
19075 74
19076 -1
19077 -1
19078 151
19080 129
19081 129
19082 129
19083 129
19084 129
19085 129
19086 135
19090 19
19093 19
19094 19
19097 82
19098 -1
19099 -1
19100 -1
19101 -1
19102 119
19104 119
19105 119
19106 119
19107 119
19108 119
19109 119
19110 -1
19111 119
19112 119
19113 119
19114 119
19115 119
19116 119
19117 119
19118 119
19119 119
19120 -1
19121 119
19122 -1
19123 119
19124 -1
19127 119
19129 119
19132 119
19133 119
19134 119
19137 -1
19141 119
19142 119
19143 -1
19144 173
19145 89
19146 -1
19147 147
19148 147
19149 -1
19150 127
19151 127
19152 160
19153 -1
19154 -1
19155 -1
19156 116
19157 -1
19158 125
19159 160
19160 -1
19161 142
19162 142
19163 -1
19164 -1
19165 119
19166 119
19167 119
19168 119
19169 119
19170 119
19171 119
19172 119
19173 119
19174 119
19175 119
19176 119
19177 119
19178 119
19179 119
19180 119
19181 -1
19182 119
19183 119
19184 -1
19185 119
19186 119
19187 -1
19188 119
19190 119
19191 119
19192 119
19197 119
19200 -1
19204 119
19206 119
19208 119
19210 34
19211 34
19212 -1
19214 -1
19215 89
19216 -1
19217 115
19219 -1
19222 -1
19223 -1
19224 89
19225 89
19226 89
19227 172
19228 125
19229 19
19230 -1
19231 163
19232 -1
19233 127
19234 96
19235 87
19236 18
19237 18
19238 58
19239 142
19241 33
19242 152
19245 -1
19246 150
19247 150
19248 -1
19249 63
19251 147
19254 129
19255 -1
19256 -1
19257 147
19258 -1
19259 -1
19260 89
19261 147
19262 173
19263 -1
19265 -1
19266 -1
19267 147
19268 -1
19270 -1
19271 -1
19272 -1
19273 -1
19274 -1
19275 -1
19285 147
19286 132
19287 -1
19288 -1
19289 132
19291 133
19292 29
19293 -1
